<?xml version="1.0" encoding="utf-8"?>
<testsuites>
	<testcase name="capsule_hash_test: canonical snapshot yields a deterministic immutable capsule" time="0.002682" classname="test" file="C:\dev\insight\Epistemic-Foundry\packages\context-capsule\src\capsule-hash.test.mjs"/>
	<testcase name="capsule_hash_test: set-like input ordering cannot change capsule bytes or hash" time="0.000527" classname="test" file="C:\dev\insight\Epistemic-Foundry\packages\context-capsule\src\capsule-hash.test.mjs"/>
	<testcase name="capsule_hash_test: capsule and summary hashes bind exact canonical content" time="0.000776" classname="test" file="C:\dev\insight\Epistemic-Foundry\packages\context-capsule\src\capsule-hash.test.mjs"/>
	<testcase name="capsule_hash_test: emitted capsule validates against the canonical Draft 2020-12 schema" time="0.245224" classname="test" file="C:\dev\insight\Epistemic-Foundry\packages\context-capsule\src\capsule-hash.test.mjs"/>
	<testcase name="capsule_hash_test: every included artifact requires one bound nonblank summary" time="0.000523" classname="test" file="C:\dev\insight\Epistemic-Foundry\packages\context-capsule\src\capsule-hash.test.mjs"/>
	<testcase name="capsule_hash_test: exclusions are explicit and cannot smuggle content" time="0.000313" classname="test" file="C:\dev\insight\Epistemic-Foundry\packages\context-capsule\src\capsule-hash.test.mjs"/>
	<testcase name="capsule_hash_test: duplicate or conflicting dispositions fail closed" time="0.000817" classname="test" file="C:\dev\insight\Epistemic-Foundry\packages\context-capsule\src\capsule-hash.test.mjs"/>
	<testcase name="capsule_hash_test: prose-only, purposeless, invalid-hash and invalid-phase input is refused" time="0.000226" classname="test" file="C:\dev\insight\Epistemic-Foundry\packages\context-capsule\src\capsule-hash.test.mjs"/>
	<testcase name="capsule_hash_test: capsule or summary tamper is detected before reuse" time="0.000434" classname="test" file="C:\dev\insight\Epistemic-Foundry\packages\context-capsule\src\capsule-hash.test.mjs"/>
	<testcase name="capsule_hash_test: hostile and noncanonical object input fails without invoking accessors" time="0.000241" classname="test" file="C:\dev\insight\Epistemic-Foundry\packages\context-capsule\src\capsule-hash.test.mjs"/>
	<testcase name="capsule_hash_test: null expiry is recordable but an inverted window is not" time="0.000275" classname="test" file="C:\dev\insight\Epistemic-Foundry\packages\context-capsule\src\capsule-hash.test.mjs"/>
	<testcase name="stale_capsule_test: intact capsule matching current canonical state is fresh" time="0.002878" classname="test" file="C:\dev\insight\Epistemic-Foundry\packages\context-capsule\src\stale-capsule.test.mjs"/>
	<testcase name="stale_capsule_test: missing expiry and expired capsule fail closed" time="0.001437" classname="test" file="C:\dev\insight\Epistemic-Foundry\packages\context-capsule\src\stale-capsule.test.mjs"/>
	<testcase name="stale_capsule_test: future-created capsule is not yet valid" time="0.000438" classname="test" file="C:\dev\insight\Epistemic-Foundry\packages\context-capsule\src\stale-capsule.test.mjs"/>
	<testcase name="stale_capsule_test: session and phase drift require reconstruction" time="0.001135" classname="test" file="C:\dev\insight\Epistemic-Foundry\packages\context-capsule\src\stale-capsule.test.mjs"/>
	<testcase name="stale_capsule_test: RunSpec and policy drift require reconstruction" time="0.000556" classname="test" file="C:\dev\insight\Epistemic-Foundry\packages\context-capsule\src\stale-capsule.test.mjs"/>
	<testcase name="stale_capsule_test: changed or missing included artifacts are stale" time="0.000852" classname="test" file="C:\dev\insight\Epistemic-Foundry\packages\context-capsule\src\stale-capsule.test.mjs"/>
	<testcase name="stale_capsule_test: newly visible artifact cannot be silently omitted" time="0.000375" classname="test" file="C:\dev\insight\Epistemic-Foundry\packages\context-capsule\src\stale-capsule.test.mjs"/>
	<testcase name="stale_capsule_test: excluded artifact absence does not resurrect it" time="0.000517" classname="test" file="C:\dev\insight\Epistemic-Foundry\packages\context-capsule\src\stale-capsule.test.mjs"/>
	<testcase name="stale_capsule_test: capsule tamper is rejected before freshness decisions" time="0.000405" classname="test" file="C:\dev\insight\Epistemic-Foundry\packages\context-capsule\src\stale-capsule.test.mjs"/>
	<testcase name="stale_capsule_test: hostile current-state input fails closed" time="0.001055" classname="test" file="C:\dev\insight\Epistemic-Foundry\packages\context-capsule\src\stale-capsule.test.mjs"/>
	<testcase name="artifact_hash_test: exact bytes address an opaque artifact and resolving receipt" time="0.060147" classname="test" file="C:\dev\insight\Epistemic-Foundry\packages\foundry-kernel\src\artifacts\artifact-hash.test.mjs"/>
	<testcase name="artifact_hash_test: empty bytes have a real content address" time="0.020618" classname="test" file="C:\dev\insight\Epistemic-Foundry\packages\foundry-kernel\src\artifacts\artifact-hash.test.mjs"/>
	<testcase name="artifact_hash_test: artifact ID satisfies the manifest/receipt schema intersection" time="0.054120" classname="test" file="C:\dev\insight\Epistemic-Foundry\packages\foundry-kernel\src\artifacts\artifact-hash.test.mjs"/>
	<testcase name="artifact_hash_test: emitted manifest and receipt pass canonical Draft 2020-12 schemas" time="0.262878" classname="test" file="C:\dev\insight\Epistemic-Foundry\packages\foundry-kernel\src\artifacts\artifact-hash.test.mjs"/>
	<testcase name="artifact_hash_test: identical registration and receipt replay is idempotent" time="0.025934" classname="test" file="C:\dev\insight\Epistemic-Foundry\packages\foundry-kernel\src\artifacts\artifact-hash.test.mjs"/>
	<testcase name="artifact_hash_test: one byte object supports multiple artifacts and receipts" time="0.072642" classname="test" file="C:\dev\insight\Epistemic-Foundry\packages\foundry-kernel\src\artifacts\artifact-hash.test.mjs"/>
	<testcase name="artifact_hash_test: artifact ID cannot be rebound to different bytes" time="0.025764" classname="test" file="C:\dev\insight\Epistemic-Foundry\packages\foundry-kernel\src\artifacts\artifact-hash.test.mjs"/>
	<testcase name="artifact_hash_test: receipt ID cannot be rebound" time="0.022186" classname="test" file="C:\dev\insight\Epistemic-Foundry\packages\foundry-kernel\src\artifacts\artifact-hash.test.mjs"/>
	<testcase name="artifact_hash_test: immutable artifact metadata cannot be overwritten" time="0.023018" classname="test" file="C:\dev\insight\Epistemic-Foundry\packages\foundry-kernel\src\artifacts\artifact-hash.test.mjs"/>
	<testcase name="artifact_hash_test: distinct byte sequences never alias" time="0.045138" classname="test" file="C:\dev\insight\Epistemic-Foundry\packages\foundry-kernel\src\artifacts\artifact-hash.test.mjs"/>
	<testcase name="artifact_hash_test: hostile metadata and byte views fail before accessors run" time="0.002405" classname="test" file="C:\dev\insight\Epistemic-Foundry\packages\foundry-kernel\src\artifacts\artifact-hash.test.mjs"/>
	<testcase name="artifact_hash_test: canonical metadata validation is strict and non-mutating" time="0.021123" classname="test" file="C:\dev\insight\Epistemic-Foundry\packages\foundry-kernel\src\artifacts\artifact-hash.test.mjs"/>
	<testcase name="artifact_hash_test: exact content tamper enters SAFE_MODE and denies reuse" time="0.020038" classname="test" file="C:\dev\insight\Epistemic-Foundry\packages\foundry-kernel\src\artifacts\artifact-hash.test.mjs"/>
	<testcase name="artifact_hash_test: noncanonical manifest and receipt tamper fail closed" time="0.039795" classname="test" file="C:\dev\insight\Epistemic-Foundry\packages\foundry-kernel\src\artifacts\artifact-hash.test.mjs"/>
	<testcase name="artifact_hash_test: hard-linked record file is rejected" time="0.019879" classname="test" file="C:\dev\insight\Epistemic-Foundry\packages\foundry-kernel\src\artifacts\artifact-hash.test.mjs"/>
	<testcase name="artifact_hash_test: linked root is never accepted as canonical authority" time="0.001712" classname="test" file="C:\dev\insight\Epistemic-Foundry\packages\foundry-kernel\src\artifacts\artifact-hash.test.mjs"/>
	<testcase name="artifact_hash_test: unexpected tree entries fail integrity and mutation admission" time="0.002846" classname="test" file="C:\dev\insight\Epistemic-Foundry\packages\foundry-kernel\src\artifacts\artifact-hash.test.mjs"/>
	<testcase name="artifact_hash_test: content references are strict while opaque IDs cannot traverse" time="0.002417" classname="test" file="C:\dev\insight\Epistemic-Foundry\packages\foundry-kernel\src\artifacts\artifact-hash.test.mjs"/>
	<testcase name="artifact_hash_test: replacing the root after open is detected by identity" time="0.002865" classname="test" file="C:\dev\insight\Epistemic-Foundry\packages\foundry-kernel\src\artifacts\artifact-hash.test.mjs"/>
	<testcase name="artifact_hash_test: public surface has no deletion or overwrite operation" time="0.001680" classname="test" file="C:\dev\insight\Epistemic-Foundry\packages\foundry-kernel\src\artifacts\artifact-hash.test.mjs"/>
	<testcase name="artifact_hash_test: duplicate artifact IDs copied across objects fail closed" time="0.049263" classname="test" file="C:\dev\insight\Epistemic-Foundry\packages\foundry-kernel\src\artifacts\artifact-hash.test.mjs"/>
	<testcase name="orphan_receipt_test: registrations without content fail closed" time="0.027528" classname="test" file="C:\dev\insight\Epistemic-Foundry\packages\foundry-kernel\src\artifacts\orphan-receipt.test.mjs"/>
	<testcase name="orphan_receipt_test: receipts without manifest fail closed" time="0.022599" classname="test" file="C:\dev\insight\Epistemic-Foundry\packages\foundry-kernel\src\artifacts\orphan-receipt.test.mjs"/>
	<testcase name="orphan_receipt_test: bytes and manifest without receipt are incomplete" time="0.023370" classname="test" file="C:\dev\insight\Epistemic-Foundry\packages\foundry-kernel\src\artifacts\orphan-receipt.test.mjs"/>
	<testcase name="orphan_receipt_test: receipt pointing at another artifact cannot resolve" time="0.102136" classname="test" file="C:\dev\insight\Epistemic-Foundry\packages\foundry-kernel\src\artifacts\orphan-receipt.test.mjs"/>
	<testcase name="orphan_receipt_test: copied manifest cannot relabel addressed bytes" time="0.047558" classname="test" file="C:\dev\insight\Epistemic-Foundry\packages\foundry-kernel\src\artifacts\orphan-receipt.test.mjs"/>
	<testcase name="orphan_receipt_test: uncommitted staging material is never canonical" time="0.004283" classname="test" file="C:\dev\insight\Epistemic-Foundry\packages\foundry-kernel\src\artifacts\orphan-receipt.test.mjs"/>
	<testcase name="orphan_receipt_test: malformed or linked staging entry blocks open" time="0.006423" classname="test" file="C:\dev\insight\Epistemic-Foundry\packages\foundry-kernel\src\artifacts\orphan-receipt.test.mjs"/>
	<testcase name="orphan_receipt_test: mutation scans unrelated corruption before publishing" time="0.019892" classname="test" file="C:\dev\insight\Epistemic-Foundry\packages\foundry-kernel\src\artifacts\orphan-receipt.test.mjs"/>
	<testcase name="orphan_receipt_test: reopening a corrupt tree fails closed before read" time="0.019015" classname="test" file="C:\dev\insight\Epistemic-Foundry\packages\foundry-kernel\src\artifacts\orphan-receipt.test.mjs"/>
	<testcase name="orphan_receipt_test: unknown files at every canonical layer are rejected" time="0.063933" classname="test" file="C:\dev\insight\Epistemic-Foundry\packages\foundry-kernel\src\artifacts\orphan-receipt.test.mjs"/>
	<testcase name="orphan_receipt_test: moved record cannot remain addressable under old digest" time="0.021349" classname="test" file="C:\dev\insight\Epistemic-Foundry\packages\foundry-kernel\src\artifacts\orphan-receipt.test.mjs"/>
	<testcase name="orphan_receipt_test: concurrent identical publishers converge" time="0.075931" classname="test" file="C:\dev\insight\Epistemic-Foundry\packages\foundry-kernel\src\artifacts\orphan-receipt.test.mjs"/>
	<testcase name="orphan_receipt_test: concurrent distinct registrations share one object" time="0.089536" classname="test" file="C:\dev\insight\Epistemic-Foundry\packages\foundry-kernel\src\artifacts\orphan-receipt.test.mjs"/>
	<testcase name="orphan_receipt_test: concurrent readers tolerate transient staging and lock handoff" time="17.178808" classname="test" file="C:\dev\insight\Epistemic-Foundry\packages\foundry-kernel\src\artifacts\orphan-receipt.test.mjs"/>
	<testcase name="orphan_receipt_test: disappearing Windows mutation lock EPERM is a bounded handoff" time="0.041168" classname="test" file="C:\dev\insight\Epistemic-Foundry\packages\foundry-kernel\src\artifacts\orphan-receipt.test.mjs"/>
	<testcase name="orphan_receipt_test: persistent Windows mutation lock EPERM fails closed" time="0.156889" classname="test" file="C:\dev\insight\Epistemic-Foundry\packages\foundry-kernel\src\artifacts\orphan-receipt.test.mjs"/>
	<testcase name="orphan_receipt_test: complete record copied under wrong address is rejected" time="0.035477" classname="test" file="C:\dev\insight\Epistemic-Foundry\packages\foundry-kernel\src\artifacts\orphan-receipt.test.mjs"/>
	<testcase name="orphan_receipt_test: hard-linked manifest and receipt are rejected" time="0.061494" classname="test" file="C:\dev\insight\Epistemic-Foundry\packages\foundry-kernel\src\artifacts\orphan-receipt.test.mjs"/>
	<testcase name="orphan_receipt_test: same artifact may retain multiple resolving receipts" time="0.062750" classname="test" file="C:\dev\insight\Epistemic-Foundry\packages\foundry-kernel\src\artifacts\orphan-receipt.test.mjs"/>
	<testcase name="fencing_test: newer overlapping lease makes the old fencing token stale" time="0.191696" classname="test" file="C:\dev\insight\Epistemic-Foundry\packages\foundry-kernel\src\capabilities\fencing.test.mjs"/>
	<testcase name="fencing_test: replacing one scope invalidates the whole multi-scope lease" time="0.115770" classname="test" file="C:\dev\insight\Epistemic-Foundry\packages\foundry-kernel\src\capabilities\fencing.test.mjs"/>
	<testcase name="fencing_test: failed callback rolls back result, lease-use, and event outbox" time="0.115596" classname="test" file="C:\dev\insight\Epistemic-Foundry\packages\foundry-kernel\src\capabilities\fencing.test.mjs"/>
	<testcase name="fencing_test: operation retry is idempotent and does not rerun callback" time="0.113421" classname="test" file="C:\dev\insight\Epistemic-Foundry\packages\foundry-kernel\src\capabilities\fencing.test.mjs"/>
	<testcase name="fencing_test: approval role is server-derived and client assertion is rejected" time="0.324265" classname="test" file="C:\dev\insight\Epistemic-Foundry\packages\foundry-kernel\src\capabilities\fencing.test.mjs"/>
	<testcase name="fencing_test: exact approval retry returns its immutable result after expiry" time="0.066109" classname="test" file="C:\dev\insight\Epistemic-Foundry\packages\foundry-kernel\src\capabilities\fencing.test.mjs"/>
	<testcase name="fencing_test: self-approval is a non-waivable denial" time="0.024814" classname="test" file="C:\dev\insight\Epistemic-Foundry\packages\foundry-kernel\src\capabilities\fencing.test.mjs"/>
	<testcase name="fencing_test: promotion commit lease fails without approval and passes with exact approval" time="0.172147" classname="test" file="C:\dev\insight\Epistemic-Foundry\packages\foundry-kernel\src\capabilities\fencing.test.mjs"/>
	<testcase name="fencing_test: candidate/model/backend policy cannot grant privileged authority" time="0.000432" classname="test" file="C:\dev\insight\Epistemic-Foundry\packages\foundry-kernel\src\capabilities\fencing.test.mjs"/>
	<testcase name="fencing_test: forged lease fields or hash cannot reach the mutation callback" time="0.065172" classname="test" file="C:\dev\insight\Epistemic-Foundry\packages\foundry-kernel\src\capabilities\fencing.test.mjs"/>
	<testcase name="fencing_test: callback cannot access authority-private scope-head state" time="0.109526" classname="test" file="C:\dev\insight\Epistemic-Foundry\packages\foundry-kernel\src\capabilities\fencing.test.mjs"/>
	<testcase name="fencing_test: async callback is denied and its pre-await mutation rolls back" time="0.067033" classname="test" file="C:\dev\insight\Epistemic-Foundry\packages\foundry-kernel\src\capabilities\fencing.test.mjs"/>
	<testcase name="fencing_test: lease use and revocation are bound to the sealed run" time="0.070719" classname="test" file="C:\dev\insight\Epistemic-Foundry\packages\foundry-kernel\src\capabilities\fencing.test.mjs"/>
	<testcase name="fencing_test: approval authority role without approval:issue capability is denied" time="0.021167" classname="test" file="C:\dev\insight\Epistemic-Foundry\packages\foundry-kernel\src\capabilities\fencing.test.mjs"/>
	<testcase name="fencing_test: later REVOKE head invalidates an earlier APPROVE-bound lease" time="0.236666" classname="test" file="C:\dev\insight\Epistemic-Foundry\packages\foundry-kernel\src\capabilities\fencing.test.mjs"/>
	<testcase name="fencing_test: approval head rejects clock regression and rolls back the proposed record" time="0.069243" classname="test" file="C:\dev\insight\Epistemic-Foundry\packages\foundry-kernel\src\capabilities\fencing.test.mjs"/>
	<testcase name="fencing_test: approval head rejects distinct decisions at the same instant" time="0.064678" classname="test" file="C:\dev\insight\Epistemic-Foundry\packages\foundry-kernel\src\capabilities\fencing.test.mjs"/>
	<testcase name="fencing_test: committed state survives E01 outage and reconciles exactly once" time="0.077716" classname="test" file="C:\dev\insight\Epistemic-Foundry\packages\foundry-kernel\src\capabilities\fencing.test.mjs"/>
	<testcase name="fencing_test: same PolicyBundle hash with a different capability projection is rejected" time="0.060486" classname="test" file="C:\dev\insight\Epistemic-Foundry\packages\foundry-kernel\src\capabilities\fencing.test.mjs"/>
	<testcase name="lease_expiry_test: issued leases are canonical, scoped, expiring, and schema-valid" time="0.325865" classname="test" file="C:\dev\insight\Epistemic-Foundry\packages\foundry-kernel\src\capabilities\lease-expiry.test.mjs"/>
	<testcase name="lease_expiry_test: active lease checks and result persistence share one transaction" time="0.113651" classname="test" file="C:\dev\insight\Epistemic-Foundry\packages\foundry-kernel\src\capabilities\lease-expiry.test.mjs"/>
	<testcase name="lease_expiry_test: expiry boundary rejects commit without invoking or persisting callback" time="0.110252" classname="test" file="C:\dev\insight\Epistemic-Foundry\packages\foundry-kernel\src\capabilities\lease-expiry.test.mjs"/>
	<testcase name="lease_expiry_test: a clock before issued_at rejects a not-yet-valid lease" time="0.064992" classname="test" file="C:\dev\insight\Epistemic-Foundry\packages\foundry-kernel\src\capabilities\lease-expiry.test.mjs"/>
	<testcase name="lease_expiry_test: issue rejects zero or negative lifetime before state mutation" time="0.022216" classname="test" file="C:\dev\insight\Epistemic-Foundry\packages\foundry-kernel\src\capabilities\lease-expiry.test.mjs"/>
	<testcase name="lease_expiry_test: policy changes invalidate an otherwise unexpired lease" time="0.066760" classname="test" file="C:\dev\insight\Epistemic-Foundry\packages\foundry-kernel\src\capabilities\lease-expiry.test.mjs"/>
	<testcase name="lease_expiry_test: revocation is explicit and prevents later commits" time="0.111348" classname="test" file="C:\dev\insight\Epistemic-Foundry\packages\foundry-kernel\src\capabilities\lease-expiry.test.mjs"/>
	<testcase name="lease_expiry_test: exact lease issuance retry returns the first logical lease" time="0.058377" classname="test" file="C:\dev\insight\Epistemic-Foundry\packages\foundry-kernel\src\capabilities\lease-expiry.test.mjs"/>
	<testcase name="lease_expiry_test: expiry after callback rolls back the protected mutation" time="0.062552" classname="test" file="C:\dev\insight\Epistemic-Foundry\packages\foundry-kernel\src\capabilities\lease-expiry.test.mjs"/>
	<testcase name="lease_expiry_test: authority clock regression during commit fails closed" time="0.062647" classname="test" file="C:\dev\insight\Epistemic-Foundry\packages\foundry-kernel\src\capabilities\lease-expiry.test.mjs"/>
	<testcase name="lease_expiry_test: lease issuance is bound to declared subject run and scope" time="0.021063" classname="test" file="C:\dev\insight\Epistemic-Foundry\packages\foundry-kernel\src\capabilities\lease-expiry.test.mjs"/>
	<testcase name="effect_reconciliation_test: UNKNOWN blocks retry until an observed reconciliation resolves it" time="0.721410" classname="test" file="C:\dev\insight\Epistemic-Foundry\packages\foundry-kernel\src\effects\effect-reconciliation.test.mjs"/>
	<testcase name="effect_reconciliation_test: crash before receipt is unresolved, not narrated failure or success" time="0.388202" classname="test" file="C:\dev\insight\Epistemic-Foundry\packages\foundry-kernel\src\effects\effect-reconciliation.test.mjs"/>
	<testcase name="effect_reconciliation_test: executor narration cannot replace an evidence-bound EffectReceipt" time="0.237203" classname="test" file="C:\dev\insight\Epistemic-Foundry\packages\foundry-kernel\src\effects\effect-reconciliation.test.mjs"/>
	<testcase name="effect_reconciliation_test: a durable receipt missing its ledger event is not completion" time="0.637818" classname="test" file="C:\dev\insight\Epistemic-Foundry\packages\foundry-kernel\src\effects\effect-reconciliation.test.mjs"/>
	<testcase name="effect_reconciliation_test: receipt mutation and cross-intent binding fail closed" time="0.277774" classname="test" file="C:\dev\insight\Epistemic-Foundry\packages\foundry-kernel\src\effects\effect-reconciliation.test.mjs"/>
	<testcase name="effect_reconciliation_test: attempt chronology cannot precede intent or prior reconciliation" time="0.299396" classname="test" file="C:\dev\insight\Epistemic-Foundry\packages\foundry-kernel\src\effects\effect-reconciliation.test.mjs"/>
	<testcase name="effect_reconciliation_test: an attempt event crash blocks receipt creation until exact replay repairs it" time="0.285038" classname="test" file="C:\dev\insight\Epistemic-Foundry\packages\foundry-kernel\src\effects\effect-reconciliation.test.mjs"/>
	<testcase name="effect_reconciliation_test: reconciliation retains external operation identity" time="0.412699" classname="test" file="C:\dev\insight\Epistemic-Foundry\packages\foundry-kernel\src\effects\effect-reconciliation.test.mjs"/>
	<testcase name="effect_reconciliation_test: crash after ledger append requires durable confirmation replay" time="0.440522" classname="test" file="C:\dev\insight\Epistemic-Foundry\packages\foundry-kernel\src\effects\effect-reconciliation.test.mjs"/>
	<testcase name="effect_reconciliation_test: emitted ActionIntent and EffectReceipt pass canonical schemas" time="0.584787" classname="test" file="C:\dev\insight\Epistemic-Foundry\packages\foundry-kernel\src\effects\effect-reconciliation.test.mjs"/>
	<testcase name="idempotency_test: same key and same canonical intent replays one logical registration" time="0.132380" classname="test" file="C:\dev\insight\Epistemic-Foundry\packages\foundry-kernel\src\effects\idempotency.test.mjs"/>
	<testcase name="idempotency_test: same key with a different canonical request is a conflict" time="0.128082" classname="test" file="C:\dev\insight\Epistemic-Foundry\packages\foundry-kernel\src\effects\idempotency.test.mjs"/>
	<testcase name="idempotency_test: an intent ID cannot be rebound under a different key" time="0.119752" classname="test" file="C:\dev\insight\Epistemic-Foundry\packages\foundry-kernel\src\effects\idempotency.test.mjs"/>
	<testcase name="idempotency_test: retrying one attempt never grants a second execution" time="0.232896" classname="test" file="C:\dev\insight\Epistemic-Foundry\packages\foundry-kernel\src\effects\idempotency.test.mjs"/>
	<testcase name="idempotency_test: retrying one receipt returns the existing logical result" time="0.519393" classname="test" file="C:\dev\insight\Epistemic-Foundry\packages\foundry-kernel\src\effects\idempotency.test.mjs"/>
	<testcase name="idempotency_test: attempt and receipt IDs are immutable identities" time="0.542115" classname="test" file="C:\dev\insight\Epistemic-Foundry\packages\foundry-kernel\src\effects\idempotency.test.mjs"/>
	<testcase name="idempotency_test: hashes reject mutation, accessors, and hostile coercion" time="0.044344" classname="test" file="C:\dev\insight\Epistemic-Foundry\packages\foundry-kernel\src\effects\idempotency.test.mjs"/>
	<testcase name="idempotency_test: immutable older attempt and receipt replays remain idempotent" time="0.976347" classname="test" file="C:\dev\insight\Epistemic-Foundry\packages\foundry-kernel\src\effects\idempotency.test.mjs"/>
	<testcase name="idempotency_test: concurrent same-attempt callers grant execution once" time="0.339068" classname="test" file="C:\dev\insight\Epistemic-Foundry\packages\foundry-kernel\src\effects\idempotency.test.mjs"/>
	<testcase name="classification committer: commit, retry, replay, reclassification, and override preserve immutable identity" time="0.418630" classname="test" file="C:\dev\insight\Epistemic-Foundry\packages\foundry-kernel\src\forge\classifier\classification-committer.test.mjs"/>
	<testcase name="classification committer: same idempotency key with a changed preimage fails closed" time="0.072031" classname="test" file="C:\dev\insight\Epistemic-Foundry\packages\foundry-kernel\src\forge\classifier\classification-committer.test.mjs"/>
	<testcase name="classification committer: same-revision lowering and stale override are rejected without mutation" time="0.112282" classname="test" file="C:\dev\insight\Epistemic-Foundry\packages\foundry-kernel\src\forge\classifier\classification-committer.test.mjs"/>
	<testcase name="classification committer: only a resolved canonical HumanDecision can authorize override" time="0.198867" classname="test" file="C:\dev\insight\Epistemic-Foundry\packages\foundry-kernel\src\forge\classifier\classification-committer.test.mjs"/>
	<testcase name="classification committer: non-correct or non-human decisions cannot authorize override" time="0.164646" classname="test" file="C:\dev\insight\Epistemic-Foundry\packages\foundry-kernel\src\forge\classifier\classification-committer.test.mjs"/>
	<testsuite name="classifier_adversarial_test: all 16 fixed attacks fail closed or preserve the exact projection" time="0.301274" disabled="0" errors="0" tests="16" failures="0" skipped="0" hostname="Moon">
		<testcase name="A01_USER_DEMANDS_E0" time="0.002190" classname="test" file="C:\dev\insight\Epistemic-Foundry\packages\foundry-kernel\src\forge\classifier\classifier-adversarial.test.mjs"/>
		<testcase name="A02_PROMPT_INJECTION_IN_SOURCE" time="0.000350" classname="test" file="C:\dev\insight\Epistemic-Foundry\packages\foundry-kernel\src\forge\classifier\classifier-adversarial.test.mjs"/>
		<testcase name="A03_LLM_OMITS_HARD_SIGNAL" time="0.000459" classname="test" file="C:\dev\insight\Epistemic-Foundry\packages\foundry-kernel\src\forge\classifier\classifier-adversarial.test.mjs"/>
		<testcase name="A04_LLM_PROPOSES_UNKNOWN_SIGNAL" time="0.000340" classname="test" file="C:\dev\insight\Epistemic-Foundry\packages\foundry-kernel\src\forge\classifier\classifier-adversarial.test.mjs"/>
		<testcase name="A05_UNSUPPORTED_LLM_PROPOSAL" time="0.000329" classname="test" file="C:\dev\insight\Epistemic-Foundry\packages\foundry-kernel\src\forge\classifier\classifier-adversarial.test.mjs"/>
		<testcase name="A06_SIGNAL_ORDER_PERMUTATION" time="0.001915" classname="test" file="C:\dev\insight\Epistemic-Foundry\packages\foundry-kernel\src\forge\classifier\classifier-adversarial.test.mjs"/>
		<testcase name="A07_DUPLICATE_SIGNALS" time="0.000430" classname="test" file="C:\dev\insight\Epistemic-Foundry\packages\foundry-kernel\src\forge\classifier\classifier-adversarial.test.mjs"/>
		<testcase name="A08_MONOTONIC_ADDITION" time="0.000710" classname="test" file="C:\dev\insight\Epistemic-Foundry\packages\foundry-kernel\src\forge\classifier\classifier-adversarial.test.mjs"/>
		<testcase name="A09_OVERRIDE_LOWERING" time="0.001012" classname="test" file="C:\dev\insight\Epistemic-Foundry\packages\foundry-kernel\src\forge\classifier\classifier-adversarial.test.mjs"/>
		<testcase name="A10_OVERRIDE_RAISE" time="0.212325" classname="test" file="C:\dev\insight\Epistemic-Foundry\packages\foundry-kernel\src\forge\classifier\classifier-adversarial.test.mjs"/>
		<testcase name="A11_RESULT_ENVELOPE_ONLY" time="0.000267" classname="test" file="C:\dev\insight\Epistemic-Foundry\packages\foundry-kernel\src\forge\classifier\classifier-adversarial.test.mjs"/>
		<testcase name="A12_CAPABILITY_ALIAS" time="0.000141" classname="test" file="C:\dev\insight\Epistemic-Foundry\packages\foundry-kernel\src\forge\classifier\classifier-adversarial.test.mjs"/>
		<testcase name="A13_RETRY_IDENTITY" time="0.064619" classname="test" file="C:\dev\insight\Epistemic-Foundry\packages\foundry-kernel\src\forge\classifier\classifier-adversarial.test.mjs"/>
		<testcase name="A14_HASH_SELF_FIELD_MUTATION" time="0.000315" classname="test" file="C:\dev\insight\Epistemic-Foundry\packages\foundry-kernel\src\forge\classifier\classifier-adversarial.test.mjs"/>
		<testcase name="A15_AMBIGUITY_REMOVAL_SAME_REVISION" time="0.000277" classname="test" file="C:\dev\insight\Epistemic-Foundry\packages\foundry-kernel\src\forge\classifier\classifier-adversarial.test.mjs"/>
		<testcase name="A16_LLM_DIRECT_CLASS_OUTPUT" time="0.000206" classname="test" file="C:\dev\insight\Epistemic-Foundry\packages\foundry-kernel\src\forge\classifier\classifier-adversarial.test.mjs"/>
	</testsuite>
	<testcase name="classifier authority guards reject a forged request hash and any non-frozen version" time="0.000194" classname="test" file="C:\dev\insight\Epistemic-Foundry\packages\foundry-kernel\src\forge\classifier\classifier-adversarial.test.mjs"/>
	<testcase name="classifier_gold_test: all 14 fixed cases have exact deterministic projections" time="0.005713" classname="test" file="C:\dev\insight\Epistemic-Foundry\packages\foundry-kernel\src\forge\classifier\classifier-gold.test.mjs"/>
	<testcase name="classifier_gold_test: input ordering and duplicate signals do not change identity" time="0.000432" classname="test" file="C:\dev\insight\Epistemic-Foundry\packages\foundry-kernel\src\forge\classifier\classifier-gold.test.mjs"/>
	<testcase name="classifier_hash_vector_test: every frozen preimage has the exact SHA-256 and ID" time="0.001562" classname="test" file="C:\dev\insight\Epistemic-Foundry\packages\foundry-kernel\src\forge\classifier\classifier-hash-vector.test.mjs"/>
	<testcase name="classifier_hash_vector_test: volatile and self fields are outside the semantic preimage" time="0.000167" classname="test" file="C:\dev\insight\Epistemic-Foundry\packages\foundry-kernel\src\forge\classifier\classifier-hash-vector.test.mjs"/>
	<testcase name="classifier_immutable_override_test: every fixed override is upward-only and immutable" time="0.004598" classname="test" file="C:\dev\insight\Epistemic-Foundry\packages\foundry-kernel\src\forge\classifier\classifier-override.test.mjs"/>
	<testcase name="underprocessing_guard: all 1023 non-empty subsets use the exact maximum floor" time="0.107370" classname="test" file="C:\dev\insight\Epistemic-Foundry\packages\foundry-kernel\src\forge\classifier\underprocessing-guard.test.mjs"/>
	<testcase name="underprocessing_guard: every non-empty subset-to-superset pair preserves protection" time="0.123194" classname="test" file="C:\dev\insight\Epistemic-Foundry\packages\foundry-kernel\src\forge\classifier\underprocessing-guard.test.mjs"/>
	<testcase name="underprocessing_guard: empty input injects sticky AMBIGUOUS and cannot lose Interview" time="0.000957" classname="test" file="C:\dev\insight\Epistemic-Foundry\packages\foundry-kernel\src\forge\classifier\underprocessing-guard.test.mjs"/>
	<testcase name="underprocessing_guard: trusted unknown signals fail input validation" time="0.000394" classname="test" file="C:\dev\insight\Epistemic-Foundry\packages\foundry-kernel\src\forge\classifier\underprocessing-guard.test.mjs"/>
	<testcase name="underprocessing_guard: any class, gate, Interview, role, or phase regression fails" time="0.000394" classname="test" file="C:\dev\insight\Epistemic-Foundry\packages\foundry-kernel\src\forge\classifier\underprocessing-guard.test.mjs"/>
	<testcase name="fsm_property_test: every phase pair matches the exact class-specific FORGE graph" time="0.004160" classname="test" file="C:\dev\insight\Epistemic-Foundry\packages\foundry-kernel\src\forge\fsm\fsm-property.test.mjs"/>
	<testcase name="fsm_property_test: F01 exact projection drives forward edges and cannot be weakened" time="0.001179" classname="test" file="C:\dev\insight\Epistemic-Foundry\packages\foundry-kernel\src\forge\fsm\fsm-property.test.mjs"/>
	<testcase name="fsm_property_test: reducer is immutable, revision-bound, and hash deterministic" time="0.002851" classname="test" file="C:\dev\insight\Epistemic-Foundry\packages\foundry-kernel\src\forge\fsm\fsm-property.test.mjs"/>
	<testcase name="fsm_property_test: sealed inputs fail closed and transition identity binds semantic inputs" time="0.004159" classname="test" file="C:\dev\insight\Epistemic-Foundry\packages\foundry-kernel\src\forge\fsm\fsm-property.test.mjs"/>
	<testcase name="fsm_property_test: stale revision, wrong from phase, and illegal edges make no state" time="0.001230" classname="test" file="C:\dev\insight\Epistemic-Foundry\packages\foundry-kernel\src\forge\fsm\fsm-property.test.mjs"/>
	<testcase name="fsm_property_test: E closes to completed IDLE and completed sessions cannot restart" time="0.000956" classname="test" file="C:\dev\insight\Epistemic-Foundry\packages\foundry-kernel\src\forge\fsm\fsm-property.test.mjs"/>
	<testcase name="fsm_property_test: strict event replay reproduces the direct reducer chain" time="0.002626" classname="test" file="C:\dev\insight\Epistemic-Foundry\packages\foundry-kernel\src\forge\fsm\fsm-property.test.mjs"/>
	<testcase name="fsm_property_test: empty replay still verifies every sealed initial input" time="0.002189" classname="test" file="C:\dev\insight\Epistemic-Foundry\packages\foundry-kernel\src\forge\fsm\fsm-property.test.mjs"/>
	<testcase name="stale_propagation_test: G to O stales target and every downstream projection" time="0.007487" classname="test" file="C:\dev\insight\Epistemic-Foundry\packages\foundry-kernel\src\forge\fsm\stale-propagation.test.mjs"/>
	<testcase name="stale_propagation_test: every legal return edge has the target-inclusive suffix" time="0.012846" classname="test" file="C:\dev\insight\Epistemic-Foundry\packages\foundry-kernel\src\forge\fsm\stale-propagation.test.mjs"/>
	<testcase name="stale_propagation_test: stale suffix contains only phases reachable for the class" time="0.001253" classname="test" file="C:\dev\insight\Epistemic-Foundry\packages\foundry-kernel\src\forge\fsm\stale-propagation.test.mjs"/>
	<testcase name="stale_propagation_test: forward and close edges do not stale artifacts" time="0.000853" classname="test" file="C:\dev\insight\Epistemic-Foundry\packages\foundry-kernel\src\forge\fsm\stale-propagation.test.mjs"/>
	<testcase name="stale_propagation_test: projection identity is deterministic and event-bound" time="0.003583" classname="test" file="C:\dev\insight\Epistemic-Foundry\packages\foundry-kernel\src\forge\fsm\stale-propagation.test.mjs"/>
	<testcase name="stale_propagation_test: cross-session and unretained artifact sets fail closed" time="0.001428" classname="test" file="C:\dev\insight\Epistemic-Foundry\packages\foundry-kernel\src\forge\fsm\stale-propagation.test.mjs"/>
	<testcase name="override_provenance_test: a valid human-authored decision explicitly admits WAIVE" time="0.161961" classname="test" file="C:\dev\insight\Epistemic-Foundry\packages\foundry-kernel\src\forge\gates\override-provenance.test.mjs"/>
	<testcase name="override_provenance_test: authority strings never substitute for a HumanDecision receipt" time="0.121125" classname="test" file="C:\dev\insight\Epistemic-Foundry\packages\foundry-kernel\src\forge\gates\override-provenance.test.mjs"/>
	<testcase name="override_provenance_test: non-waivable gates stay non-waivable with human approval" time="0.138957" classname="test" file="C:\dev\insight\Epistemic-Foundry\packages\foundry-kernel\src\forge\gates\override-provenance.test.mjs"/>
	<testcase name="override_provenance_test: service-authored HumanDecision receipts are rejected" time="0.142007" classname="test" file="C:\dev\insight\Epistemic-Foundry\packages\foundry-kernel\src\forge\gates\override-provenance.test.mjs"/>
	<testcase name="override_provenance_test: wrong decision type, authority, scope, run, and hash fail closed" time="0.688269" classname="test" file="C:\dev\insight\Epistemic-Foundry\packages\foundry-kernel\src\forge\gates\override-provenance.test.mjs"/>
	<testcase name="override_provenance_test: an undeclared or unused override artifact is never implicit" time="0.171532" classname="test" file="C:\dev\insight\Epistemic-Foundry\packages\foundry-kernel\src\forge\gates\override-provenance.test.mjs"/>
	<testcase name="transition_receipt_test: a complete current phase set admits deterministically" time="0.081890" classname="test" file="C:\dev\insight\Epistemic-Foundry\packages\foundry-kernel\src\forge\gates\transition-receipt.test.mjs"/>
	<testcase name="transition_receipt_test: prose-only and unresolved receipt transitions fail closed" time="0.003207" classname="test" file="C:\dev\insight\Epistemic-Foundry\packages\foundry-kernel\src\forge\gates\transition-receipt.test.mjs"/>
	<testcase name="transition_receipt_test: resolver claims cannot replace byte and receipt integrity" time="0.055835" classname="test" file="C:\dev\insight\Epistemic-Foundry\packages\foundry-kernel\src\forge\gates\transition-receipt.test.mjs"/>
	<testcase name="transition_receipt_test: malformed validation evidence fails with a typed error" time="0.052651" classname="test" file="C:\dev\insight\Epistemic-Foundry\packages\foundry-kernel\src\forge\gates\transition-receipt.test.mjs"/>
	<testcase name="transition_receipt_test: IDLE requires a real receipt but no fictional prior phase set" time="0.025340" classname="test" file="C:\dev\insight\Epistemic-Foundry\packages\foundry-kernel\src\forge\gates\transition-receipt.test.mjs"/>
	<testcase name="transition_receipt_test: IDLE rejects an unrelated receipt and a forged classification identity" time="0.053511" classname="test" file="C:\dev\insight\Epistemic-Foundry\packages\foundry-kernel\src\forge\gates\transition-receipt.test.mjs"/>
	<testcase name="transition_receipt_test: IDLE classification projection and state binding fail closed" time="0.077871" classname="test" file="C:\dev\insight\Epistemic-Foundry\packages\foundry-kernel\src\forge\gates\transition-receipt.test.mjs"/>
	<testcase name="transition_receipt_test: IDLE classification requires exact schema-validation evidence" time="0.025760" classname="test" file="C:\dev\insight\Epistemic-Foundry\packages\foundry-kernel\src\forge\gates\transition-receipt.test.mjs"/>
	<testcase name="transition_receipt_test: incomplete, invalid, and tampered phase sets cannot advance" time="0.175025" classname="test" file="C:\dev\insight\Epistemic-Foundry\packages\foundry-kernel\src\forge\gates\transition-receipt.test.mjs"/>
	<testcase name="transition_receipt_test: phase entries bind exact receipt, hash, schema, and state retention" time="0.244553" classname="test" file="C:\dev\insight\Epistemic-Foundry\packages\foundry-kernel\src\forge\gates\transition-receipt.test.mjs"/>
	<testcase name="transition_receipt_test: session, revision, phase, and state hash are admission inputs" time="0.046042" classname="test" file="C:\dev\insight\Epistemic-Foundry\packages\foundry-kernel\src\forge\gates\transition-receipt.test.mjs"/>
	<testcase name="transition_receipt_test: E requires exact resolving and satisfied GateDecision artifacts" time="0.115819" classname="test" file="C:\dev\insight\Epistemic-Foundry\packages\foundry-kernel\src\forge\gates\transition-receipt.test.mjs"/>
	<testcase name="transition_receipt_test: unresolved, failing, blocked, and forged gates cannot admit E" time="0.281673" classname="test" file="C:\dev\insight\Epistemic-Foundry\packages\foundry-kernel\src\forge\gates\transition-receipt.test.mjs"/>
	<testcase name="transition_receipt_test: GateDecision evidence IDs must resolve through transition receipts" time="0.090140" classname="test" file="C:\dev\insight\Epistemic-Foundry\packages\foundry-kernel\src\forge\gates\transition-receipt.test.mjs"/>
	<testcase name="transition_receipt_test: policy-evidenced NOT_REQUIRED is a satisfied PASS conclusion" time="0.092489" classname="test" file="C:\dev\insight\Epistemic-Foundry\packages\foundry-kernel\src\forge\gates\transition-receipt.test.mjs"/>
	<testcase name="transition_receipt_test: canonical GateDecision fields and authority bindings fail closed" time="0.469910" classname="test" file="C:\dev\insight\Epistemic-Foundry\packages\foundry-kernel\src\forge\gates\transition-receipt.test.mjs"/>
	<testcase name="transition_receipt_test: FAIL and BLOCK are never absorbed outside E" time="0.207173" classname="test" file="C:\dev\insight\Epistemic-Foundry\packages\foundry-kernel\src\forge\gates\transition-receipt.test.mjs"/>
	<testcase name="ledger_hash_chain_test: append owns sequence, payload digest, and per-run hash links" time="0.122375" classname="test" file="C:\dev\insight\Epistemic-Foundry\packages\foundry-kernel\src\ledger\ledger-hash-chain.test.mjs"/>
	<testcase name="ledger_hash_chain_test: emitted records validate against canonical EventRecord schema" time="0.310301" classname="test" file="C:\dev\insight\Epistemic-Foundry\packages\foundry-kernel\src\ledger\ledger-hash-chain.test.mjs"/>
	<testcase name="ledger_hash_chain_test: exact event retry is idempotent and conflicting reuse is denied" time="0.077555" classname="test" file="C:\dev\insight\Epistemic-Foundry\packages\foundry-kernel\src\ledger\ledger-hash-chain.test.mjs"/>
	<testcase name="ledger_hash_chain_test: missing payload and invalid event input leave no partial ledger state" time="0.025207" classname="test" file="C:\dev\insight\Epistemic-Foundry\packages\foundry-kernel\src\ledger\ledger-hash-chain.test.mjs"/>
	<testcase name="ledger_hash_chain_test: gaps, reordering, hash tamper, and mixed runs fail closed" time="0.141982" classname="test" file="C:\dev\insight\Epistemic-Foundry\packages\foundry-kernel\src\ledger\ledger-hash-chain.test.mjs"/>
	<testcase name="ledger_hash_chain_test: hash validation never executes coercion hooks" time="0.050181" classname="test" file="C:\dev\insight\Epistemic-Foundry\packages\foundry-kernel\src\ledger\ledger-hash-chain.test.mjs"/>
	<testcase name="ledger_hash_chain_test: direct mutation of an immutable stored event is detected" time="0.051031" classname="test" file="C:\dev\insight\Epistemic-Foundry\packages\foundry-kernel\src\ledger\ledger-hash-chain.test.mjs"/>
	<testcase name="ledger_hash_chain_test: a coherently revised stream that references no event fails closed" time="0.056540" classname="test" file="C:\dev\insight\Epistemic-Foundry\packages\foundry-kernel\src\ledger\ledger-hash-chain.test.mjs"/>
	<testcase name="ledger_hash_chain_test: sealed payload hash catches a provider-neutral adapter byte change" time="0.026625" classname="test" file="C:\dev\insight\Epistemic-Foundry\packages\foundry-kernel\src\ledger\ledger-hash-chain.test.mjs"/>
	<testcase name="ledger_hash_chain_test: stream commit failure rolls back the new immutable event" time="0.092452" classname="test" file="C:\dev\insight\Epistemic-Foundry\packages\foundry-kernel\src\ledger\ledger-hash-chain.test.mjs"/>
	<testcase name="ledger_hash_chain_test: simultaneous writers serialize into one contiguous run chain" time="0.180737" classname="test" file="C:\dev\insight\Epistemic-Foundry\packages\foundry-kernel\src\ledger\ledger-hash-chain.test.mjs"/>
	<testcase name="ledger_hash_chain_test: independent runs each start at sequence one" time="0.084317" classname="test" file="C:\dev\insight\Epistemic-Foundry\packages\foundry-kernel\src\ledger\ledger-hash-chain.test.mjs"/>
	<testcase name="reducer_replay_test: verified events rebuild byte-stable materialized state" time="0.219876" classname="test" file="C:\dev\insight\Epistemic-Foundry\packages\foundry-kernel\src\ledger\reducer-replay.test.mjs"/>
	<testcase name="reducer_replay_test: reopening both durable stores reproduces identical state" time="0.205004" classname="test" file="C:\dev\insight\Epistemic-Foundry\packages\foundry-kernel\src\ledger\reducer-replay.test.mjs"/>
	<testcase name="reducer_replay_test: a reducer must be deterministic at every event boundary" time="0.054931" classname="test" file="C:\dev\insight\Epistemic-Foundry\packages\foundry-kernel\src\ledger\reducer-replay.test.mjs"/>
	<testcase name="reducer_replay_test: async reducers and non-JSON outputs are rejected" time="0.061257" classname="test" file="C:\dev\insight\Epistemic-Foundry\packages\foundry-kernel\src\ledger\reducer-replay.test.mjs"/>
	<testcase name="reducer_replay_test: reducer inputs are isolated and immutable" time="0.060153" classname="test" file="C:\dev\insight\Epistemic-Foundry\packages\foundry-kernel\src\ledger\reducer-replay.test.mjs"/>
	<testcase name="reducer_replay_test: artifact tamper fails before reducer execution" time="0.062056" classname="test" file="C:\dev\insight\Epistemic-Foundry\packages\foundry-kernel\src\ledger\reducer-replay.test.mjs"/>
	<testcase name="reducer_replay_test: an empty run deterministically preserves canonical initial state" time="0.023498" classname="test" file="C:\dev\insight\Epistemic-Foundry\packages\foundry-kernel\src\ledger\reducer-replay.test.mjs"/>
	<testcase name="reducer_replay_test: JSON payload decoding rejects invalid UTF-8, BOM, and syntax" time="0.000275" classname="test" file="C:\dev\insight\Epistemic-Foundry\packages\foundry-kernel\src\ledger\reducer-replay.test.mjs"/>
	<testcase name="reducer_replay_test: state hashing rejects hidden array properties" time="0.025042" classname="test" file="C:\dev\insight\Epistemic-Foundry\packages\foundry-kernel\src\ledger\reducer-replay.test.mjs"/>
	<testcase name="memory_scope_test: index partitions all six canonical stores and seals identity" time="0.004621" classname="test" file="C:\dev\insight\Epistemic-Foundry\packages\foundry-kernel\src\memory\index\memory-scope.test.mjs"/>
	<testcase name="memory_scope_test: duplicate memory IDs fail closed across stores" time="0.000677" classname="test" file="C:\dev\insight\Epistemic-Foundry\packages\foundry-kernel\src\memory\index\memory-scope.test.mjs"/>
	<testcase name="memory_scope_test: an unknown memory class cannot create an implicit store" time="0.000146" classname="test" file="C:\dev\insight\Epistemic-Foundry\packages\foundry-kernel\src\memory\index\memory-scope.test.mjs"/>
	<testcase name="memory_scope_test: malformed record shape and accessors are rejected" time="0.000217" classname="test" file="C:\dev\insight\Epistemic-Foundry\packages\foundry-kernel\src\memory\index\memory-scope.test.mjs"/>
	<testcase name="memory_scope_test: store or index tamper is detected" time="0.001819" classname="test" file="C:\dev\insight\Epistemic-Foundry\packages\foundry-kernel\src\memory\index\memory-scope.test.mjs"/>
	<testcase name="memory_scope_test: query plan partitions searched and excluded classes" time="0.003108" classname="test" file="C:\dev\insight\Epistemic-Foundry\packages\foundry-kernel\src\memory\index\memory-scope.test.mjs"/>
	<testcase name="memory_scope_test: L01 denial occurs before the index is opened" time="0.001147" classname="test" file="C:\dev\insight\Epistemic-Foundry\packages\foundry-kernel\src\memory\index\memory-scope.test.mjs"/>
	<testcase name="memory_scope_test: the workflow rejects allowed but non-retrievable stores before index access" time="0.000976" classname="test" file="C:\dev\insight\Epistemic-Foundry\packages\foundry-kernel\src\memory\index\memory-scope.test.mjs"/>
	<testcase name="memory_scope_test: only requested stores contribute hits" time="0.002506" classname="test" file="C:\dev\insight\Epistemic-Foundry\packages\foundry-kernel\src\memory\index\memory-scope.test.mjs"/>
	<testcase name="memory_scope_test: target workspace is an exact store filter" time="0.002699" classname="test" file="C:\dev\insight\Epistemic-Foundry\packages\foundry-kernel\src\memory\index\memory-scope.test.mjs"/>
	<testcase name="memory_scope_test: each record is rechecked for retention before text scoring" time="0.002032" classname="test" file="C:\dev\insight\Epistemic-Foundry\packages\foundry-kernel\src\memory\index\memory-scope.test.mjs"/>
	<testcase name="memory_scope_test: future-dated records are policy exclusions" time="0.001961" classname="test" file="C:\dev\insight\Epistemic-Foundry\packages\foundry-kernel\src\memory\index\memory-scope.test.mjs"/>
	<testcase name="memory_scope_test: cross-workspace retrieval remains denied by default" time="0.000805" classname="test" file="C:\dev\insight\Epistemic-Foundry\packages\foundry-kernel\src\memory\index\memory-scope.test.mjs"/>
	<testcase name="memory_scope_test: explicit USER cross-workspace retrieval requires all L01 gates" time="0.002398" classname="test" file="C:\dev\insight\Epistemic-Foundry\packages\foundry-kernel\src\memory\index\memory-scope.test.mjs"/>
	<testcase name="memory_scope_test: cross-workspace opt-in cannot authorize a non-USER store" time="0.002065" classname="test" file="C:\dev\insight\Epistemic-Foundry\packages\foundry-kernel\src\memory\index\memory-scope.test.mjs"/>
	<testcase name="memory_scope_test: missing, revoked, or scope-mismatched consent is denied" time="0.001939" classname="test" file="C:\dev\insight\Epistemic-Foundry\packages\foundry-kernel\src\memory\index\memory-scope.test.mjs"/>
	<testcase name="memory_scope_test: deterministic score, cap, and tie-break are stable" time="0.002293" classname="test" file="C:\dev\insight\Epistemic-Foundry\packages\foundry-kernel\src\memory\index\memory-scope.test.mjs"/>
	<testcase name="memory_scope_test: Unicode NFKC token matching is deterministic" time="0.002066" classname="test" file="C:\dev\insight\Epistemic-Foundry\packages\foundry-kernel\src\memory\index\memory-scope.test.mjs"/>
	<testcase name="memory_scope_test: punctuation-only queries and invalid caps fail closed" time="0.001095" classname="test" file="C:\dev\insight\Epistemic-Foundry\packages\foundry-kernel\src\memory\index\memory-scope.test.mjs"/>
	<testcase name="memory_scope_test: request wrappers cannot use getters, Proxies, or extra fields" time="0.001554" classname="test" file="C:\dev\insight\Epistemic-Foundry\packages\foundry-kernel\src\memory\index\memory-scope.test.mjs"/>
	<testcase name="memory_scope_test: same inputs replay to byte-identical execution" time="0.004128" classname="test" file="C:\dev\insight\Epistemic-Foundry\packages\foundry-kernel\src\memory\index\memory-scope.test.mjs"/>
	<testcase name="memory_scope_test: end-to-end retrieval emits no raw search text" time="0.004811" classname="test" file="C:\dev\insight\Epistemic-Foundry\packages\foundry-kernel\src\memory\index\memory-scope.test.mjs"/>
	<testcase name="retrieval_receipt_test: receipt has the exact canonical fields and a valid seal" time="0.008903" classname="test" file="C:\dev\insight\Epistemic-Foundry\packages\foundry-kernel\src\memory\index\retrieval-receipt.test.mjs"/>
	<testcase name="retrieval_receipt_test: zero hits are SEARCHED_NONE, not unsearched" time="0.002678" classname="test" file="C:\dev\insight\Epistemic-Foundry\packages\foundry-kernel\src\memory\index\retrieval-receipt.test.mjs"/>
	<testcase name="retrieval_receipt_test: searched and excluded classes form a complete partition" time="0.005117" classname="test" file="C:\dev\insight\Epistemic-Foundry\packages\foundry-kernel\src\memory\index\retrieval-receipt.test.mjs"/>
	<testcase name="retrieval_receipt_test: hit provenance is retained without raw memory text" time="0.003235" classname="test" file="C:\dev\insight\Epistemic-Foundry\packages\foundry-kernel\src\memory\index\retrieval-receipt.test.mjs"/>
	<testcase name="retrieval_receipt_test: same execution replays to the same ID, hash, and timestamp" time="0.002484" classname="test" file="C:\dev\insight\Epistemic-Foundry\packages\foundry-kernel\src\memory\index\retrieval-receipt.test.mjs"/>
	<testcase name="retrieval_receipt_test: query mutation is an integrity failure" time="0.002436" classname="test" file="C:\dev\insight\Epistemic-Foundry\packages\foundry-kernel\src\memory\index\retrieval-receipt.test.mjs"/>
	<testcase name="retrieval_receipt_test: result hash and receipt ID tamper fail closed" time="0.003690" classname="test" file="C:\dev\insight\Epistemic-Foundry\packages\foundry-kernel\src\memory\index\retrieval-receipt.test.mjs"/>
	<testcase name="retrieval_receipt_test: an excluded-class hit cannot be inserted" time="0.001736" classname="test" file="C:\dev\insight\Epistemic-Foundry\packages\foundry-kernel\src\memory\index\retrieval-receipt.test.mjs"/>
	<testcase name="retrieval_receipt_test: receipt emission rejects a hit not produced by search" time="0.001554" classname="test" file="C:\dev\insight\Epistemic-Foundry\packages\foundry-kernel\src\memory\index\retrieval-receipt.test.mjs"/>
	<testcase name="retrieval_receipt_test: selected hits must preserve deterministic search order" time="0.001718" classname="test" file="C:\dev\insight\Epistemic-Foundry\packages\foundry-kernel\src\memory\index\retrieval-receipt.test.mjs"/>
	<testcase name="retrieval_receipt_test: L03 may redact or select a deterministic subset" time="0.001742" classname="test" file="C:\dev\insight\Epistemic-Foundry\packages\foundry-kernel\src\memory\index\retrieval-receipt.test.mjs"/>
	<testcase name="retrieval_receipt_test: redaction count cannot under-report redacted hits" time="0.001720" classname="test" file="C:\dev\insight\Epistemic-Foundry\packages\foundry-kernel\src\memory\index\retrieval-receipt.test.mjs"/>
	<testcase name="retrieval_receipt_test: policy evaluation time and retrieval time are one sealed boundary" time="0.002368" classname="test" file="C:\dev\insight\Epistemic-Foundry\packages\foundry-kernel\src\memory\index\retrieval-receipt.test.mjs"/>
	<testcase name="retrieval_receipt_test: consent and ContextCapsule bindings remain explicit" time="0.003130" classname="test" file="C:\dev\insight\Epistemic-Foundry\packages\foundry-kernel\src\memory\index\retrieval-receipt.test.mjs"/>
	<testcase name="retrieval_receipt_test: extra fields, accessors, and Proxy wrappers fail closed" time="0.004244" classname="test" file="C:\dev\insight\Epistemic-Foundry\packages\foundry-kernel\src\memory\index\retrieval-receipt.test.mjs"/>
	<testcase name="retrieval_receipt_test: non-canonical hit order is rejected during validation" time="0.001579" classname="test" file="C:\dev\insight\Epistemic-Foundry\packages\foundry-kernel\src\memory\index\retrieval-receipt.test.mjs"/>
	<testcase name="retrieval_receipt_test: end-to-end helper returns execution and matching receipt" time="0.002858" classname="test" file="C:\dev\insight\Epistemic-Foundry\packages\foundry-kernel\src\memory\index\retrieval-receipt.test.mjs"/>
	<testcase name="retrieval_receipt_test: score or provenance mutation is detected" time="0.005590" classname="test" file="C:\dev\insight\Epistemic-Foundry\packages\foundry-kernel\src\memory\index\retrieval-receipt.test.mjs"/>
	<testcase name="retrieval_receipt_test: a record outside retention is absent and accounted as policy exclusion" time="0.001126" classname="test" file="C:\dev\insight\Epistemic-Foundry\packages\foundry-kernel\src\memory\index\retrieval-receipt.test.mjs"/>
	<testcase name="forget_legal_hold_test: forget creates a new immutable revision, event, and resolving receipt" time="0.007823" classname="test" file="C:\dev\insight\Epistemic-Foundry\packages\foundry-kernel\src\memory\lifecycle\forget-legal-hold.test.mjs"/>
	<testcase name="forget_legal_hold_test: delete uses a distinct terminal status without retaining a forbidden tombstone hash" time="0.001422" classname="test" file="C:\dev\insight\Epistemic-Foundry\packages\foundry-kernel\src\memory\lifecycle\forget-legal-hold.test.mjs"/>
	<testcase name="forget_legal_hold_test: a non-reversible tombstone hash is retained only with explicit policy-and-law authority" time="0.001710" classname="test" file="C:\dev\insight\Epistemic-Foundry\packages\foundry-kernel\src\memory\lifecycle\forget-legal-hold.test.mjs"/>
	<testcase name="forget_legal_hold_test: tombstone retention permission requires an authority record" time="0.000377" classname="test" file="C:\dev\insight\Epistemic-Foundry\packages\foundry-kernel\src\memory\lifecycle\forget-legal-hold.test.mjs"/>
	<testcase name="forget_legal_hold_test: active matching legal hold blocks the effect and preserves source state" time="0.001347" classname="test" file="C:\dev\insight\Epistemic-Foundry\packages\foundry-kernel\src\memory\lifecycle\forget-legal-hold.test.mjs"/>
	<testcase name="forget_legal_hold_test: expired, future, and nonmatching holds do not block" time="0.001545" classname="test" file="C:\dev\insight\Epistemic-Foundry\packages\foundry-kernel\src\memory\lifecycle\forget-legal-hold.test.mjs"/>
	<testcase name="forget_legal_hold_test: class-scoped and workspace-scoped holds are deterministic" time="0.001152" classname="test" file="C:\dev\insight\Epistemic-Foundry\packages\foundry-kernel\src\memory\lifecycle\forget-legal-hold.test.mjs"/>
	<testcase name="forget_legal_hold_test: legal holds must be explicitly time-bounded and hash-sealed" time="0.000407" classname="test" file="C:\dev\insight\Epistemic-Foundry\packages\foundry-kernel\src\memory\lifecycle\forget-legal-hold.test.mjs"/>
	<testcase name="forget_legal_hold_test: same request replay returns the exact prior immutable outcome" time="0.001885" classname="test" file="C:\dev\insight\Epistemic-Foundry\packages\foundry-kernel\src\memory\lifecycle\forget-legal-hold.test.mjs"/>
	<testcase name="forget_legal_hold_test: idempotency key reuse with a different request fails closed" time="0.001588" classname="test" file="C:\dev\insight\Epistemic-Foundry\packages\foundry-kernel\src\memory\lifecycle\forget-legal-hold.test.mjs"/>
	<testcase name="forget_legal_hold_test: revision mismatch and target mismatch fail closed" time="0.000633" classname="test" file="C:\dev\insight\Epistemic-Foundry\packages\foundry-kernel\src\memory\lifecycle\forget-legal-hold.test.mjs"/>
	<testcase name="forget_legal_hold_test: action and workspace policy boundaries fail closed" time="0.000664" classname="test" file="C:\dev\insight\Epistemic-Foundry\packages\foundry-kernel\src\memory\lifecycle\forget-legal-hold.test.mjs"/>
	<testcase name="forget_legal_hold_test: a future policy is not silently applied" time="0.000282" classname="test" file="C:\dev\insight\Epistemic-Foundry\packages\foundry-kernel\src\memory\lifecycle\forget-legal-hold.test.mjs"/>
	<testcase name="forget_legal_hold_test: a new request cannot rewrite an immutable terminal revision" time="0.001050" classname="test" file="C:\dev\insight\Epistemic-Foundry\packages\foundry-kernel\src\memory\lifecycle\forget-legal-hold.test.mjs"/>
	<testcase name="forget_legal_hold_test: index or cache eviction cannot masquerade as canonical forgetting" time="0.000114" classname="test" file="C:\dev\insight\Epistemic-Foundry\packages\foundry-kernel\src\memory\lifecycle\forget-legal-hold.test.mjs"/>
	<testcase name="forget_legal_hold_test: first event and previous-event hash semantics are exact" time="0.000234" classname="test" file="C:\dev\insight\Epistemic-Foundry\packages\foundry-kernel\src\memory\lifecycle\forget-legal-hold.test.mjs"/>
	<testcase name="forget_legal_hold_test: request, policy, and outcome hashes reject tampering" time="0.001596" classname="test" file="C:\dev\insight\Epistemic-Foundry\packages\foundry-kernel\src\memory\lifecycle\forget-legal-hold.test.mjs"/>
	<testcase name="forget_legal_hold_test: canonical ActionIntent, EventRecord, and EffectReceipt fields are complete" time="0.000790" classname="test" file="C:\dev\insight\Epistemic-Foundry\packages\foundry-kernel\src\memory\lifecycle\forget-legal-hold.test.mjs"/>
	<testcase name="forget_legal_hold_test: legal-hold input order does not change the outcome" time="0.001975" classname="test" file="C:\dev\insight\Epistemic-Foundry\packages\foundry-kernel\src\memory\lifecycle\forget-legal-hold.test.mjs"/>
	<testcase name="forget_legal_hold_test: duplicate hold IDs and duplicate prior keys fail closed" time="0.002331" classname="test" file="C:\dev\insight\Epistemic-Foundry\packages\foundry-kernel\src\memory\lifecycle\forget-legal-hold.test.mjs"/>
	<testcase name="forget_legal_hold_test: proxies, accessors, and extra fields fail closed" time="0.000354" classname="test" file="C:\dev\insight\Epistemic-Foundry\packages\foundry-kernel\src\memory\lifecycle\forget-legal-hold.test.mjs"/>
	<testcase name="forget_legal_hold_test: sealed policy and hold replay canonically" time="0.000207" classname="test" file="C:\dev\insight\Epistemic-Foundry\packages\foundry-kernel\src\memory\lifecycle\forget-legal-hold.test.mjs"/>
	<testcase name="forget_legal_hold_test: emitted hashes match canonical effect and ledger authorities" time="0.000742" classname="test" file="C:\dev\insight\Epistemic-Foundry\packages\foundry-kernel\src\memory\lifecycle\forget-legal-hold.test.mjs"/>
	<testcase name="forget_legal_hold_test: replay rejects a different sealed lifecycle policy" time="0.001218" classname="test" file="C:\dev\insight\Epistemic-Foundry\packages\foundry-kernel\src\memory\lifecycle\forget-legal-hold.test.mjs"/>
	<testcase name="forget_legal_hold_test: replay rejects a different memory lineage" time="0.001552" classname="test" file="C:\dev\insight\Epistemic-Foundry\packages\foundry-kernel\src\memory\lifecycle\forget-legal-hold.test.mjs"/>
	<testcase name="redaction_test: exact byte-span redaction creates a new immutable derived artifact" time="0.003247" classname="test" file="C:\dev\insight\Epistemic-Foundry\packages\foundry-kernel\src\memory\lifecycle\redaction.test.mjs"/>
	<testcase name="redaction_test: duplicate source hashes select one representative without score amplification" time="0.000393" classname="test" file="C:\dev\insight\Epistemic-Foundry\packages\foundry-kernel\src\memory\lifecycle\redaction.test.mjs"/>
	<testcase name="redaction_test: hit and directive permutations produce the same selection hash" time="0.000685" classname="test" file="C:\dev\insight\Epistemic-Foundry\packages\foundry-kernel\src\memory\lifecycle\redaction.test.mjs"/>
	<testcase name="redaction_test: multiple non-overlapping spans are counted exactly" time="0.000354" classname="test" file="C:\dev\insight\Epistemic-Foundry\packages\foundry-kernel\src\memory\lifecycle\redaction.test.mjs"/>
	<testcase name="redaction_test: overlapping spans fail closed" time="0.000507" classname="test" file="C:\dev\insight\Epistemic-Foundry\packages\foundry-kernel\src\memory\lifecycle\redaction.test.mjs"/>
	<testcase name="redaction_test: out-of-range spans fail closed" time="0.000211" classname="test" file="C:\dev\insight\Epistemic-Foundry\packages\foundry-kernel\src\memory\lifecycle\redaction.test.mjs"/>
	<testcase name="redaction_test: byte spans cannot split UTF-8 code points" time="0.000383" classname="test" file="C:\dev\insight\Epistemic-Foundry\packages\foundry-kernel\src\memory\lifecycle\redaction.test.mjs"/>
	<testcase name="redaction_test: stale source content cannot reuse a source hash" time="0.000161" classname="test" file="C:\dev\insight\Epistemic-Foundry\packages\foundry-kernel\src\memory\lifecycle\redaction.test.mjs"/>
	<testcase name="redaction_test: profile-only redaction fails closed without authoritative rules" time="0.000140" classname="test" file="C:\dev\insight\Epistemic-Foundry\packages\foundry-kernel\src\memory\lifecycle\redaction.test.mjs"/>
	<testcase name="redaction_test: missing, extra, and unused source bindings are rejected" time="0.000778" classname="test" file="C:\dev\insight\Epistemic-Foundry\packages\foundry-kernel\src\memory\lifecycle\redaction.test.mjs"/>
	<testcase name="redaction_test: no-op directives and duplicate IDs are rejected" time="0.000388" classname="test" file="C:\dev\insight\Epistemic-Foundry\packages\foundry-kernel\src\memory\lifecycle\redaction.test.mjs"/>
	<testcase name="redaction_test: duplicate memory IDs and duplicate source artifacts are rejected" time="0.000196" classname="test" file="C:\dev\insight\Epistemic-Foundry\packages\foundry-kernel\src\memory\lifecycle\redaction.test.mjs"/>
	<testcase name="redaction_test: already-redacted hits cannot be silently redacted again" time="0.000123" classname="test" file="C:\dev\insight\Epistemic-Foundry\packages\foundry-kernel\src\memory\lifecycle\redaction.test.mjs"/>
	<testcase name="redaction_test: selection hash and derived content hash detect tampering" time="0.000447" classname="test" file="C:\dev\insight\Epistemic-Foundry\packages\foundry-kernel\src\memory\lifecycle\redaction.test.mjs"/>
	<testcase name="redaction_test: empty hit input has an explicit deterministic empty selection" time="0.000156" classname="test" file="C:\dev\insight\Epistemic-Foundry\packages\foundry-kernel\src\memory\lifecycle\redaction.test.mjs"/>
	<testcase name="redaction_test: accessors, proxies, and extra fields fail closed" time="0.000306" classname="test" file="C:\dev\insight\Epistemic-Foundry\packages\foundry-kernel\src\memory\lifecycle\redaction.test.mjs"/>
	<testcase name="redaction_test: directive IDs use canonical ID ordering independent of span order" time="0.000547" classname="test" file="C:\dev\insight\Epistemic-Foundry\packages\foundry-kernel\src\memory\lifecycle\redaction.test.mjs"/>
	<testcase name="redaction_test: replay validation rejects accessor-backed selected hits" time="0.000231" classname="test" file="C:\dev\insight\Epistemic-Foundry\packages\foundry-kernel\src\memory\lifecycle\redaction.test.mjs"/>
	<testcase name="redaction_test: a self-rehashed duplicate exclusion cannot forge its representative" time="0.000636" classname="test" file="C:\dev\insight\Epistemic-Foundry\packages\foundry-kernel\src\memory\lifecycle\redaction.test.mjs"/>
	<testcase name="consent_policy_test: policy and consent projections are canonical, hash-bound, and immutable" time="0.003209" classname="test" file="C:\dev\insight\Epistemic-Foundry\packages\foundry-kernel\src\memory\policy\consent-policy.test.mjs"/>
	<testcase name="consent_policy_test: memory classes and class rules are closed and unambiguous" time="0.000242" classname="test" file="C:\dev\insight\Epistemic-Foundry\packages\foundry-kernel\src\memory\policy\consent-policy.test.mjs"/>
	<testcase name="consent_policy_test: cross-workspace access is denied by default below retrieval" time="0.000736" classname="test" file="C:\dev\insight\Epistemic-Foundry\packages\foundry-kernel\src\memory\policy\consent-policy.test.mjs"/>
	<testcase name="consent_policy_test: USER cross-workspace recall requires policy and explicit opt-in" time="0.000824" classname="test" file="C:\dev\insight\Epistemic-Foundry\packages\foundry-kernel\src\memory\policy\consent-policy.test.mjs"/>
	<testcase name="consent_policy_test: non-USER classes cannot become cross-workspace through a permissive mode" time="0.001216" classname="test" file="C:\dev\insight\Epistemic-Foundry\packages\foundry-kernel\src\memory\policy\consent-policy.test.mjs"/>
	<testsuite name="consent_policy_test: purpose, class, scope, policy, and workspace remain bound" time="0.003484" disabled="0" errors="0" tests="5" failures="0" skipped="0" hostname="Moon">
		<testcase name="CONSENT_PURPOSE_MISMATCH" time="0.000539" classname="test" file="C:\dev\insight\Epistemic-Foundry\packages\foundry-kernel\src\memory\policy\consent-policy.test.mjs"/>
		<testcase name="CONSENT_DATA_CLASS_MISMATCH" time="0.000545" classname="test" file="C:\dev\insight\Epistemic-Foundry\packages\foundry-kernel\src\memory\policy\consent-policy.test.mjs"/>
		<testcase name="CONSENT_SCOPE_MISMATCH" time="0.000631" classname="test" file="C:\dev\insight\Epistemic-Foundry\packages\foundry-kernel\src\memory\policy\consent-policy.test.mjs"/>
		<testcase name="CONSENT_POLICY_MISMATCH" time="0.000443" classname="test" file="C:\dev\insight\Epistemic-Foundry\packages\foundry-kernel\src\memory\policy\consent-policy.test.mjs"/>
		<testcase name="CONSENT_WORKSPACE_MISMATCH" time="0.000400" classname="test" file="C:\dev\insight\Epistemic-Foundry\packages\foundry-kernel\src\memory\policy\consent-policy.test.mjs"/>
	</testsuite>
	<testcase name="consent_policy_test: requested scope cannot claim a different memory class" time="0.000658" classname="test" file="C:\dev\insight\Epistemic-Foundry\packages\foundry-kernel\src\memory\policy\consent-policy.test.mjs"/>
	<testcase name="consent_policy_test: optional consent is validated but is not recorded as authority" time="0.000318" classname="test" file="C:\dev\insight\Epistemic-Foundry\packages\foundry-kernel\src\memory\policy\consent-policy.test.mjs"/>
	<testsuite name="consent_policy_test: only an effective GRANTED consent can authorize access" time="0.001135" disabled="0" errors="0" tests="3" failures="0" skipped="0" hostname="Moon">
		<testcase name="DENIED" time="0.000267" classname="test" file="C:\dev\insight\Epistemic-Foundry\packages\foundry-kernel\src\memory\policy\consent-policy.test.mjs"/>
		<testcase name="REVOKED" time="0.000229" classname="test" file="C:\dev\insight\Epistemic-Foundry\packages\foundry-kernel\src\memory\policy\consent-policy.test.mjs"/>
		<testcase name="EXPIRED" time="0.000231" classname="test" file="C:\dev\insight\Epistemic-Foundry\packages\foundry-kernel\src\memory\policy\consent-policy.test.mjs"/>
	</testsuite>
	<testcase name="consent_policy_test: expiry and revocation take effect at their exact boundary" time="0.000602" classname="test" file="C:\dev\insight\Epistemic-Foundry\packages\foundry-kernel\src\memory\policy\consent-policy.test.mjs"/>
	<testcase name="consent_policy_test: not-yet-effective policy and consent fail closed" time="0.000414" classname="test" file="C:\dev\insight\Epistemic-Foundry\packages\foundry-kernel\src\memory\policy\consent-policy.test.mjs"/>
	<testcase name="consent_policy_test: the enforcement API throws the typed denial and never implies search" time="0.000278" classname="test" file="C:\dev\insight\Epistemic-Foundry\packages\foundry-kernel\src\memory\policy\consent-policy.test.mjs"/>
	<testcase name="retention_test: class-specific retention overrides the policy default" time="0.003811" classname="test" file="C:\dev\insight\Epistemic-Foundry\packages\foundry-kernel\src\memory\policy\retention.test.mjs"/>
	<testcase name="retention_test: the exact retention boundary is valid and the next millisecond is expired" time="0.000653" classname="test" file="C:\dev\insight\Epistemic-Foundry\packages\foundry-kernel\src\memory\policy\retention.test.mjs"/>
	<testcase name="retention_test: future memory timestamps are rejected instead of producing negative age" time="0.000346" classname="test" file="C:\dev\insight\Epistemic-Foundry\packages\foundry-kernel\src\memory\policy\retention.test.mjs"/>
	<testcase name="retention_test: zero-day EPHEMERAL memory survives only its creation instant" time="0.001048" classname="test" file="C:\dev\insight\Epistemic-Foundry\packages\foundry-kernel\src\memory\policy\retention.test.mjs"/>
	<testcase name="retention_test: canonical but disallowed classes fail closed before retrieval" time="0.000842" classname="test" file="C:\dev\insight\Epistemic-Foundry\packages\foundry-kernel\src\memory\policy\retention.test.mjs"/>
	<testcase name="retention_test: unknown classes and malformed timestamps are invalid input, not fallback" time="0.000756" classname="test" file="C:\dev\insight\Epistemic-Foundry\packages\foundry-kernel\src\memory\policy\retention.test.mjs"/>
	<testcase name="retention_test: access decisions preserve the policy hash and are deeply immutable" time="0.000470" classname="test" file="C:\dev\insight\Epistemic-Foundry\packages\foundry-kernel\src\memory\policy\retention.test.mjs"/>
	<testcase name="resource_conflict_test: exclusive resources admit exactly one owner" time="0.006492" classname="test" file="C:\dev\insight\Epistemic-Foundry\packages\foundry-kernel\src\scheduler\resource-conflict.test.mjs"/>
	<testcase name="resource_conflict_test: multi-resource acquisition is all-or-none" time="0.002815" classname="test" file="C:\dev\insight\Epistemic-Foundry\packages\foundry-kernel\src\scheduler\resource-conflict.test.mjs"/>
	<testcase name="resource_conflict_test: bounded quota permits capacity owners and rejects overflow" time="0.003089" classname="test" file="C:\dev\insight\Epistemic-Foundry\packages\foundry-kernel\src\scheduler\resource-conflict.test.mjs"/>
	<testcase name="resource_conflict_test: quota capacities must be explicit and exclusive capacity cannot broaden" time="0.000306" classname="test" file="C:\dev\insight\Epistemic-Foundry\packages\foundry-kernel\src\scheduler\resource-conflict.test.mjs"/>
	<testcase name="resource_conflict_test: expiry releases ownership only into reconciliation" time="0.001820" classname="test" file="C:\dev\insight\Epistemic-Foundry\packages\foundry-kernel\src\scheduler\resource-conflict.test.mjs"/>
	<testcase name="resource_conflict_test: stale token cannot commit after a newer node lease" time="0.001670" classname="test" file="C:\dev\insight\Epistemic-Foundry\packages\foundry-kernel\src\scheduler\resource-conflict.test.mjs"/>
	<testcase name="resource_conflict_test: exact acquisition retry returns one lease and one reservation" time="0.001003" classname="test" file="C:\dev\insight\Epistemic-Foundry\packages\foundry-kernel\src\scheduler\resource-conflict.test.mjs"/>
	<testcase name="resource_conflict_test: active lease retry rejects changed admission or reservation" time="0.001019" classname="test" file="C:\dev\insight\Epistemic-Foundry\packages\foundry-kernel\src\scheduler\resource-conflict.test.mjs"/>
	<testcase name="resource_conflict_test: failed admission does not consume token, budget, or resource" time="0.000876" classname="test" file="C:\dev\insight\Epistemic-Foundry\packages\foundry-kernel\src\scheduler\resource-conflict.test.mjs"/>
	<testcase name="scheduler_property_test: graph compilation is deterministic across every node permutation" time="0.028260" classname="test" file="C:\dev\insight\Epistemic-Foundry\packages\foundry-kernel\src\scheduler\scheduler-property.test.mjs"/>
	<testcase name="scheduler_property_test: unknown, duplicate, self, and hostile dependencies fail closed" time="0.000585" classname="test" file="C:\dev\insight\Epistemic-Foundry\packages\foundry-kernel\src\scheduler\scheduler-property.test.mjs"/>
	<testcase name="scheduler_property_test: every real cycle requires one hash-valid matching LoopContract" time="0.001370" classname="test" file="C:\dev\insight\Epistemic-Foundry\packages\foundry-kernel\src\scheduler\scheduler-property.test.mjs"/>
	<testcase name="scheduler_property_test: readiness requires successful predecessor terminal receipts" time="0.003498" classname="test" file="C:\dev\insight\Epistemic-Foundry\packages\foundry-kernel\src\scheduler\scheduler-property.test.mjs"/>
	<testcase name="scheduler_property_test: admission evidence is explicit and capability leases remain external" time="0.001326" classname="test" file="C:\dev\insight\Epistemic-Foundry\packages\foundry-kernel\src\scheduler\scheduler-property.test.mjs"/>
	<testcase name="scheduler_property_test: retries create immutable attempts and preserve idempotency" time="0.002609" classname="test" file="C:\dev\insight\Epistemic-Foundry\packages\foundry-kernel\src\scheduler\scheduler-property.test.mjs"/>
	<testcase name="scheduler_property_test: idempotency conflicts and semantic failures never retry" time="0.002085" classname="test" file="C:\dev\insight\Epistemic-Foundry\packages\foundry-kernel\src\scheduler\scheduler-property.test.mjs"/>
	<testcase name="scheduler_property_test: attempt activity and retry lease clocks never regress" time="0.001427" classname="test" file="C:\dev\insight\Epistemic-Foundry\packages\foundry-kernel\src\scheduler\scheduler-property.test.mjs"/>
	<testcase name="scheduler_property_test: expired attempts reconcile before a retry can be assigned" time="0.001388" classname="test" file="C:\dev\insight\Epistemic-Foundry\packages\foundry-kernel\src\scheduler\scheduler-property.test.mjs"/>
	<testcase name="scheduler_property_test: unknown effects can reconcile to success only with receipts" time="0.001080" classname="test" file="C:\dev\insight\Epistemic-Foundry\packages\foundry-kernel\src\scheduler\scheduler-property.test.mjs"/>
	<testcase name="scheduler_property_test: typed hard budgets enforce calls and concurrency without inventing meters" time="0.001109" classname="test" file="C:\dev\insight\Epistemic-Foundry\packages\foundry-kernel\src\scheduler\scheduler-property.test.mjs"/>
	<testcase name="scheduler_property_test: bounded loops dedupe all seen items and enforce dry rounds and limits" time="0.001311" classname="test" file="C:\dev\insight\Epistemic-Foundry\packages\foundry-kernel\src\scheduler\scheduler-property.test.mjs"/>
	<testcase name="scheduler_property_test: failure policy remains visible to downstream readiness" time="0.004125" classname="test" file="C:\dev\insight\Epistemic-Foundry\packages\foundry-kernel\src\scheduler\scheduler-property.test.mjs"/>
	<testcase name="scheduler_property_test: command replay reproduces exact state and rejects tamper" time="0.003937" classname="test" file="C:\dev\insight\Epistemic-Foundry\packages\foundry-kernel\src\scheduler\scheduler-property.test.mjs"/>
	<testcase name="scheduler_property_test: plan, lease, attempt, and snapshot outputs are immutable" time="0.001588" classname="test" file="C:\dev\insight\Epistemic-Foundry\packages\foundry-kernel\src\scheduler\scheduler-property.test.mjs"/>
	<testcase name="canonical in-root paths are authorized with scoped operations" time="0.006319" classname="test" file="C:\dev\insight\Epistemic-Foundry\packages\foundry-kernel\src\security\execution\path-escape.test.mjs"/>
	<testcase name="traversal, absolute, mixed-separator, alias, and platform-ambiguous paths are denied" time="0.005486" classname="test" file="C:\dev\insight\Epistemic-Foundry\packages\foundry-kernel\src\security\execution\path-escape.test.mjs"/>
	<testcase name="existing symlink or junction components are denied by no-follow policy" time="0.003278" classname="test" file="C:\dev\insight\Epistemic-Foundry\packages\foundry-kernel\src\security\execution\path-escape.test.mjs"/>
	<testcase name="linked resource roots and non-directory traversal are denied" time="0.003491" classname="test" file="C:\dev\insight\Epistemic-Foundry\packages\foundry-kernel\src\security\execution\path-escape.test.mjs"/>
	<testcase name="egress uses exact canonical origins and defaults to denial" time="0.002905" classname="test" file="C:\dev\insight\Epistemic-Foundry\packages\foundry-kernel\src\security\execution\path-escape.test.mjs"/>
	<testcase name="allowlist and sandbox contracts reject inconsistent or unsupported policy" time="0.002010" classname="test" file="C:\dev\insight\Epistemic-Foundry\packages\foundry-kernel\src\security\execution\path-escape.test.mjs"/>
	<testcase name="policy and request Proxies, accessors, and serialized lookalikes fail without execution" time="0.002015" classname="test" file="C:\dev\insight\Epistemic-Foundry\packages\foundry-kernel\src\security\execution\path-escape.test.mjs"/>
	<testcase name="resource root identity is revalidated after policy issue" time="0.004023" classname="test" file="C:\dev\insight\Epistemic-Foundry\packages\foundry-kernel\src\security\execution\path-escape.test.mjs"/>
	<testcase name="egress rejects fragments and requires each redirect hop to be reauthorized" time="0.002007" classname="test" file="C:\dev\insight\Epistemic-Foundry\packages\foundry-kernel\src\security\execution\path-escape.test.mjs"/>
	<testcase name="opaque secret handles expose no serializable identifier or secret material" time="0.001331" classname="test" file="C:\dev\insight\Epistemic-Foundry\packages\foundry-kernel\src\security\execution\secret-exfiltration.test.mjs"/>
	<testcase name="secret handle construction rejects material-bearing and executable inputs" time="0.000393" classname="test" file="C:\dev\insight\Epistemic-Foundry\packages\foundry-kernel\src\security\execution\secret-exfiltration.test.mjs"/>
	<testcase name="handles are denied at every prohibited outbound boundary" time="0.000677" classname="test" file="C:\dev\insight\Epistemic-Foundry\packages\foundry-kernel\src\security\execution\secret-exfiltration.test.mjs"/>
	<testcase name="raw secret-shaped fields and values fail closed" time="0.000219" classname="test" file="C:\dev\insight\Epistemic-Foundry\packages\foundry-kernel\src\security\execution\secret-exfiltration.test.mjs"/>
	<testcase name="payload inspection rejects accessors, Proxies, cycles, and non-JSON values without execution" time="0.000785" classname="test" file="C:\dev\insight\Epistemic-Foundry\packages\foundry-kernel\src\security\execution\secret-exfiltration.test.mjs"/>
	<testcase name="ordinary egress cannot carry handles or secret-shaped payloads" time="0.000557" classname="test" file="C:\dev\insight\Epistemic-Foundry\packages\foundry-kernel\src\security\execution\secret-exfiltration.test.mjs"/>
	<testcase name="last-mile secret use requires both policy and handle destination bindings" time="0.000461" classname="test" file="C:\dev\insight\Epistemic-Foundry\packages\foundry-kernel\src\security\execution\secret-exfiltration.test.mjs"/>
	<testcase name="foreign boundaries cannot mint handles, policies, or decisions accepted here" time="0.000244" classname="test" file="C:\dev\insight\Epistemic-Foundry\packages\foundry-kernel\src\security\execution\secret-exfiltration.test.mjs"/>
	<testcase name="secret handles reject cleartext HTTP destination bindings" time="0.000146" classname="test" file="C:\dev\insight\Epistemic-Foundry\packages\foundry-kernel\src\security\execution\secret-exfiltration.test.mjs"/>
	<testcase name="model output receives typed denials for every authority-bearing request" time="0.001459" classname="test" file="C:\dev\insight\Epistemic-Foundry\packages\foundry-kernel\src\security\trust\authority-escalation.test.mjs"/>
	<testcase name="unknown sidecar authority fields are rejected instead of interpreted" time="0.000323" classname="test" file="C:\dev\insight\Epistemic-Foundry\packages\foundry-kernel\src\security\trust\authority-escalation.test.mjs"/>
	<testcase name="host or control-plane source claims cannot enter through the untrusted constructor" time="0.000171" classname="test" file="C:\dev\insight\Epistemic-Foundry\packages\foundry-kernel\src\security\trust\authority-escalation.test.mjs"/>
	<testcase name="segments are immutable and copied or JSON-round-tripped objects lose the runtime brand" time="0.000463" classname="test" file="C:\dev\insight\Epistemic-Foundry\packages\foundry-kernel\src\security\trust\authority-escalation.test.mjs"/>
	<testcase name="accessor-bearing input is denied before content is accepted" time="0.000154" classname="test" file="C:\dev\insight\Epistemic-Foundry\packages\foundry-kernel\src\security\trust\authority-escalation.test.mjs"/>
	<testcase name="Proxy input is denied without invoking its traps" time="0.000122" classname="test" file="C:\dev\insight\Epistemic-Foundry\packages\foundry-kernel\src\security\trust\authority-escalation.test.mjs"/>
	<testcase name="invalid trust-label values are denied without coercion" time="0.000116" classname="test" file="C:\dev\insight\Epistemic-Foundry\packages\foundry-kernel\src\security\trust\authority-escalation.test.mjs"/>
	<testcase name="context assembly denies Proxy arrays without invoking their traps" time="0.000101" classname="test" file="C:\dev\insight\Epistemic-Foundry\packages\foundry-kernel\src\security\trust\authority-escalation.test.mjs"/>
	<testcase name="context assembly denies accessor elements without invoking them" time="0.000183" classname="test" file="C:\dev\insight\Epistemic-Foundry\packages\foundry-kernel\src\security\trust\authority-escalation.test.mjs"/>
	<testcase name="prompt injection fixture remains data: role override" time="0.003211" classname="test" file="C:\dev\insight\Epistemic-Foundry\packages\foundry-kernel\src\security\trust\prompt-injection.test.mjs"/>
	<testcase name="prompt injection fixture remains data: role delimiter escape" time="0.000328" classname="test" file="C:\dev\insight\Epistemic-Foundry\packages\foundry-kernel\src\security\trust\prompt-injection.test.mjs"/>
	<testcase name="prompt injection fixture remains data: forged authority" time="0.000113" classname="test" file="C:\dev\insight\Epistemic-Foundry\packages\foundry-kernel\src\security\trust\prompt-injection.test.mjs"/>
	<testcase name="prompt injection fixture remains data: tool execution" time="0.000086" classname="test" file="C:\dev\insight\Epistemic-Foundry\packages\foundry-kernel\src\security\trust\prompt-injection.test.mjs"/>
	<testcase name="prompt injection fixture remains data: secret exfiltration" time="0.000087" classname="test" file="C:\dev\insight\Epistemic-Foundry\packages\foundry-kernel\src\security\trust\prompt-injection.test.mjs"/>
	<testcase name="prompt injection fixture remains data: policy rewrite" time="0.000087" classname="test" file="C:\dev\insight\Epistemic-Foundry\packages\foundry-kernel\src\security\trust\prompt-injection.test.mjs"/>
	<testcase name="a clean scan and trusted extraction label do not confer authority" time="0.000150" classname="test" file="C:\dev\insight\Epistemic-Foundry\packages\foundry-kernel\src\security\trust\prompt-injection.test.mjs"/>
	<testcase name="context assembly preserves evidence and model output as separate data planes" time="0.000670" classname="test" file="C:\dev\insight\Epistemic-Foundry\packages\foundry-kernel\src\security\trust\prompt-injection.test.mjs"/>
	<testcase name="two writers with the same expected revision produce one update and one stale no-op" time="0.088592" classname="test" file="C:\dev\insight\Epistemic-Foundry\packages\foundry-kernel\src\state\sqlite\concurrent-revision.test.mjs"/>
	<testcase name="concurrent first opens initialize one canonical WAL schema" time="0.068637" classname="test" file="C:\dev\insight\Epistemic-Foundry\packages\foundry-kernel\src\state\sqlite\concurrent-revision.test.mjs"/>
	<testcase name="integrity failure enters SAFE_MODE and denies every mutation path" time="0.025126" classname="test" file="C:\dev\insight\Epistemic-Foundry\packages\foundry-kernel\src\state\sqlite\integrity-safe-mode.test.mjs"/>
	<testcase name="schema drift enters SAFE_MODE: missing composite primary key with duplicate rows" time="0.031060" classname="test" file="C:\dev\insight\Epistemic-Foundry\packages\foundry-kernel\src\state\sqlite\integrity-safe-mode.test.mjs"/>
	<testcase name="schema drift enters SAFE_MODE: non-STRICT table" time="0.021039" classname="test" file="C:\dev\insight\Epistemic-Foundry\packages\foundry-kernel\src\state\sqlite\integrity-safe-mode.test.mjs"/>
	<testcase name="schema drift enters SAFE_MODE: wrong revision type" time="0.023802" classname="test" file="C:\dev\insight\Epistemic-Foundry\packages\foundry-kernel\src\state\sqlite\integrity-safe-mode.test.mjs"/>
	<testcase name="schema drift enters SAFE_MODE: nullable record identifier" time="0.024909" classname="test" file="C:\dev\insight\Epistemic-Foundry\packages\foundry-kernel\src\state\sqlite\integrity-safe-mode.test.mjs"/>
	<testcase name="schema drift enters SAFE_MODE: reversed primary-key order" time="0.021972" classname="test" file="C:\dev\insight\Epistemic-Foundry\packages\foundry-kernel\src\state\sqlite\integrity-safe-mode.test.mjs"/>
	<testcase name="schema drift enters SAFE_MODE: missing non-negative revision check" time="0.022682" classname="test" file="C:\dev\insight\Epistemic-Foundry\packages\foundry-kernel\src\state\sqlite\integrity-safe-mode.test.mjs"/>
	<testcase name="schema drift enters SAFE_MODE: missing safe-integer revision ceiling" time="0.021652" classname="test" file="C:\dev\insight\Epistemic-Foundry\packages\foundry-kernel\src\state\sqlite\integrity-safe-mode.test.mjs"/>
	<testcase name="schema drift enters SAFE_MODE: missing JSON validity check" time="0.023045" classname="test" file="C:\dev\insight\Epistemic-Foundry\packages\foundry-kernel\src\state\sqlite\integrity-safe-mode.test.mjs"/>
	<testcase name="invalid persisted JSON enters SAFE_MODE during reopen" time="0.032816" classname="test" file="C:\dev\insight\Epistemic-Foundry\packages\foundry-kernel\src\state\sqlite\integrity-safe-mode.test.mjs"/>
	<testcase name="checkIntegrity detects runtime JSON corruption and enters SAFE_MODE" time="0.026653" classname="test" file="C:\dev\insight\Epistemic-Foundry\packages\foundry-kernel\src\state\sqlite\integrity-safe-mode.test.mjs"/>
	<testcase name="runtime JSON corruption fails the read and immediately enters SAFE_MODE" time="0.024715" classname="test" file="C:\dev\insight\Epistemic-Foundry\packages\foundry-kernel\src\state\sqlite\integrity-safe-mode.test.mjs"/>
	<testcase name="runtime revision corruption is detected on read and enters SAFE_MODE" time="0.026171" classname="test" file="C:\dev\insight\Epistemic-Foundry\packages\foundry-kernel\src\state\sqlite\integrity-safe-mode.test.mjs"/>
	<testcase name="runtime schema-version drift enters SAFE_MODE before read" time="0.024918" classname="test" file="C:\dev\insight\Epistemic-Foundry\packages\foundry-kernel\src\state\sqlite\integrity-safe-mode.test.mjs"/>
	<testcase name="runtime schema-version drift enters SAFE_MODE before integrity check" time="0.040744" classname="test" file="C:\dev\insight\Epistemic-Foundry\packages\foundry-kernel\src\state\sqlite\integrity-safe-mode.test.mjs"/>
	<testcase name="runtime schema-version drift enters SAFE_MODE before mutation" time="0.024552" classname="test" file="C:\dev\insight\Epistemic-Foundry\packages\foundry-kernel\src\state\sqlite\integrity-safe-mode.test.mjs"/>
	<testcase name="SQLite store uses WAL and committed state survives reopen" time="0.029361" classname="test" file="C:\dev\insight\Epistemic-Foundry\packages\foundry-kernel\src\state\sqlite\sqlite-wal.test.mjs"/>
	<testcase name="transaction rollback leaves no partial records or revisions" time="0.028161" classname="test" file="C:\dev\insight\Epistemic-Foundry\packages\foundry-kernel\src\state\sqlite\sqlite-wal.test.mjs"/>
	<testcase name="transaction rejects then accessors without executing them and revokes the handle" time="0.023500" classname="test" file="C:\dev\insight\Epistemic-Foundry\packages\foundry-kernel\src\state\sqlite\sqlite-wal.test.mjs"/>
	<testcase name="rejected async transaction cannot write before or after its await boundary" time="0.022401" classname="test" file="C:\dev\insight\Epistemic-Foundry\packages\foundry-kernel\src\state\sqlite\sqlite-wal.test.mjs"/>
	<testcase name="rejected async transaction is observed while its continuation remains revoked" time="0.028204" classname="test" file="C:\dev\insight\Epistemic-Foundry\packages\foundry-kernel\src\state\sqlite\sqlite-wal.test.mjs"/>
	<testcase name="cross-realm async rejection is observed without running constructor or species hooks" time="0.022411" classname="test" file="C:\dev\insight\Epistemic-Foundry\packages\foundry-kernel\src\state\sqlite\sqlite-wal.test.mjs"/>
	<testcase name="rejected Promise subclass is observed without running inherited hooks" time="0.023233" classname="test" file="C:\dev\insight\Epistemic-Foundry\packages\foundry-kernel\src\state\sqlite\sqlite-wal.test.mjs"/>
	<testcase name="rejected preventExtensions Promise is observed without becoming extensible" time="0.021519" classname="test" file="C:\dev\insight\Epistemic-Foundry\packages\foundry-kernel\src\state\sqlite\sqlite-wal.test.mjs"/>
	<testcase name="rejected seal Promise is observed without becoming extensible" time="0.023013" classname="test" file="C:\dev\insight\Epistemic-Foundry\packages\foundry-kernel\src\state\sqlite\sqlite-wal.test.mjs"/>
	<testcase name="rejected freeze Promise is observed without becoming extensible" time="0.019786" classname="test" file="C:\dev\insight\Epistemic-Foundry\packages\foundry-kernel\src\state\sqlite\sqlite-wal.test.mjs"/>
	<testcase name="native Promise results remain denied after Promise then-method tampering" time="0.021517" classname="test" file="C:\dev\insight\Epistemic-Foundry\packages\foundry-kernel\src\state\sqlite\sqlite-wal.test.mjs"/>
	<testcase name="an unconfirmed transaction outcome enters SAFE_MODE and denies reuse" time="0.018736" classname="test" file="C:\dev\insight\Epistemic-Foundry\packages\foundry-kernel\src\state\sqlite\sqlite-wal.test.mjs"/>
	<testcase name="record values reject lossy or non-JSON JavaScript values" time="0.026597" classname="test" file="C:\dev\insight\Epistemic-Foundry\packages\foundry-kernel\src\state\sqlite\sqlite-wal.test.mjs"/>
	<testcase name="record encoding ignores inherited object and array toJSON hooks" time="0.025625" classname="test" file="C:\dev\insight\Epistemic-Foundry\packages\foundry-kernel\src\state\sqlite\sqlite-wal.test.mjs"/>
	<testcase name="record encoding ignores inherited array join hooks" time="0.022432" classname="test" file="C:\dev\insight\Epistemic-Foundry\packages\foundry-kernel\src\state\sqlite\sqlite-wal.test.mjs"/>
	<testcase name="record encoding ignores inherited string and number helper hooks" time="0.022520" classname="test" file="C:\dev\insight\Epistemic-Foundry\packages\foundry-kernel\src\state\sqlite\sqlite-wal.test.mjs"/>
	<testcase name="record validation ignores inherited RegExp test hooks" time="0.017425" classname="test" file="C:\dev\insight\Epistemic-Foundry\packages\foundry-kernel\src\state\sqlite\sqlite-wal.test.mjs"/>
	<testcase name="explicit close remains distinct from SAFE_MODE" time="0.017789" classname="test" file="C:\dev\insight\Epistemic-Foundry\packages\foundry-kernel\src\state\sqlite\sqlite-wal.test.mjs"/>
	<testcase name="compare-and-swap reports revision exhaustion without modifying the record" time="0.034378" classname="test" file="C:\dev\insight\Epistemic-Foundry\packages\foundry-kernel\src\state\sqlite\sqlite-wal.test.mjs"/>
	<testcase name="node_contract_test: vocabulary derives from the canonical schema" time="0.001012" classname="test" file="C:\dev\insight\Epistemic-Foundry\packages\foundry-kernel\src\workflows\compiler\node-contract.test.mjs"/>
	<testcase name="node_contract_test: the schema file matches the sealed contracts registry" time="0.000558" classname="test" file="C:\dev\insight\Epistemic-Foundry\packages\foundry-kernel\src\workflows\compiler\node-contract.test.mjs"/>
	<testcase name="node_contract_test: unknown executors are blocked with the canonical list" time="0.000735" classname="test" file="C:\dev\insight\Epistemic-Foundry\packages\foundry-kernel\src\workflows\compiler\node-contract.test.mjs"/>
	<testcase name="node_contract_test: non-canonical vocabulary values fail closed" time="0.000331" classname="test" file="C:\dev\insight\Epistemic-Foundry\packages\foundry-kernel\src\workflows\compiler\node-contract.test.mjs"/>
	<testcase name="node_contract_test: the field set is exact" time="0.000243" classname="test" file="C:\dev\insight\Epistemic-Foundry\packages\foundry-kernel\src\workflows\compiler\node-contract.test.mjs"/>
	<testcase name="node_contract_test: schema references must resolve to canonical files" time="0.000291" classname="test" file="C:\dev\insight\Epistemic-Foundry\packages\foundry-kernel\src\workflows\compiler\node-contract.test.mjs"/>
	<testcase name="node_contract_test: executor references follow the canonical conventions" time="0.002337" classname="test" file="C:\dev\insight\Epistemic-Foundry\packages\foundry-kernel\src\workflows\compiler\node-contract.test.mjs"/>
	<testcase name="node_contract_test: numeric bounds and loop refs fail closed" time="0.000272" classname="test" file="C:\dev\insight\Epistemic-Foundry\packages\foundry-kernel\src\workflows\compiler\node-contract.test.mjs"/>
	<testcase name="node_contract_test: a tampered canonical schema is rejected at factory time" time="0.000276" classname="test" file="C:\dev\insight\Epistemic-Foundry\packages\foundry-kernel\src\workflows\compiler\node-contract.test.mjs"/>
	<testcase name="node_contract_test: vocabulary derives from the canonical schema" time="0.001048" classname="test" file="C:\dev\insight\Epistemic-Foundry\packages\foundry-kernel\src\workflows\compiler\node-contract.test.mjs"/>
	<testcase name="node_contract_test: the schema file matches the sealed contracts registry" time="0.000495" classname="test" file="C:\dev\insight\Epistemic-Foundry\packages\foundry-kernel\src\workflows\compiler\node-contract.test.mjs"/>
	<testcase name="node_contract_test: unknown executors are blocked with the canonical list" time="0.000691" classname="test" file="C:\dev\insight\Epistemic-Foundry\packages\foundry-kernel\src\workflows\compiler\node-contract.test.mjs"/>
	<testcase name="node_contract_test: non-canonical vocabulary values fail closed" time="0.000301" classname="test" file="C:\dev\insight\Epistemic-Foundry\packages\foundry-kernel\src\workflows\compiler\node-contract.test.mjs"/>
	<testcase name="node_contract_test: the field set is exact" time="0.000235" classname="test" file="C:\dev\insight\Epistemic-Foundry\packages\foundry-kernel\src\workflows\compiler\node-contract.test.mjs"/>
	<testcase name="node_contract_test: schema references must resolve to canonical files" time="0.000257" classname="test" file="C:\dev\insight\Epistemic-Foundry\packages\foundry-kernel\src\workflows\compiler\node-contract.test.mjs"/>
	<testcase name="node_contract_test: executor references follow the canonical conventions" time="0.002235" classname="test" file="C:\dev\insight\Epistemic-Foundry\packages\foundry-kernel\src\workflows\compiler\node-contract.test.mjs"/>
	<testcase name="node_contract_test: numeric bounds and loop refs fail closed" time="0.000242" classname="test" file="C:\dev\insight\Epistemic-Foundry\packages\foundry-kernel\src\workflows\compiler\node-contract.test.mjs"/>
	<testcase name="node_contract_test: a tampered canonical schema is rejected at factory time" time="0.000883" classname="test" file="C:\dev\insight\Epistemic-Foundry\packages\foundry-kernel\src\workflows\compiler\node-contract.test.mjs"/>
	<testcase name="workflow_compile_test: a valid document compiles deterministically" time="0.001723" classname="test" file="C:\dev\insight\Epistemic-Foundry\packages\foundry-kernel\src\workflows\compiler\workflow-compile.test.mjs"/>
	<testcase name="workflow_compile_test: compilation does not mutate the input document" time="0.000664" classname="test" file="C:\dev\insight\Epistemic-Foundry\packages\foundry-kernel\src\workflows\compiler\workflow-compile.test.mjs"/>
	<testcase name="workflow_compile_test: ordered write-scope sharing yields an ordered resource edge" time="0.000461" classname="test" file="C:\dev\insight\Epistemic-Foundry\packages\foundry-kernel\src\workflows\compiler\workflow-compile.test.mjs"/>
	<testcase name="workflow_compile_test: unordered write-scope sharing needs a declared resource" time="0.000656" classname="test" file="C:\dev\insight\Epistemic-Foundry\packages\foundry-kernel\src\workflows\compiler\workflow-compile.test.mjs"/>
	<testcase name="workflow_compile_test: DAG violations are blocked by the sealed scheduler" time="0.000778" classname="test" file="C:\dev\insight\Epistemic-Foundry\packages\foundry-kernel\src\workflows\compiler\workflow-compile.test.mjs"/>
	<testcase name="workflow_compile_test: document contract violations fail closed" time="0.000270" classname="test" file="C:\dev\insight\Epistemic-Foundry\packages\foundry-kernel\src\workflows\compiler\workflow-compile.test.mjs"/>
	<testcase name="workflow_compile_test: capacity overrides are bounded and validated" time="0.000678" classname="test" file="C:\dev\insight\Epistemic-Foundry\packages\foundry-kernel\src\workflows\compiler\workflow-compile.test.mjs"/>
	<testcase name="workflow_compile_test: the canonical memory_recall projection compiles" time="0.002457" classname="test" file="C:\dev\insight\Epistemic-Foundry\packages\foundry-kernel\src\workflows\compiler\workflow-compile.test.mjs"/>
	<testcase name="checkpoint_resume_test: sealing proves replay rather than asserting it" time="0.009925" classname="test" file="C:\dev\insight\Epistemic-Foundry\packages\foundry-kernel\src\workflows\runtime\checkpoint-resume.test.mjs"/>
	<testcase name="checkpoint_resume_test: sealing is deterministic and hash-bound" time="0.004928" classname="test" file="C:\dev\insight\Epistemic-Foundry\packages\foundry-kernel\src\workflows\runtime\checkpoint-resume.test.mjs"/>
	<testcase name="checkpoint_resume_test: run and plan identity are enforced when sealing" time="0.001972" classname="test" file="C:\dev\insight\Epistemic-Foundry\packages\foundry-kernel\src\workflows\runtime\checkpoint-resume.test.mjs"/>
	<testcase name="checkpoint_resume_test: resume rebuilds the exact sealed state" time="0.005115" classname="test" file="C:\dev\insight\Epistemic-Foundry\packages\foundry-kernel\src\workflows\runtime\checkpoint-resume.test.mjs"/>
	<testcase name="checkpoint_resume_test: the resumed scheduler continues the run" time="0.005220" classname="test" file="C:\dev\insight\Epistemic-Foundry\packages\foundry-kernel\src\workflows\runtime\checkpoint-resume.test.mjs"/>
	<testcase name="checkpoint_resume_test: resume requires an approved independent review" time="0.002581" classname="test" file="C:\dev\insight\Epistemic-Foundry\packages\foundry-kernel\src\workflows\runtime\checkpoint-resume.test.mjs"/>
	<testcase name="checkpoint_resume_test: a divergent or truncated command log cannot resume" time="0.003206" classname="test" file="C:\dev\insight\Epistemic-Foundry\packages\foundry-kernel\src\workflows\runtime\checkpoint-resume.test.mjs"/>
	<testcase name="checkpoint_resume_test: an unverified checkpoint cannot resume" time="0.002328" classname="test" file="C:\dev\insight\Epistemic-Foundry\packages\foundry-kernel\src\workflows\runtime\checkpoint-resume.test.mjs"/>
	<testcase name="checkpoint_resume_test: pause preserves in-flight work without admitting more" time="0.003709" classname="test" file="C:\dev\insight\Epistemic-Foundry\packages\foundry-kernel\src\workflows\runtime\checkpoint-resume.test.mjs"/>
	<testcase name="cancellation_test: a run with no pending effect cancels cleanly" time="0.003825" classname="test" file="C:\dev\insight\Epistemic-Foundry\packages\foundry-kernel\src\workflows\runtime\cancellation.test.mjs"/>
	<testcase name="cancellation_test: an in-flight effect without a receipt is not a clean stop" time="0.002285" classname="test" file="C:\dev\insight\Epistemic-Foundry\packages\foundry-kernel\src\workflows\runtime\cancellation.test.mjs"/>
	<testcase name="cancellation_test: terminal receipts reconcile the pending effects" time="0.001881" classname="test" file="C:\dev\insight\Epistemic-Foundry\packages\foundry-kernel\src\workflows\runtime\cancellation.test.mjs"/>
	<testcase name="cancellation_test: an UNKNOWN receipt stays unresolved" time="0.003542" classname="test" file="C:\dev\insight\Epistemic-Foundry\packages\foundry-kernel\src\workflows\runtime\cancellation.test.mjs"/>
	<testcase name="cancellation_test: partial reconciliation stays partial" time="0.010596" classname="test" file="C:\dev\insight\Epistemic-Foundry\packages\foundry-kernel\src\workflows\runtime\cancellation.test.mjs"/>
	<testcase name="cancellation_test: foreign, duplicate, and malformed receipts fail closed" time="0.004724" classname="test" file="C:\dev\insight\Epistemic-Foundry\packages\foundry-kernel\src\workflows\runtime\cancellation.test.mjs"/>
	<testcase name="cancellation_test: cancellation seals a replay-verified checkpoint" time="0.003967" classname="test" file="C:\dev\insight\Epistemic-Foundry\packages\foundry-kernel\src\workflows\runtime\cancellation.test.mjs"/>
	<testcase name="cancellation_test: cancellation does not mutate the scheduler" time="0.002723" classname="test" file="C:\dev\insight\Epistemic-Foundry\packages\foundry-kernel\src\workflows\runtime\cancellation.test.mjs"/>
	<testcase name="cancellation_test: cancellation is deterministic" time="0.002938" classname="test" file="C:\dev\insight\Epistemic-Foundry\packages\foundry-kernel\src\workflows\runtime\cancellation.test.mjs"/>
	<testcase name="checkpoint_resume_test: sealing proves replay rather than asserting it" time="0.012157" classname="test" file="C:\dev\insight\Epistemic-Foundry\packages\foundry-kernel\src\workflows\runtime\checkpoint-resume.test.mjs"/>
	<testcase name="checkpoint_resume_test: sealing is deterministic and hash-bound" time="0.007710" classname="test" file="C:\dev\insight\Epistemic-Foundry\packages\foundry-kernel\src\workflows\runtime\checkpoint-resume.test.mjs"/>
	<testcase name="checkpoint_resume_test: run and plan identity are enforced when sealing" time="0.001912" classname="test" file="C:\dev\insight\Epistemic-Foundry\packages\foundry-kernel\src\workflows\runtime\checkpoint-resume.test.mjs"/>
	<testcase name="checkpoint_resume_test: resume rebuilds the exact sealed state" time="0.004723" classname="test" file="C:\dev\insight\Epistemic-Foundry\packages\foundry-kernel\src\workflows\runtime\checkpoint-resume.test.mjs"/>
	<testcase name="checkpoint_resume_test: the resumed scheduler continues the run" time="0.005637" classname="test" file="C:\dev\insight\Epistemic-Foundry\packages\foundry-kernel\src\workflows\runtime\checkpoint-resume.test.mjs"/>
	<testcase name="checkpoint_resume_test: resume requires an approved independent review" time="0.004520" classname="test" file="C:\dev\insight\Epistemic-Foundry\packages\foundry-kernel\src\workflows\runtime\checkpoint-resume.test.mjs"/>
	<testcase name="checkpoint_resume_test: a divergent or truncated command log cannot resume" time="0.003427" classname="test" file="C:\dev\insight\Epistemic-Foundry\packages\foundry-kernel\src\workflows\runtime\checkpoint-resume.test.mjs"/>
	<testcase name="checkpoint_resume_test: an unverified checkpoint cannot resume" time="0.002308" classname="test" file="C:\dev\insight\Epistemic-Foundry\packages\foundry-kernel\src\workflows\runtime\checkpoint-resume.test.mjs"/>
	<testcase name="checkpoint_resume_test: pause preserves in-flight work without admitting more" time="0.002367" classname="test" file="C:\dev\insight\Epistemic-Foundry\packages\foundry-kernel\src\workflows\runtime\checkpoint-resume.test.mjs"/>
	<testcase name="dispatcher_boundary_test: dispatcher is a fixed process adapter without domain logic" time="0.001337" classname="test" file="C:\dev\insight\Epistemic-Foundry\packages\plugin-host\src\cli-dispatch\dispatcher-boundary.test.mjs"/>
	<testcase name="dispatcher_boundary_test: no alternate executable, target, or shell fallback exists" time="0.001092" classname="test" file="C:\dev\insight\Epistemic-Foundry\packages\plugin-host\src\cli-dispatch\dispatcher-boundary.test.mjs"/>
	<testcase name="payload_cli_smoke: absolute plugin entry works without an efoundry PATH alias" time="0.144320" classname="test" file="C:\dev\insight\Epistemic-Foundry\packages\plugin-host\src\cli-dispatch\payload-cli-smoke.test.mjs"/>
	<testcase name="payload_cli_smoke: a missing payload target fails instead of using a repo or PATH fallback" time="0.135591" classname="test" file="C:\dev\insight\Epistemic-Foundry\packages\plugin-host\src\cli-dispatch\payload-cli-smoke.test.mjs"/>
	<testcase name="hook_schema_fixture_test: canonical schema vocabulary and deterministic fixture agree" time="0.003716" classname="test" file="C:\dev\insight\Epistemic-Foundry\packages\plugin-host\src\hooks\gateway\hook-schema-fixture.test.mjs"/>
	<testcase name="hook_schema_fixture_test: object insertion order cannot change hashes" time="0.000617" classname="test" file="C:\dev\insight\Epistemic-Foundry\packages\plugin-host\src\hooks\gateway\hook-schema-fixture.test.mjs"/>
	<testcase name="hook_schema_fixture_test: the decision callback receives only an immutable canonical view" time="0.000534" classname="test" file="C:\dev\insight\Epistemic-Foundry\packages\plugin-host\src\hooks\gateway\hook-schema-fixture.test.mjs"/>
	<testcase name="hook_schema_fixture_test: invalid callback output becomes an explicit schema-valid error" time="0.000470" classname="test" file="C:\dev\insight\Epistemic-Foundry\packages\plugin-host\src\hooks\gateway\hook-schema-fixture.test.mjs"/>
	<testcase name="hook_schema_fixture_test: hostile or non-JSON payloads fail closed before decision" time="0.000568" classname="test" file="C:\dev\insight\Epistemic-Foundry\packages\plugin-host\src\hooks\gateway\hook-schema-fixture.test.mjs"/>
	<testcase name="hook_schema_fixture_test: envelope integrity rejects tampering" time="0.000595" classname="test" file="C:\dev\insight\Epistemic-Foundry\packages\plugin-host\src\hooks\gateway\hook-schema-fixture.test.mjs"/>
	<testcase name="hook_timeout_test: a non-settling decision returns a bounded fail-closed envelope" time="0.035888" classname="test" file="C:\dev\insight\Epistemic-Foundry\packages\plugin-host\src\hooks\gateway\hook-timeout.test.mjs"/>
	<testcase name="hook_timeout_test: late completion cannot mutate the sealed timeout result" time="0.060539" classname="test" file="C:\dev\insight\Epistemic-Foundry\packages\plugin-host\src\hooks\gateway\hook-timeout.test.mjs"/>
	<testcase name="hook_timeout_test: callback rejection is explicit and does not leak its message" time="0.000946" classname="test" file="C:\dev\insight\Epistemic-Foundry\packages\plugin-host\src\hooks\gateway\hook-timeout.test.mjs"/>
	<testcase name="hook_timeout_test: a fast canonical decision wins without timeout rewriting" time="0.000452" classname="test" file="C:\dev\insight\Epistemic-Foundry\packages\plugin-host\src\hooks\gateway\hook-timeout.test.mjs"/>
	<testcase name="hook_timeout_test: timeout bounds are validated before callback invocation" time="0.000986" classname="test" file="C:\dev\insight\Epistemic-Foundry\packages\plugin-host\src\hooks\gateway\hook-timeout.test.mjs"/>
	<testcase name="path_resolution_test: explicit roots preserve spaces and non-ASCII names" time="0.006800" classname="test" file="C:\dev\insight\Epistemic-Foundry\packages\plugin-host\src\paths\path-resolution.test.mjs"/>
	<testcase name="path_resolution_test: a fresh explicit workspace has one deterministic state location" time="0.006401" classname="test" file="C:\dev\insight\Epistemic-Foundry\packages\plugin-host\src\paths\path-resolution.test.mjs"/>
	<testcase name="path_resolution_test: root traversal and linked workspace state fail closed" time="0.004887" classname="test" file="C:\dev\insight\Epistemic-Foundry\packages\plugin-host\src\paths\path-resolution.test.mjs"/>
	<testcase name="path_resolution_test: missing or relative roots never fall back to cwd or environment" time="0.004395" classname="test" file="C:\dev\insight\Epistemic-Foundry\packages\plugin-host\src\paths\path-resolution.test.mjs"/>
	<testcase name="path_resolution_test: installed code and writable data cannot overlap" time="0.007682" classname="test" file="C:\dev\insight\Epistemic-Foundry\packages\plugin-host\src\paths\path-resolution.test.mjs"/>
	<testcase name="path_resolution_test: workspace state cannot be placed under installed code" time="0.006596" classname="test" file="C:\dev\insight\Epistemic-Foundry\packages\plugin-host\src\paths\path-resolution.test.mjs"/>
	<testcase name="path_resolution_test: plugin data and workspace boundaries cannot overlap" time="0.005450" classname="test" file="C:\dev\insight\Epistemic-Foundry\packages\plugin-host\src\paths\path-resolution.test.mjs"/>
	<testcase name="path_resolution_test: strict inputs reject unknown fields, accessors, and Proxies" time="0.004216" classname="test" file="C:\dev\insight\Epistemic-Foundry\packages\plugin-host\src\paths\path-resolution.test.mjs"/>
	<testcase name="path_traversal_test: valid portable children remain inside their selected boundary" time="0.009074" classname="test" file="C:\dev\insight\Epistemic-Foundry\packages\plugin-host\src\paths\path-traversal.test.mjs"/>
	<testcase name="path_traversal_test: traversal, absolute, mixed-separator, NUL, and alias paths fail closed" time="0.009220" classname="test" file="C:\dev\insight\Epistemic-Foundry\packages\plugin-host\src\paths\path-traversal.test.mjs"/>
	<testcase name="path_traversal_test: links, junctions, and linked roots are denied" time="0.008170" classname="test" file="C:\dev\insight\Epistemic-Foundry\packages\plugin-host\src\paths\path-traversal.test.mjs"/>
	<testcase name="path_traversal_test: missing parents and mismatched target modes are rejected" time="0.006874" classname="test" file="C:\dev\insight\Epistemic-Foundry\packages\plugin-host\src\paths\path-traversal.test.mjs"/>
	<testcase name="path_traversal_test: copied resolutions and replaced roots cannot retain authority" time="0.007072" classname="test" file="C:\dev\insight\Epistemic-Foundry\packages\plugin-host\src\paths\path-traversal.test.mjs"/>
	<testcase name="skill_metadata_lint: parent frontmatter has bounded implicit invocation metadata" time="0.001621" classname="test" file="C:\dev\insight\Epistemic-Foundry\packages\plugin-host\src\skill-router\skill-metadata-lint.test.mjs"/>
	<testcase name="skill_metadata_lint: parent instructions preserve routing-only authority boundary" time="0.000316" classname="test" file="C:\dev\insight\Epistemic-Foundry\packages\plugin-host\src\skill-router\skill-metadata-lint.test.mjs"/>
	<testcase name="skill_metadata_lint: always-visible agent metadata has exact trigger and exclusion boundaries" time="0.000679" classname="test" file="C:\dev\insight\Epistemic-Foundry\packages\plugin-host\src\skill-router\skill-metadata-lint.test.mjs"/>
	<testcase name="skill_metadata_lint: initial metadata does not embed full instructions or references" time="0.000297" classname="test" file="C:\dev\insight\Epistemic-Foundry\packages\plugin-host\src\skill-router\skill-metadata-lint.test.mjs"/>
	<testcase name="skill_routing_eval: bounded parent metadata permits one implicit route" time="0.002717" classname="test" file="C:\dev\insight\Epistemic-Foundry\packages\plugin-host\src\skill-router\skill-router.test.mjs"/>
	<testcase name="skill_routing_eval: emitted decision validates against the canonical schema" time="0.241571" classname="test" file="C:\dev\insight\Epistemic-Foundry\packages\plugin-host\src\skill-router\skill-router.test.mjs"/>
	<testcase name="skill_routing_eval: ordinary editing and casual questions select no skill" time="0.000816" classname="test" file="C:\dev\insight\Epistemic-Foundry\packages\plugin-host\src\skill-router\skill-router.test.mjs"/>
	<testcase name="skill_routing_eval: exact explicit selection may route a sensitive bundled skill" time="0.000382" classname="test" file="C:\dev\insight\Epistemic-Foundry\packages\plugin-host\src\skill-router\skill-router.test.mjs"/>
	<testcase name="skill_routing_eval: unknown explicit skill fails closed" time="0.000411" classname="test" file="C:\dev\insight\Epistemic-Foundry\packages\plugin-host\src\skill-router\skill-router.test.mjs"/>
	<testcase name="skill_routing_eval: sensitive, side-effecting, and unspecified policies deny implicit invocation" time="0.000676" classname="test" file="C:\dev\insight\Epistemic-Foundry\packages\plugin-host\src\skill-router\skill-router.test.mjs"/>
	<testcase name="skill_routing_eval: tied implicit candidates abstain instead of auto-selecting" time="0.000363" classname="test" file="C:\dev\insight\Epistemic-Foundry\packages\plugin-host\src\skill-router\skill-router.test.mjs"/>
	<testcase name="skill_routing_eval: full instructions and references cannot enter metadata input" time="0.000201" classname="test" file="C:\dev\insight\Epistemic-Foundry\packages\plugin-host\src\skill-router\skill-router.test.mjs"/>
	<testcase name="skill_routing_eval: remote skills are never implicitly selected" time="0.000304" classname="test" file="C:\dev\insight\Epistemic-Foundry\packages\plugin-host\src\skill-router\skill-router.test.mjs"/>
	<testcase name="skill_routing_eval: explicit remote route requires exact S03-branded authorization" time="0.000620" classname="test" file="C:\dev\insight\Epistemic-Foundry\packages\plugin-host\src\skill-router\skill-router.test.mjs"/>
	<testcase name="skill_routing_eval: candidate and phrase order do not change decision hash or ID" time="0.000870" classname="test" file="C:\dev\insight\Epistemic-Foundry\packages\plugin-host\src\skill-router\skill-router.test.mjs"/>
	<testcase name="skill_routing_eval: decision hash binds the exact indexed skill content" time="0.000322" classname="test" file="C:\dev\insight\Epistemic-Foundry\packages\plugin-host\src\skill-router\skill-router.test.mjs"/>
	<testcase name="skill_routing_eval: canonical hash helper rejects non-JSON object tricks" time="0.000904" classname="test" file="C:\dev\insight\Epistemic-Foundry\packages\plugin-host\src\skill-router\skill-router.test.mjs"/>
	<testcase name="skill_routing_eval: caller inputs remain mutable while returned decision is deeply frozen" time="0.000489" classname="test" file="C:\dev\insight\Epistemic-Foundry\packages\plugin-host\src\skill-router\skill-router.test.mjs"/>
	<testcase name="skill_routing_eval: proxy, accessor, sparse array, duplicate ID, and invalid hash fail closed" time="0.000389" classname="test" file="C:\dev\insight\Epistemic-Foundry\packages\plugin-host\src\skill-router\skill-router.test.mjs"/>
	<testcase name="adapter_compilation_test: Codex compilation is deterministic, immutable, and content-addressed" time="0.014121" classname="test" file="C:\dev\insight\Epistemic-Foundry\packages\role-router\src\adapters\adapter-compilation.test.mjs"/>
	<testcase name="adapter_compilation_test: Codex and Claude preserve identical canonical role authority" time="0.001772" classname="test" file="C:\dev\insight\Epistemic-Foundry\packages\role-router\src\adapters\adapter-compilation.test.mjs"/>
	<testcase name="adapter_compilation_test: descriptor binds exact runtime, routing receipt, output, and count" time="0.001280" classname="test" file="C:\dev\insight\Epistemic-Foundry\packages\role-router\src\adapters\adapter-compilation.test.mjs"/>
	<testcase name="adapter_compilation_test: subagent unavailability uses only explicit serial fallback" time="0.000912" classname="test" file="C:\dev\insight\Epistemic-Foundry\packages\role-router\src\adapters\adapter-compilation.test.mjs"/>
	<testcase name="adapter_compilation_test: missing subagent and serial capabilities blocks instead of substituting" time="0.000798" classname="test" file="C:\dev\insight\Epistemic-Foundry\packages\role-router\src\adapters\adapter-compilation.test.mjs"/>
	<testcase name="adapter_compilation_test: blocked and safe-mode hosts cannot compile executable work" time="0.000954" classname="test" file="C:\dev\insight\Epistemic-Foundry\packages\role-router\src\adapters\adapter-compilation.test.mjs"/>
	<testcase name="adapter_compilation_test: a read-only host cannot receive a write-capable RoleSpec" time="0.001399" classname="test" file="C:\dev\insight\Epistemic-Foundry\packages\role-router\src\adapters\adapter-compilation.test.mjs"/>
	<testcase name="adapter_compilation_test: policy-approved RoleSpec fallback tier is explicit and recorded" time="0.000914" classname="test" file="C:\dev\insight\Epistemic-Foundry\packages\role-router\src\adapters\adapter-compilation.test.mjs"/>
	<testcase name="adapter_compilation_test: unauthorized or unapproved model fallback fails closed" time="0.001469" classname="test" file="C:\dev\insight\Epistemic-Foundry\packages\role-router\src\adapters\adapter-compilation.test.mjs"/>
	<testcase name="adapter_compilation_test: floating model and runtime references are rejected" time="0.001841" classname="test" file="C:\dev\insight\Epistemic-Foundry\packages\role-router\src\adapters\adapter-compilation.test.mjs"/>
	<testcase name="adapter_compilation_test: capability report hash and host identity are verified" time="0.000990" classname="test" file="C:\dev\insight\Epistemic-Foundry\packages\role-router\src\adapters\adapter-compilation.test.mjs"/>
	<testcase name="adapter_compilation_test: rehashed non-canonical capability reports fail closed" time="0.002277" classname="test" file="C:\dev\insight\Epistemic-Foundry\packages\role-router\src\adapters\adapter-compilation.test.mjs"/>
	<testcase name="adapter_compilation_test: a tampered RoleSpec never reaches host compilation" time="0.000679" classname="test" file="C:\dev\insight\Epistemic-Foundry\packages\role-router\src\adapters\adapter-compilation.test.mjs"/>
	<testcase name="adapter_compilation_test: serialized descriptor mutation is detected" time="0.000738" classname="test" file="C:\dev\insight\Epistemic-Foundry\packages\role-router\src\adapters\adapter-compilation.test.mjs"/>
	<testcase name="adapter_compilation_test: attacker rehash cannot authorize an altered internal binding" time="0.001045" classname="test" file="C:\dev\insight\Epistemic-Foundry\packages\role-router\src\adapters\adapter-compilation.test.mjs"/>
	<testcase name="adapter_compilation_test: Codex Desktop is explicit and still preserves RoleSpec authority" time="0.000801" classname="test" file="C:\dev\insight\Epistemic-Foundry\packages\role-router\src\adapters\adapter-compilation.test.mjs"/>
	<testcase name="adapter_compilation_test: unknown host and unknown Codex built-in role both fail closed" time="0.000521" classname="test" file="C:\dev\insight\Epistemic-Foundry\packages\role-router\src\adapters\adapter-compilation.test.mjs"/>
	<testcase name="prompt_injection_boundary_test: host capability evidence is data, not prompt authority" time="0.010523" classname="test" file="C:\dev\insight\Epistemic-Foundry\packages\role-router\src\adapters\prompt-injection-boundary.test.mjs"/>
	<testcase name="prompt_injection_boundary_test: caller-supplied prompt and authority fields are rejected" time="0.001322" classname="test" file="C:\dev\insight\Epistemic-Foundry\packages\role-router\src\adapters\prompt-injection-boundary.test.mjs"/>
	<testcase name="prompt_injection_boundary_test: model routing cannot smuggle role semantics" time="0.002258" classname="test" file="C:\dev\insight\Epistemic-Foundry\packages\role-router\src\adapters\prompt-injection-boundary.test.mjs"/>
	<testcase name="prompt_injection_boundary_test: only the verified RoleSpec can supply mission and ACL text" time="0.001256" classname="test" file="C:\dev\insight\Epistemic-Foundry\packages\role-router\src\adapters\prompt-injection-boundary.test.mjs"/>
	<testcase name="prompt_injection_boundary_test: mutation without a new RoleSpec hash is rejected" time="0.000594" classname="test" file="C:\dev\insight\Epistemic-Foundry\packages\role-router\src\adapters\prompt-injection-boundary.test.mjs"/>
	<testcase name="prompt_injection_boundary_test: copied capability state cannot bypass its report hash" time="0.000606" classname="test" file="C:\dev\insight\Epistemic-Foundry\packages\role-router\src\adapters\prompt-injection-boundary.test.mjs"/>
	<testcase name="prompt_injection_boundary_test: accessor-backed compile fields never execute" time="0.000264" classname="test" file="C:\dev\insight\Epistemic-Foundry\packages\role-router\src\adapters\prompt-injection-boundary.test.mjs"/>
	<testcase name="prompt_injection_boundary_test: Proxy compile requests are rejected without trap execution" time="0.000246" classname="test" file="C:\dev\insight\Epistemic-Foundry\packages\role-router\src\adapters\prompt-injection-boundary.test.mjs"/>
	<testcase name="prompt_injection_boundary_test: host-specific target never changes canonical prompt" time="0.001683" classname="test" file="C:\dev\insight\Epistemic-Foundry\packages\role-router\src\adapters\prompt-injection-boundary.test.mjs"/>
	<testcase name="prompt_injection_boundary_test: descriptor prompt replacement fails integrity validation" time="0.001572" classname="test" file="C:\dev\insight\Epistemic-Foundry\packages\role-router\src\adapters\prompt-injection-boundary.test.mjs"/>
	<testcase name="prompt_injection_boundary_test: prompt replacement plus attacker rehash still fails semantic verification" time="0.001619" classname="test" file="C:\dev\insight\Epistemic-Foundry\packages\role-router\src\adapters\prompt-injection-boundary.test.mjs"/>
	<testcase name="prompt_injection_boundary_test: custom prototypes cannot carry hidden authority" time="0.000314" classname="test" file="C:\dev\insight\Epistemic-Foundry\packages\role-router\src\adapters\prompt-injection-boundary.test.mjs"/>
	<testcase name="acl_test: explicit tool, path, network, and evidence grants allow access" time="0.004382" classname="test" file="C:\dev\insight\Epistemic-Foundry\packages\role-router\src\contracts\acl.test.mjs"/>
	<testcase name="acl_test: every known but undeclared access is denied by default" time="0.001161" classname="test" file="C:\dev\insight\Epistemic-Foundry\packages\role-router\src\contracts\acl.test.mjs"/>
	<testcase name="acl_test: evidence ACLs preserve asymmetric defender and prosecutor views" time="0.001522" classname="test" file="C:\dev\insight\Epistemic-Foundry\packages\role-router\src\contracts\acl.test.mjs"/>
	<testcase name="acl_test: all_permitted is an explicit privileged grant but never a request class" time="0.000935" classname="test" file="C:\dev\insight\Epistemic-Foundry\packages\role-router\src\contracts\acl.test.mjs"/>
	<testcase name="acl_test: tool grants do not imply network, evidence, read, or write authority" time="0.000937" classname="test" file="C:\dev\insight\Epistemic-Foundry\packages\role-router\src\contracts\acl.test.mjs"/>
	<testcase name="acl_test: read and write scopes remain independent" time="0.001312" classname="test" file="C:\dev\insight\Epistemic-Foundry\packages\role-router\src\contracts\acl.test.mjs"/>
	<testcase name="acl_test: dotted and colon-delimited capability aliases fail closed" time="0.000530" classname="test" file="C:\dev\insight\Epistemic-Foundry\packages\role-router\src\contracts\acl.test.mjs"/>
	<testcase name="acl_test: unknown tool, evidence, and ACL vocabularies are never treated as denial aliases" time="0.000433" classname="test" file="C:\dev\insight\Epistemic-Foundry\packages\role-router\src\contracts\acl.test.mjs"/>
	<testcase name="acl_test: network ACLs bind exact canonical HTTPS origins" time="0.001002" classname="test" file="C:\dev\insight\Epistemic-Foundry\packages\role-router\src\contracts\acl.test.mjs"/>
	<testcase name="acl_test: access requests reject traversal and accessor or proxy wrappers without execution" time="0.001384" classname="test" file="C:\dev\insight\Epistemic-Foundry\packages\role-router\src\contracts\acl.test.mjs"/>
	<testcase name="acl_test: a tampered RoleSpec cannot authorize any access" time="0.000427" classname="test" file="C:\dev\insight\Epistemic-Foundry\packages\role-router\src\contracts\acl.test.mjs"/>
	<testcase name="role_schema_test: creates a deterministic content-addressed immutable RoleSpec" time="0.003294" classname="test" file="C:\dev\insight\Epistemic-Foundry\packages\role-router\src\contracts\role-schema.test.mjs"/>
	<testcase name="role_schema_test: set-semantic fields canonicalize while fallback precedence is preserved" time="0.000945" classname="test" file="C:\dev\insight\Epistemic-Foundry\packages\role-router\src\contracts\role-schema.test.mjs"/>
	<testcase name="role_schema_test: persisted integrity requires canonical ordering, hash, and derived ID" time="0.001501" classname="test" file="C:\dev\insight\Epistemic-Foundry\packages\role-router\src\contracts\role-schema.test.mjs"/>
	<testcase name="role_schema_test: mission, forbidden behavior, schemas, budget, and expected count are mandatory" time="0.000788" classname="test" file="C:\dev\insight\Epistemic-Foundry\packages\role-router\src\contracts\role-schema.test.mjs"/>
	<testcase name="role_schema_test: closed vocabularies and relationship constraints fail closed" time="0.000300" classname="test" file="C:\dev\insight\Epistemic-Foundry\packages\role-router\src\contracts\role-schema.test.mjs"/>
	<testcase name="role_schema_test: scopes reject traversal, absolute paths, separators, and malformed broadening" time="0.001024" classname="test" file="C:\dev\insight\Epistemic-Foundry\packages\role-router\src\contracts\role-schema.test.mjs"/>
	<testcase name="role_schema_test: duplicates are rejected rather than silently deduplicated" time="0.000379" classname="test" file="C:\dev\insight\Epistemic-Foundry\packages\role-router\src\contracts\role-schema.test.mjs"/>
	<testcase name="role_schema_test: hostile wrappers, accessors, sparse arrays, and custom prototypes are inert" time="0.000284" classname="test" file="C:\dev\insight\Epistemic-Foundry\packages\role-router\src\contracts\role-schema.test.mjs"/>
	<testcase name="role_schema_test: RoleDispatchPlan projection is exact, immutable, and provider-neutral" time="0.000489" classname="test" file="C:\dev\insight\Epistemic-Foundry\packages\role-router\src\contracts\role-schema.test.mjs"/>
	<testcase name="role_schema_test: canonical JSON rejects cycles and non-canonical numeric values" time="0.000212" classname="test" file="C:\dev\insight\Epistemic-Foundry\packages\role-router\src\contracts\role-schema.test.mjs"/>
	<testcase name="remote bytes remain quarantined and non-executable before approval" time="0.002920" classname="test" file="C:\dev\insight\Epistemic-Foundry\packages\skill-vault\src\malicious-skill-fixture.test.mjs"/>
	<testcase name="install hooks, dynamic evaluation, and self-approval claims block approval" time="0.001084" classname="test" file="C:\dev\insight\Epistemic-Foundry\packages\skill-vault\src\malicious-skill-fixture.test.mjs"/>
	<testcase name="path traversal, absolute paths, and portable name collisions fail closed" time="0.000291" classname="test" file="C:\dev\insight\Epistemic-Foundry\packages\skill-vault\src\malicious-skill-fixture.test.mjs"/>
	<testcase name="symlinks are inventoried without following them and remain critical" time="0.000355" classname="test" file="C:\dev\insight\Epistemic-Foundry\packages\skill-vault\src\malicious-skill-fixture.test.mjs"/>
	<testcase name="a failed signature is independently critical and cannot be approved" time="0.000271" classname="test" file="C:\dev\insight\Epistemic-Foundry\packages\skill-vault\src\malicious-skill-fixture.test.mjs"/>
	<testcase name="script-shaped files are inventoried and require process permission even without an executable bit" time="0.000562" classname="test" file="C:\dev\insight\Epistemic-Foundry\packages\skill-vault\src\malicious-skill-fixture.test.mjs"/>
	<testcase name="remote signature metadata is only a claim; review must attest a status explicitly" time="0.000220" classname="test" file="C:\dev\insight\Epistemic-Foundry\packages\skill-vault\src\malicious-skill-fixture.test.mjs"/>
	<testcase name="copied and foreign candidates or scans cannot gain local approval" time="0.000210" classname="test" file="C:\dev\insight\Epistemic-Foundry\packages\skill-vault\src\malicious-skill-fixture.test.mjs"/>
	<testcase name="a review must bind the exact source, revision, content hash, and inferred permissions" time="0.000301" classname="test" file="C:\dev\insight\Epistemic-Foundry\packages\skill-vault\src\malicious-skill-fixture.test.mjs"/>
	<testcase name="name collisions remain visible and cannot receive passing conformance" time="0.002200" classname="test" file="C:\dev\insight\Epistemic-Foundry\packages\skill-vault\src\malicious-skill-fixture.test.mjs"/>
	<testcase name="Proxy and accessor-bearing hostile records are rejected without invoking getters" time="0.000167" classname="test" file="C:\dev\insight\Epistemic-Foundry\packages\skill-vault\src\malicious-skill-fixture.test.mjs"/>
	<testcase name="SkillLockfile pins exact source, revision, hash, license, permissions, and approvers" time="0.005348" classname="test" file="C:\dev\insight\Epistemic-Foundry\packages\skill-vault\src\skill-lockfile.test.mjs"/>
	<testcase name="lock hashing is deterministic across review, permission, and approver input order" time="0.001217" classname="test" file="C:\dev\insight\Epistemic-Foundry\packages\skill-vault\src\skill-lockfile.test.mjs"/>
	<testcase name="serialized lockfiles can be integrity-checked but do not acquire runtime authority" time="0.000666" classname="test" file="C:\dev\insight\Epistemic-Foundry\packages\skill-vault\src\skill-lockfile.test.mjs"/>
	<testcase name="rejected decisions remain locked as rejected and cannot be installed" time="0.000371" classname="test" file="C:\dev\insight\Epistemic-Foundry\packages\skill-vault\src\skill-lockfile.test.mjs"/>
	<testcase name="disabled installation requires the exact approved content hash" time="0.000358" classname="test" file="C:\dev\insight\Epistemic-Foundry\packages\skill-vault\src\skill-lockfile.test.mjs"/>
	<testcase name="passing conformance cannot report permissions outside the lockfile" time="0.000677" classname="test" file="C:\dev\insight\Epistemic-Foundry\packages\skill-vault\src\skill-lockfile.test.mjs"/>
	<testcase name="activation cannot request a locked permission absent from conformance observations" time="0.000572" classname="test" file="C:\dev\insight\Epistemic-Foundry\packages\skill-vault\src\skill-lockfile.test.mjs"/>
	<testcase name="activation requires exact policy, passing conformance, and a non-expanding scope" time="0.000562" classname="test" file="C:\dev\insight\Epistemic-Foundry\packages\skill-vault\src\skill-lockfile.test.mjs"/>
	<testcase name="activation artifacts cannot be mixed across independent vault boundaries" time="0.000452" classname="test" file="C:\dev\insight\Epistemic-Foundry\packages\skill-vault\src\skill-lockfile.test.mjs"/>
	<testcase name="non-canonical or accessor-bearing lock snapshots fail closed" time="0.000485" classname="test" file="C:\dev\insight\Epistemic-Foundry\packages\skill-vault\src\skill-lockfile.test.mjs"/>
	<testcase name="edge_resolution_test: code and contract references resolve through typed identity namespaces" time="0.010755" classname="test" file="C:\dev\insight\Epistemic-Foundry\packages\workspace-map\src\inventory\edge-resolution.test.mjs"/>
	<testcase name="edge_resolution_test: research, provenance, skill, and hook direction is retained" time="0.006019" classname="test" file="C:\dev\insight\Epistemic-Foundry\packages\workspace-map\src\inventory\edge-resolution.test.mjs"/>
	<testcase name="edge_resolution_test: missing research locators remain explicit unresolved edges" time="0.003781" classname="test" file="C:\dev\insight\Epistemic-Foundry\packages\workspace-map\src\inventory\edge-resolution.test.mjs"/>
	<testcase name="edge_resolution_test: set permutation preserves edge hashes, IDs, and partition order" time="0.018210" classname="test" file="C:\dev\insight\Epistemic-Foundry\packages\workspace-map\src\inventory\edge-resolution.test.mjs"/>
	<testcase name="edge_resolution_test: extraction is pure, deeply immutable, and bound to inventory identity" time="0.016677" classname="test" file="C:\dev\insight\Epistemic-Foundry\packages\workspace-map\src\inventory\edge-resolution.test.mjs"/>
	<testcase name="edge_resolution_test: edge content, count, hash, ID, and partition tampering is detected" time="0.032710" classname="test" file="C:\dev\insight\Epistemic-Foundry\packages\workspace-map\src\inventory\edge-resolution.test.mjs"/>
	<testcase name="edge_resolution_test: absent sources, owner mismatch, and self edges fail closed" time="0.010257" classname="test" file="C:\dev\insight\Epistemic-Foundry\packages\workspace-map\src\inventory\edge-resolution.test.mjs"/>
	<testcase name="edge_resolution_test: invalid source or target semantics fail closed" time="0.006471" classname="test" file="C:\dev\insight\Epistemic-Foundry\packages\workspace-map\src\inventory\edge-resolution.test.mjs"/>
	<testcase name="edge_resolution_test: dependency edges cannot omit typed target identity or use unknown vocabulary" time="0.006495" classname="test" file="C:\dev\insight\Epistemic-Foundry\packages\workspace-map\src\inventory\edge-resolution.test.mjs"/>
	<testcase name="edge_resolution_test: duplicate references and hostile wrappers fail without accessor execution" time="0.006224" classname="test" file="C:\dev\insight\Epistemic-Foundry\packages\workspace-map\src\inventory\edge-resolution.test.mjs"/>
	<testcase name="edge_resolution_test: edge vocabulary is closed and contains every canonical layer relation" time="0.000117" classname="test" file="C:\dev\insight\Epistemic-Foundry\packages\workspace-map\src\inventory\edge-resolution.test.mjs"/>
	<testcase name="map_inventory_test: code, research, and artifact layers are indexed with explicit source classes" time="0.004611" classname="test" file="C:\dev\insight\Epistemic-Foundry\packages\workspace-map\src\inventory\map-inventory.test.mjs"/>
	<testcase name="map_inventory_test: source, dist, generated, vendor, and test identities remain distinct" time="0.001775" classname="test" file="C:\dev\insight\Epistemic-Foundry\packages\workspace-map\src\inventory\map-inventory.test.mjs"/>
	<testcase name="map_inventory_test: input permutation produces byte-identical deterministic inventory" time="0.004671" classname="test" file="C:\dev\insight\Epistemic-Foundry\packages\workspace-map\src\inventory\map-inventory.test.mjs"/>
	<testcase name="map_inventory_test: the mapper is pure and returns deeply immutable data" time="0.000996" classname="test" file="C:\dev\insight\Epistemic-Foundry\packages\workspace-map\src\inventory\map-inventory.test.mjs"/>
	<testcase name="map_inventory_test: canonical validation detects entity, count, hash, and ID tampering" time="0.006774" classname="test" file="C:\dev\insight\Epistemic-Foundry\packages\workspace-map\src\inventory\map-inventory.test.mjs"/>
	<testcase name="map_inventory_test: duplicate entity IDs, paths, and aliases fail closed" time="0.000570" classname="test" file="C:\dev\insight\Epistemic-Foundry\packages\workspace-map\src\inventory\map-inventory.test.mjs"/>
	<testcase name="map_inventory_test: portable paths reject traversal, absolute, drive, and separator variants" time="0.000269" classname="test" file="C:\dev\insight\Epistemic-Foundry\packages\workspace-map\src\inventory\map-inventory.test.mjs"/>
	<testcase name="map_inventory_test: unknown vocabularies and source-class mismatches fail closed" time="0.000208" classname="test" file="C:\dev\insight\Epistemic-Foundry\packages\workspace-map\src\inventory\map-inventory.test.mjs"/>
	<testcase name="map_inventory_test: location, locator, hash, and unreadable-path contracts are explicit" time="0.000715" classname="test" file="C:\dev\insight\Epistemic-Foundry\packages\workspace-map\src\inventory\map-inventory.test.mjs"/>
	<testcase name="map_inventory_test: hostile getters, Proxies, sparse arrays, and extra fields are rejected without access" time="0.000404" classname="test" file="C:\dev\insight\Epistemic-Foundry\packages\workspace-map\src\inventory\map-inventory.test.mjs"/>
	<testcase name="map_inventory_test: canonical vocabularies are closed, unique, and mapped" time="0.000136" classname="test" file="C:\dev\insight\Epistemic-Foundry\packages\workspace-map\src\inventory\map-inventory.test.mjs"/>
	<testcase name="centrality_reference_test: weighted PageRank constants are explicit" time="0.000530" classname="test" file="C:\dev\insight\Epistemic-Foundry\packages\workspace-map\src\ranking\baseline\centrality-reference.test.mjs"/>
	<testcase name="centrality_reference_test: two-node analytical reference is reproduced" time="0.006753" classname="test" file="C:\dev\insight\Epistemic-Foundry\packages\workspace-map\src\ranking\baseline\centrality-reference.test.mjs"/>
	<testcase name="centrality_reference_test: directed chain has a real non-uniform order" time="0.004588" classname="test" file="C:\dev\insight\Epistemic-Foundry\packages\workspace-map\src\ranking\baseline\centrality-reference.test.mjs"/>
	<testcase name="centrality_reference_test: algorithm inputs and parameters are recorded" time="0.002957" classname="test" file="C:\dev\insight\Epistemic-Foundry\packages\workspace-map\src\ranking\baseline\centrality-reference.test.mjs"/>
	<testcase name="centrality_reference_test: unresolved edges are recorded but never influence scores" time="0.006687" classname="test" file="C:\dev\insight\Epistemic-Foundry\packages\workspace-map\src\ranking\baseline\centrality-reference.test.mjs"/>
	<testcase name="centrality_reference_test: weak components and isolates are retained" time="0.002337" classname="test" file="C:\dev\insight\Epistemic-Foundry\packages\workspace-map\src\ranking\baseline\centrality-reference.test.mjs"/>
	<testcase name="centrality_reference_test: result order is node-id canonical and ranking order is separate" time="0.002650" classname="test" file="C:\dev\insight\Epistemic-Foundry\packages\workspace-map\src\ranking\baseline\centrality-reference.test.mjs"/>
	<testcase name="centrality_reference_test: input permutation leaves hash and ID unchanged" time="0.004624" classname="test" file="C:\dev\insight\Epistemic-Foundry\packages\workspace-map\src\ranking\baseline\centrality-reference.test.mjs"/>
	<testcase name="centrality_reference_test: validation rebuild and hash helpers agree" time="0.004747" classname="test" file="C:\dev\insight\Epistemic-Foundry\packages\workspace-map\src\ranking\baseline\centrality-reference.test.mjs"/>
	<testcase name="centrality_reference_test: score tampering fails closed" time="0.003200" classname="test" file="C:\dev\insight\Epistemic-Foundry\packages\workspace-map\src\ranking\baseline\centrality-reference.test.mjs"/>
	<testcase name="centrality_reference_test: ranking hash tampering fails closed" time="0.003666" classname="test" file="C:\dev\insight\Epistemic-Foundry\packages\workspace-map\src\ranking\baseline\centrality-reference.test.mjs"/>
	<testcase name="centrality_reference_test: unsupported input fields and accessors fail closed" time="0.000563" classname="test" file="C:\dev\insight\Epistemic-Foundry\packages\workspace-map\src\ranking\baseline\centrality-reference.test.mjs"/>
	<testcase name="centrality_reference_test: validation rejects nested algorithm accessors without invoking them" time="0.002171" classname="test" file="C:\dev\insight\Epistemic-Foundry\packages\workspace-map\src\ranking\baseline\centrality-reference.test.mjs"/>
	<testcase name="uniform_rank_regression: asymmetric star is never uniformly ranked" time="0.009284" classname="test" file="C:\dev\insight\Epistemic-Foundry\packages\workspace-map\src\ranking\baseline\uniform-rank-regression.test.mjs"/>
	<testcase name="uniform_rank_regression: asymmetric path receives distinct scores" time="0.004475" classname="test" file="C:\dev\insight\Epistemic-Foundry\packages\workspace-map\src\ranking\baseline\uniform-rank-regression.test.mjs"/>
	<testcase name="uniform_rank_regression: directed regular cycle may have a legitimate tie" time="0.003518" classname="test" file="C:\dev\insight\Epistemic-Foundry\packages\workspace-map\src\ranking\baseline\uniform-rank-regression.test.mjs"/>
	<testcase name="uniform_rank_regression: all-isolate graph retains normalized uniform scores" time="0.002066" classname="test" file="C:\dev\insight\Epistemic-Foundry\packages\workspace-map\src\ranking\baseline\uniform-rank-regression.test.mjs"/>
	<testcase name="uniform_rank_regression: empty graph is explicit and converged" time="0.001139" classname="test" file="C:\dev\insight\Epistemic-Foundry\packages\workspace-map\src\ranking\baseline\uniform-rank-regression.test.mjs"/>
	<testcase name="uniform_rank_regression: single node has score one" time="0.001114" classname="test" file="C:\dev\insight\Epistemic-Foundry\packages\workspace-map\src\ranking\baseline\uniform-rank-regression.test.mjs"/>
	<testcase name="uniform_rank_regression: invalid alpha is rejected" time="0.002108" classname="test" file="C:\dev\insight\Epistemic-Foundry\packages\workspace-map\src\ranking\baseline\uniform-rank-regression.test.mjs"/>
	<testcase name="uniform_rank_regression: invalid tolerance is rejected" time="0.001036" classname="test" file="C:\dev\insight\Epistemic-Foundry\packages\workspace-map\src\ranking\baseline\uniform-rank-regression.test.mjs"/>
	<testcase name="uniform_rank_regression: bounded non-convergence fails closed" time="0.001594" classname="test" file="C:\dev\insight\Epistemic-Foundry\packages\workspace-map\src\ranking\baseline\uniform-rank-regression.test.mjs"/>
	<testcase name="uniform_rank_regression: parallel typed edges are recorded as unit weights" time="0.002707" classname="test" file="C:\dev\insight\Epistemic-Foundry\packages\workspace-map\src\ranking\baseline\uniform-rank-regression.test.mjs"/>
	<testcase name="uniform_rank_regression: algorithm does not emit query or risk fields" time="0.001870" classname="test" file="C:\dev\insight\Epistemic-Foundry\packages\workspace-map\src\ranking\baseline\uniform-rank-regression.test.mjs"/>
	<testcase name="uniform_rank_regression: caller inputs are not mutated" time="0.002005" classname="test" file="C:\dev\insight\Epistemic-Foundry\packages\workspace-map\src\ranking\baseline\uniform-rank-regression.test.mjs"/>
	<testcase name="blast_radius_test: algorithm, version, and closed direction table are explicit" time="0.001089" classname="test" file="C:\dev\insight\Epistemic-Foundry\packages\workspace-map\src\ranking\query\blast-radius.test.mjs"/>
	<testcase name="blast_radius_test: dependency target changes propagate to dependants" time="0.016473" classname="test" file="C:\dev\insight\Epistemic-Foundry\packages\workspace-map\src\ranking\query\blast-radius.test.mjs"/>
	<testcase name="blast_radius_test: evidence changes propagate forward to claims" time="0.009562" classname="test" file="C:\dev\insight\Epistemic-Foundry\packages\workspace-map\src\ranking\query\blast-radius.test.mjs"/>
	<testcase name="blast_radius_test: provenance and supersession target changes propagate to dependants" time="0.008605" classname="test" file="C:\dev\insight\Epistemic-Foundry\packages\workspace-map\src\ranking\query\blast-radius.test.mjs"/>
	<testcase name="blast_radius_test: contract ownership is bidirectional" time="0.017386" classname="test" file="C:\dev\insight\Epistemic-Foundry\packages\workspace-map\src\ranking\query\blast-radius.test.mjs"/>
	<testcase name="blast_radius_test: every hidden shared-resource kind materializes effective edges" time="0.066958" classname="test" file="C:\dev\insight\Epistemic-Foundry\packages\workspace-map\src\ranking\query\blast-radius.test.mjs"/>
	<testcase name="blast_radius_test: shared resource participants form deterministic pairwise edges" time="0.010963" classname="test" file="C:\dev\insight\Epistemic-Foundry\packages\workspace-map\src\ranking\query\blast-radius.test.mjs"/>
	<testcase name="blast_radius_test: unresolved edges are recorded and excluded from propagation" time="0.011734" classname="test" file="C:\dev\insight\Epistemic-Foundry\packages\workspace-map\src\ranking\query\blast-radius.test.mjs"/>
	<testcase name="blast_radius_test: intrinsic risk uses authority, write scope, sensitivity, and mutability" time="0.008735" classname="test" file="C:\dev\insight\Epistemic-Foundry\packages\workspace-map\src\ranking\query\blast-radius.test.mjs"/>
	<testcase name="blast_radius_test: risk and blast radius remain separate dimensions" time="0.007805" classname="test" file="C:\dev\insight\Epistemic-Foundry\packages\workspace-map\src\ranking\query\blast-radius.test.mjs"/>
	<testcase name="blast_radius_test: multi-source traversal handles cycles without duplicates" time="0.008942" classname="test" file="C:\dev\insight\Epistemic-Foundry\packages\workspace-map\src\ranking\query\blast-radius.test.mjs"/>
	<testcase name="blast_radius_test: empty changed set is an explicit no-change assessment" time="0.006795" classname="test" file="C:\dev\insight\Epistemic-Foundry\packages\workspace-map\src\ranking\query\blast-radius.test.mjs"/>
	<testcase name="blast_radius_test: equal-length paths use a deterministic canonical witness" time="0.015334" classname="test" file="C:\dev\insight\Epistemic-Foundry\packages\workspace-map\src\ranking\query\blast-radius.test.mjs"/>
	<testcase name="blast_radius_test: input permutation preserves assessment hash and ID" time="0.014185" classname="test" file="C:\dev\insight\Epistemic-Foundry\packages\workspace-map\src\ranking\query\blast-radius.test.mjs"/>
	<testcase name="blast_radius_test: validation, hash helper, and immutability hold" time="0.019536" classname="test" file="C:\dev\insight\Epistemic-Foundry\packages\workspace-map\src\ranking\query\blast-radius.test.mjs"/>
	<testcase name="blast_radius_test: impact, risk, and hash tampering fail closed" time="0.034458" classname="test" file="C:\dev\insight\Epistemic-Foundry\packages\workspace-map\src\ranking\query\blast-radius.test.mjs"/>
	<testcase name="blast_radius_test: risk profile coverage and changed-node identity fail closed" time="0.017162" classname="test" file="C:\dev\insight\Epistemic-Foundry\packages\workspace-map\src\ranking\query\blast-radius.test.mjs"/>
	<testcase name="blast_radius_test: unknown risk and shared-resource vocabularies fail closed" time="0.014017" classname="test" file="C:\dev\insight\Epistemic-Foundry\packages\workspace-map\src\ranking\query\blast-radius.test.mjs"/>
	<testcase name="blast_radius_test: duplicate or malformed shared resources fail closed" time="0.014651" classname="test" file="C:\dev\insight\Epistemic-Foundry\packages\workspace-map\src\ranking\query\blast-radius.test.mjs"/>
	<testcase name="blast_radius_test: hostile wrappers, accessors, and sparse arrays fail without access" time="0.009944" classname="test" file="C:\dev\insight\Epistemic-Foundry\packages\workspace-map\src\ranking\query\blast-radius.test.mjs"/>
	<testcase name="blast_radius_test: caller inputs remain unchanged" time="0.007370" classname="test" file="C:\dev\insight\Epistemic-Foundry\packages\workspace-map\src\ranking\query\blast-radius.test.mjs"/>
	<testcase name="personalization_test: algorithm and version are explicit" time="0.000538" classname="test" file="C:\dev\insight\Epistemic-Foundry\packages\workspace-map\src\ranking\query\personalization.test.mjs"/>
	<testcase name="personalization_test: absent query produces explicit null personalization" time="0.008649" classname="test" file="C:\dev\insight\Epistemic-Foundry\packages\workspace-map\src\ranking\query\personalization.test.mjs"/>
	<testcase name="personalization_test: field-weighted token and phrase relevance is real" time="0.005391" classname="test" file="C:\dev\insight\Epistemic-Foundry\packages\workspace-map\src\ranking\query\personalization.test.mjs"/>
	<testcase name="personalization_test: relevance is separate from semantic, centrality, and risk" time="0.004316" classname="test" file="C:\dev\insight\Epistemic-Foundry\packages\workspace-map\src\ranking\query\personalization.test.mjs"/>
	<testcase name="personalization_test: unresolved edges are recorded but do not alter node scores" time="0.007136" classname="test" file="C:\dev\insight\Epistemic-Foundry\packages\workspace-map\src\ranking\query\personalization.test.mjs"/>
	<testcase name="personalization_test: input permutation preserves output hash and ID" time="0.007162" classname="test" file="C:\dev\insight\Epistemic-Foundry\packages\workspace-map\src\ranking\query\personalization.test.mjs"/>
	<testcase name="personalization_test: result order and tie break are deterministic" time="0.003481" classname="test" file="C:\dev\insight\Epistemic-Foundry\packages\workspace-map\src\ranking\query\personalization.test.mjs"/>
	<testcase name="personalization_test: validation, hash helper, and deep immutability hold" time="0.007407" classname="test" file="C:\dev\insight\Epistemic-Foundry\packages\workspace-map\src\ranking\query\personalization.test.mjs"/>
	<testcase name="personalization_test: score and hash tampering fail closed" time="0.008008" classname="test" file="C:\dev\insight\Epistemic-Foundry\packages\workspace-map\src\ranking\query\personalization.test.mjs"/>
	<testcase name="personalization_test: blank, non-indexable, and non-NFC queries fail closed" time="0.006027" classname="test" file="C:\dev\insight\Epistemic-Foundry\packages\workspace-map\src\ranking\query\personalization.test.mjs"/>
	<testcase name="personalization_test: hostile wrappers and accessors fail without execution" time="0.001161" classname="test" file="C:\dev\insight\Epistemic-Foundry\packages\workspace-map\src\ranking\query\personalization.test.mjs"/>
	<testcase name="personalization_test: caller inputs are unchanged" time="0.003049" classname="test" file="C:\dev\insight\Epistemic-Foundry\packages\workspace-map\src\ranking\query\personalization.test.mjs"/>
	<testcase name="hook_degraded_mode_test: complete observed support is FULL and health PASS" time="0.003557" classname="test" file="C:\dev\insight\Epistemic-Foundry\tests\compatibility\hooks\hook-degraded-mode.test.mjs"/>
	<testcase name="hook_degraded_mode_test: unavailable optional hooks select the declared DEGRADED behavior" time="0.000988" classname="test" file="C:\dev\insight\Epistemic-Foundry\tests\compatibility\hooks\hook-degraded-mode.test.mjs"/>
	<testcase name="hook_degraded_mode_test: a required capability without a fallback is BLOCKED" time="0.001586" classname="test" file="C:\dev\insight\Epistemic-Foundry\tests\compatibility\hooks\hook-degraded-mode.test.mjs"/>
	<testcase name="hook_degraded_mode_test: explicit READ_ONLY and SAFE_MODE mappings use the strongest mode" time="0.002767" classname="test" file="C:\dev\insight\Epistemic-Foundry\tests\compatibility\hooks\hook-degraded-mode.test.mjs"/>
	<testcase name="hook_degraded_mode_test: incomplete event coverage cannot remain FULL" time="0.000527" classname="test" file="C:\dev\insight\Epistemic-Foundry\tests\compatibility\hooks\hook-degraded-mode.test.mjs"/>
	<testcase name="hook_degraded_mode_test: re-trust debt is visible in health and cannot be masked by FULL" time="0.000882" classname="test" file="C:\dev\insight\Epistemic-Foundry\tests\compatibility\hooks\hook-degraded-mode.test.mjs"/>
	<testcase name="hook_degraded_mode_test: undeclared fallback and report tampering fail closed" time="0.000842" classname="test" file="C:\dev\insight\Epistemic-Foundry\tests\compatibility\hooks\hook-degraded-mode.test.mjs"/>
	<testcase name="hook_feature_probe_test: report is schema-shaped, hash-bound, and explicit about unobserved paths" time="0.004368" classname="test" file="C:\dev\insight\Epistemic-Foundry\tests\compatibility\hooks\hook-feature-probe.test.mjs"/>
	<testcase name="hook_feature_probe_test: declaration order cannot change trust or report hashes" time="0.002738" classname="test" file="C:\dev\insight\Epistemic-Foundry\tests\compatibility\hooks\hook-feature-probe.test.mjs"/>
	<testcase name="hook_feature_probe_test: changed active hook bytes require exact re-trust" time="0.001635" classname="test" file="C:\dev\insight\Epistemic-Foundry\tests\compatibility\hooks\hook-feature-probe.test.mjs"/>
	<testcase name="hook_feature_probe_test: removed hook hashes also invalidate prior trust" time="0.000548" classname="test" file="C:\dev\insight\Epistemic-Foundry\tests\compatibility\hooks\hook-feature-probe.test.mjs"/>
	<testcase name="hook_feature_probe_test: removing every formerly trusted hook remains explicit" time="0.000502" classname="test" file="C:\dev\insight\Epistemic-Foundry\tests\compatibility\hooks\hook-feature-probe.test.mjs"/>
	<testcase name="hook_feature_probe_test: a hook observation error cannot be weakened by trust state" time="0.001851" classname="test" file="C:\dev\insight\Epistemic-Foundry\tests\compatibility\hooks\hook-feature-probe.test.mjs"/>
	<testcase name="hook_feature_probe_test: disabled changed hooks retain re-trust debt" time="0.001749" classname="test" file="C:\dev\insight\Epistemic-Foundry\tests\compatibility\hooks\hook-feature-probe.test.mjs"/>
	<testcase name="hook_feature_probe_test: duplicate active hook hashes fail closed" time="0.001560" classname="test" file="C:\dev\insight\Epistemic-Foundry\tests\compatibility\hooks\hook-feature-probe.test.mjs"/>
	<testcase name="hook_feature_probe_test: missing observations fail closed to UNKNOWN rather than optimistic support" time="0.001181" classname="test" file="C:\dev\insight\Epistemic-Foundry\tests\compatibility\hooks\hook-feature-probe.test.mjs"/>
	<testcase name="hook_feature_probe_test: empty event and tool scopes never prove FULL coverage" time="0.001243" classname="test" file="C:\dev\insight\Epistemic-Foundry\tests\compatibility\hooks\hook-feature-probe.test.mjs"/>
	<testcase name="hook_feature_probe_test: unsupported claims, forged trust, and hostile inputs fail closed" time="0.003159" classname="test" file="C:\dev\insight\Epistemic-Foundry\tests\compatibility\hooks\hook-feature-probe.test.mjs"/>
	<testcase name="cross_workspace_leak_test: same-workspace recall excludes exact-match private workspace records" time="0.008561" classname="test" file="C:\dev\insight\Epistemic-Foundry\tests\evals\recall\cross-workspace-leak.test.mjs"/>
	<testcase name="cross_workspace_leak_test: default-denied cross-workspace query fails before index access" time="0.001534" classname="test" file="C:\dev\insight\Epistemic-Foundry\tests\evals\recall\cross-workspace-leak.test.mjs"/>
	<testcase name="cross_workspace_leak_test: explicit USER opt-in retrieves only the intended target workspace" time="0.002388" classname="test" file="C:\dev\insight\Epistemic-Foundry\tests\evals\recall\cross-workspace-leak.test.mjs"/>
	<testcase name="cross_workspace_leak_test: policy permission without explicit opt-in is denied" time="0.000554" classname="test" file="C:\dev\insight\Epistemic-Foundry\tests\evals\recall\cross-workspace-leak.test.mjs"/>
	<testcase name="cross_workspace_leak_test: explicit opt-in without consent is denied" time="0.000440" classname="test" file="C:\dev\insight\Epistemic-Foundry\tests\evals\recall\cross-workspace-leak.test.mjs"/>
	<testcase name="cross_workspace_leak_test: revoked consent cannot authorize recall" time="0.000843" classname="test" file="C:\dev\insight\Epistemic-Foundry\tests\evals\recall\cross-workspace-leak.test.mjs"/>
	<testcase name="cross_workspace_leak_test: cross-workspace WORKSPACE store remains denied" time="0.000498" classname="test" file="C:\dev\insight\Epistemic-Foundry\tests\evals\recall\cross-workspace-leak.test.mjs"/>
	<testcase name="cross_workspace_leak_test: WORKSPACE query cannot return same-workspace USER private context" time="0.001797" classname="test" file="C:\dev\insight\Epistemic-Foundry\tests\evals\recall\cross-workspace-leak.test.mjs"/>
	<testcase name="cross_workspace_leak_test: USER query cannot return same-workspace WORKSPACE records" time="0.001641" classname="test" file="C:\dev\insight\Epistemic-Foundry\tests\evals\recall\cross-workspace-leak.test.mjs"/>
	<testcase name="cross_workspace_leak_test: expired private memory is excluded from an otherwise permitted USER store" time="0.001851" classname="test" file="C:\dev\insight\Epistemic-Foundry\tests\evals\recall\cross-workspace-leak.test.mjs"/>
	<testcase name="cross_workspace_leak_test: prompt injection text in another workspace has no authority" time="0.001614" classname="test" file="C:\dev\insight\Epistemic-Foundry\tests\evals\recall\cross-workspace-leak.test.mjs"/>
	<testcase name="cross_workspace_leak_test: retrieval output contains provenance only, never raw forbidden source text" time="0.001540" classname="test" file="C:\dev\insight\Epistemic-Foundry\tests\evals\recall\cross-workspace-leak.test.mjs"/>
	<testcase name="cross_workspace_leak_test: target-workspace binding excludes the caller workspace on allowed USER recall" time="0.001536" classname="test" file="C:\dev\insight\Epistemic-Foundry\tests\evals\recall\cross-workspace-leak.test.mjs"/>
	<testcase name="cross_workspace_leak_test: unknown or malformed policy input fails closed" time="0.000414" classname="test" file="C:\dev\insight\Epistemic-Foundry\tests\evals\recall\cross-workspace-leak.test.mjs"/>
	<testcase name="cross_workspace_leak_test: searched and excluded classes remain a complete privacy partition" time="0.001139" classname="test" file="C:\dev\insight\Epistemic-Foundry\tests\evals\recall\cross-workspace-leak.test.mjs"/>
	<testcase name="recall_precision_test: the exact needed fact outranks a partial distractor" time="0.008957" classname="test" file="C:\dev\insight\Epistemic-Foundry\tests\evals\recall\recall-precision.test.mjs"/>
	<testcase name="recall_precision_test: all required facts fit the bounded top-k without unrelated context" time="0.004049" classname="test" file="C:\dev\insight\Epistemic-Foundry\tests\evals\recall\recall-precision.test.mjs"/>
	<testcase name="recall_precision_test: duplicate source memories yield one representative" time="0.002328" classname="test" file="C:\dev\insight\Epistemic-Foundry\tests\evals\recall\recall-precision.test.mjs"/>
	<testcase name="recall_precision_test: explicit redaction preserves the needed identity without private bytes" time="0.002160" classname="test" file="C:\dev\insight\Epistemic-Foundry\tests\evals\recall\recall-precision.test.mjs"/>
	<testcase name="recall_precision_test: expired high-score memory is excluded before ranking" time="0.001958" classname="test" file="C:\dev\insight\Epistemic-Foundry\tests\evals\recall\recall-precision.test.mjs"/>
	<testcase name="recall_precision_test: a completed zero-result search remains SEARCHED_NONE" time="0.001475" classname="test" file="C:\dev\insight\Epistemic-Foundry\tests\evals\recall\recall-precision.test.mjs"/>
	<testcase name="recall_precision_test: Unicode NFKC equivalents recover the same fact" time="0.002094" classname="test" file="C:\dev\insight\Epistemic-Foundry\tests\evals\recall\recall-precision.test.mjs"/>
	<testcase name="recall_precision_test: input permutation leaves selection and receipt identities stable" time="0.005626" classname="test" file="C:\dev\insight\Epistemic-Foundry\tests\evals\recall\recall-precision.test.mjs"/>
	<testcase name="recall_precision_test: receipt is bound to the selected post-L03 subset" time="0.002126" classname="test" file="C:\dev\insight\Epistemic-Foundry\tests\evals\recall\recall-precision.test.mjs"/>
	<testcase name="recall_precision_test: selected output carries provenance but no raw search text" time="0.001925" classname="test" file="C:\dev\insight\Epistemic-Foundry\tests\evals\recall\recall-precision.test.mjs"/>
	<testcase name="compaction_resume_test: sealed fresh capsule restores phase, blockers and authority" time="0.003050" classname="test" file="C:\dev\insight\Epistemic-Foundry\tests\golden\compaction\compaction-resume.test.mjs"/>
	<testcase name="compaction_resume_test: a prose-only summary cannot replace canonical artifacts" time="0.000305" classname="test" file="C:\dev\insight\Epistemic-Foundry\tests\golden\compaction\compaction-resume.test.mjs"/>
	<testcase name="compaction_resume_test: missing or invalid sealed receipt prevents resume" time="0.000708" classname="test" file="C:\dev\insight\Epistemic-Foundry\tests\golden\compaction\compaction-resume.test.mjs"/>
	<testcase name="compaction_resume_test: summary and capsule tampering fail before recovery" time="0.001615" classname="test" file="C:\dev\insight\Epistemic-Foundry\tests\golden\compaction\compaction-resume.test.mjs"/>
	<testcase name="compaction_resume_test: missing, changed and newly visible artifacts fail closed" time="0.001463" classname="test" file="C:\dev\insight\Epistemic-Foundry\tests\golden\compaction\compaction-resume.test.mjs"/>
	<testcase name="context_poisoning_test: conflicting prose cannot alter phase, blockers or authority" time="0.002762" classname="test" file="C:\dev\insight\Epistemic-Foundry\tests\golden\compaction\context-poisoning.test.mjs"/>
	<testcase name="context_poisoning_test: attacker-rehashed capsule still fails external receipt binding" time="0.001160" classname="test" file="C:\dev\insight\Epistemic-Foundry\tests\golden\compaction\context-poisoning.test.mjs"/>
	<testcase name="context_poisoning_test: excluded content never becomes recovery authority" time="0.001631" classname="test" file="C:\dev\insight\Epistemic-Foundry\tests\golden\compaction\context-poisoning.test.mjs"/>
	<testcase name="context_poisoning_test: phase, RunSpec and policy drift cannot be narrated away" time="0.001767" classname="test" file="C:\dev\insight\Epistemic-Foundry\tests\golden\compaction\context-poisoning.test.mjs"/>
	<testcase name="context_poisoning_test: accessor and unknown-field recovery inputs fail closed" time="0.000656" classname="test" file="C:\dev\insight\Epistemic-Foundry\tests\golden\compaction\context-poisoning.test.mjs"/>
	<testsuite name="forge_golden_flows: E1 minimum and E3/E5 full paths admit, reduce, replay, and complete" time="5.617393" disabled="0" errors="0" tests="3" failures="0" skipped="0" hostname="Moon">
		<testcase name="E1_LOOKUP_MINIMUM" time="1.096618" classname="test" file="C:\dev\insight\Epistemic-Foundry\tests\golden\forge\f04_forge_golden_flows.test.mjs"/>
		<testcase name="E3_MECHANISM_FULL" time="1.814301" classname="test" file="C:\dev\insight\Epistemic-Foundry\tests\golden\forge\f04_forge_golden_flows.test.mjs"/>
		<testcase name="E5_AMBIGUOUS_INTERVIEW_FULL" time="2.705353" classname="test" file="C:\dev\insight\Epistemic-Foundry\tests\golden\forge\f04_forge_golden_flows.test.mjs"/>
	</testsuite>
	<testcase name="forge_golden_flows: UNDERDETERMINED is a receipt-bound truthful terminal outcome" time="2.348977" classname="test" file="C:\dev\insight\Epistemic-Foundry\tests\golden\forge\f04_forge_golden_flows.test.mjs"/>
	<testcase name="forge_golden_flows: admission cannot bypass F02 classification identity context" time="1.807442" classname="test" file="C:\dev\insight\Epistemic-Foundry\tests\golden\forge\f04_forge_golden_flows.test.mjs"/>
	<testcase name="phase_artifact_reconciliation: every expected F04 transition and phase set resolves exactly once" time="5.628044" classname="test" file="C:\dev\insight\Epistemic-Foundry\tests\golden\forge\f04_phase_artifact_reconciliation.test.mjs"/>
	<testcase name="phase_artifact_reconciliation: a missing persisted transition fails closed" time="0.965870" classname="test" file="C:\dev\insight\Epistemic-Foundry\tests\golden\forge\f04_phase_artifact_reconciliation.test.mjs"/>
	<testcase name="independent_review_test: a distinct actor and independence group can approve full maker scope" time="0.040971" classname="test" file="C:\dev\insight\Epistemic-Foundry\tests\golden\multiagent\independent-review.test.mjs"/>
	<testcase name="independent_review_test: an absent review cannot be inferred from successful execution" time="0.016148" classname="test" file="C:\dev\insight\Epistemic-Foundry\tests\golden\multiagent\independent-review.test.mjs"/>
	<testcase name="independent_review_test: an author cannot self-approve" time="0.021095" classname="test" file="C:\dev\insight\Epistemic-Foundry\tests\golden\multiagent\independent-review.test.mjs"/>
	<testcase name="independent_review_test: reviewer cannot share a maker independence group" time="0.018089" classname="test" file="C:\dev\insight\Epistemic-Foundry\tests\golden\multiagent\independent-review.test.mjs"/>
	<testcase name="independent_review_test: only a PASS verdict satisfies the gate" time="0.015456" classname="test" file="C:\dev\insight\Epistemic-Foundry\tests\golden\multiagent\independent-review.test.mjs"/>
	<testcase name="independent_review_test: review scope must contain every and only maker receipt" time="0.024455" classname="test" file="C:\dev\insight\Epistemic-Foundry\tests\golden\multiagent\independent-review.test.mjs"/>
	<testcase name="independent_review_test: review binds the exact dispatch and replayed scheduler state" time="0.015128" classname="test" file="C:\dev\insight\Epistemic-Foundry\tests\golden\multiagent\independent-review.test.mjs"/>
	<testcase name="independent_review_test: every maker output and output hash is in review scope" time="0.011899" classname="test" file="C:\dev\insight\Epistemic-Foundry\tests\golden\multiagent\independent-review.test.mjs"/>
	<testcase name="independent_review_test: reviewer must be scheduled after every maker role" time="0.009673" classname="test" file="C:\dev\insight\Epistemic-Foundry\tests\golden\multiagent\independent-review.test.mjs"/>
	<testcase name="independent_review_test: review hash and derived ID reject mutation" time="0.020789" classname="test" file="C:\dev\insight\Epistemic-Foundry\tests\golden\multiagent\independent-review.test.mjs"/>
	<testcase name="independent_review_test: reviewer actor and receipt must bind the N03 terminal attempt" time="0.023279" classname="test" file="C:\dev\insight\Epistemic-Foundry\tests\golden\multiagent\independent-review.test.mjs"/>
	<testcase name="independent_review_test: reviewer ResultEnvelope must emit the sealed review artifact" time="0.014999" classname="test" file="C:\dev\insight\Epistemic-Foundry\tests\golden\multiagent\independent-review.test.mjs"/>
	<testcase name="missing_node_detection_test: exact N02/N03 fan-in is deterministic, immutable, and receipt-bound" time="0.046622" classname="test" file="C:\dev\insight\Epistemic-Foundry\tests\golden\multiagent\missing-node-detection.test.mjs"/>
	<testcase name="missing_node_detection_test: dispatch expected count and role identity count must agree" time="0.007278" classname="test" file="C:\dev\insight\Epistemic-Foundry\tests\golden\multiagent\missing-node-detection.test.mjs"/>
	<testcase name="missing_node_detection_test: partial fan-in policies cannot pass the N04 gate" time="0.008235" classname="test" file="C:\dev\insight\Epistemic-Foundry\tests\golden\multiagent\missing-node-detection.test.mjs"/>
	<testcase name="missing_node_detection_test: a missing or duplicate spawn descriptor is visible" time="0.016282" classname="test" file="C:\dev\insight\Epistemic-Foundry\tests\golden\multiagent\missing-node-detection.test.mjs"/>
	<testcase name="missing_node_detection_test: descriptor tampering is rejected by the N02 integrity boundary" time="0.008431" classname="test" file="C:\dev\insight\Epistemic-Foundry\tests\golden\multiagent\missing-node-detection.test.mjs"/>
	<testcase name="missing_node_detection_test: scheduler missing and unexpected node identities fail closed" time="0.027147" classname="test" file="C:\dev\insight\Epistemic-Foundry\tests\golden\multiagent\missing-node-detection.test.mjs"/>
	<testcase name="missing_node_detection_test: snapshot must be exact N03 command replay for the bound plan and run" time="0.018865" classname="test" file="C:\dev\insight\Epistemic-Foundry\tests\golden\multiagent\missing-node-detection.test.mjs"/>
	<testcase name="missing_node_detection_test: a rehashed fabricated earlier attempt cannot enter fan-in" time="0.010616" classname="test" file="C:\dev\insight\Epistemic-Foundry\tests\golden\multiagent\missing-node-detection.test.mjs"/>
	<testcase name="missing_node_detection_test: truncated scheduler command history cannot support completion" time="0.010651" classname="test" file="C:\dev\insight\Epistemic-Foundry\tests\golden\multiagent\missing-node-detection.test.mjs"/>
	<testcase name="missing_node_detection_test: non-terminal scheduler attempts cannot be narrated as success" time="0.009457" classname="test" file="C:\dev\insight\Epistemic-Foundry\tests\golden\multiagent\missing-node-detection.test.mjs"/>
	<testcase name="missing_node_detection_test: terminal receipt mismatch remains visible" time="0.012099" classname="test" file="C:\dev\insight\Epistemic-Foundry\tests\golden\multiagent\missing-node-detection.test.mjs"/>
	<testcase name="missing_node_detection_test: ResultEnvelope completeness must reconcile one-of-one" time="0.015660" classname="test" file="C:\dev\insight\Epistemic-Foundry\tests\golden\multiagent\missing-node-detection.test.mjs"/>
	<testcase name="missing_node_detection_test: prose-only success without a business artifact is rejected" time="0.013838" classname="test" file="C:\dev\insight\Epistemic-Foundry\tests\golden\multiagent\missing-node-detection.test.mjs"/>
	<testcase name="missing_node_detection_test: missing, duplicate, and unexpected result identities fail closed" time="0.037786" classname="test" file="C:\dev\insight\Epistemic-Foundry\tests\golden\multiagent\missing-node-detection.test.mjs"/>
	<testcase name="fresh_install_test and clean_uninstall_test: isolated local marketplace lifecycle" time="1.289433" classname="test" file="C:\dev\insight\Epistemic-Foundry\tests\install\local-marketplace\g04-lifecycle.test.mjs"/>
	<testcase name="J02 graph reaches exactly 1 parent, 28 children, and 17 references" time="0.002147" classname="test" file="C:\dev\insight\Epistemic-Foundry\tests\node\j02-reference-reachability.test.mjs"/>
	<testcase name="all 35 fixed selection cases match sealed IDs, order, reasons, and totals" time="0.009260" classname="test" file="C:\dev\insight\Epistemic-Foundry\tests\node\j02-reference-reachability.test.mjs"/>
	<testsuite name="all 16 adversarial reachability cases fail closed with their exact code" time="0.494720" disabled="0" errors="0" tests="16" failures="0" skipped="0" hostname="Moon">
		<testcase name="MISSING_SKILL_TARGET" time="0.000779" classname="test" file="C:\dev\insight\Epistemic-Foundry\tests\node\j02-reference-reachability.test.mjs"/>
		<testcase name="MISSING_REFERENCE_TARGET" time="0.000421" classname="test" file="C:\dev\insight\Epistemic-Foundry\tests\node\j02-reference-reachability.test.mjs"/>
		<testcase name="ORPHAN_REFERENCE" time="0.000374" classname="test" file="C:\dev\insight\Epistemic-Foundry\tests\node\j02-reference-reachability.test.mjs"/>
		<testcase name="SELF_CYCLE" time="0.000383" classname="test" file="C:\dev\insight\Epistemic-Foundry\tests\node\j02-reference-reachability.test.mjs"/>
		<testcase name="MULTI_NODE_CYCLE" time="0.000352" classname="test" file="C:\dev\insight\Epistemic-Foundry\tests\node\j02-reference-reachability.test.mjs"/>
		<testcase name="DEPTH_OVERFLOW" time="0.000367" classname="test" file="C:\dev\insight\Epistemic-Foundry\tests\node\j02-reference-reachability.test.mjs"/>
		<testcase name="DUPLICATE_SKILL_ID" time="0.000284" classname="test" file="C:\dev\insight\Epistemic-Foundry\tests\node\j02-reference-reachability.test.mjs"/>
		<testcase name="DUPLICATE_REFERENCE_ID" time="0.001729" classname="test" file="C:\dev\insight\Epistemic-Foundry\tests\node\j02-reference-reachability.test.mjs"/>
		<testcase name="DUPLICATE_PATH" time="0.001798" classname="test" file="C:\dev\insight\Epistemic-Foundry\tests\node\j02-reference-reachability.test.mjs"/>
		<testcase name="CONTENT_HASH_MISMATCH" time="0.246580" classname="test" file="C:\dev\insight\Epistemic-Foundry\tests\node\j02-reference-reachability.test.mjs"/>
		<testcase name="DOT_DOT_TRAVERSAL" time="0.001077" classname="test" file="C:\dev\insight\Epistemic-Foundry\tests\node\j02-reference-reachability.test.mjs"/>
		<testcase name="ABSOLUTE_POSIX_PATH" time="0.000974" classname="test" file="C:\dev\insight\Epistemic-Foundry\tests\node\j02-reference-reachability.test.mjs"/>
		<testcase name="WINDOWS_DRIVE_OR_UNC_PATH" time="0.001625" classname="test" file="C:\dev\insight\Epistemic-Foundry\tests\node\j02-reference-reachability.test.mjs"/>
		<testcase name="SYMLINK_ESCAPE" time="0.235521" classname="test" file="C:\dev\insight\Epistemic-Foundry\tests\node\j02-reference-reachability.test.mjs"/>
		<testcase name="DISABLED_EXPLICIT_REFERENCE" time="0.000567" classname="test" file="C:\dev\insight\Epistemic-Foundry\tests\node\j02-reference-reachability.test.mjs"/>
		<testcase name="UNKNOWN_LLM_PROPOSAL" time="0.000265" classname="test" file="C:\dev\insight\Epistemic-Foundry\tests\node\j02-reference-reachability.test.mjs"/>
	</testsuite>
	<testcase name="loader verifies all sealed production files and authority pointers" time="0.099877" classname="test" file="C:\dev\insight\Epistemic-Foundry\tests\node\j02-skill-context-loader.test.mjs"/>
	<testcase name="metadata projection uses exact limits and explicit-parent-only degradation" time="0.000717" classname="test" file="C:\dev\insight\Epistemic-Foundry\tests\node\j02-skill-context-loader.test.mjs"/>
	<testcase name="known LLM proposal remains non-authoritative and cannot add a reference" time="0.001891" classname="test" file="C:\dev\insight\Epistemic-Foundry\tests\node\j02-skill-context-loader.test.mjs"/>
	<testcase name="typed trigger comparison is semantic rather than object-key-order dependent" time="0.000836" classname="test" file="C:\dev\insight\Epistemic-Foundry\tests\node\j02-skill-context-loader.test.mjs"/>
	<testcase name="plain-data input boundary rejects proxies, accessors, sparse arrays, and unknown keys" time="0.000521" classname="test" file="C:\dev\insight\Epistemic-Foundry\tests\node\j02-skill-context-loader.test.mjs"/>
	<testcase name="ResolvedSkillContext is identical across 100 repeated sealed loads" time="2.302623" classname="test" file="C:\dev\insight\Epistemic-Foundry\tests\node\j02-skill-context-loader.test.mjs"/>
	<testcase name="t01_schema_resolution: every inputSchema equals its contract input file" time="0.003362" classname="test" file="C:\dev\insight\Epistemic-Foundry\tests\node\t01-schema-resolution.test.mjs"/>
	<testcase name="t01_schema_resolution: there is one input schema file per catalog tool" time="0.000269" classname="test" file="C:\dev\insight\Epistemic-Foundry\tests\node\t01-schema-resolution.test.mjs"/>
	<testcase name="t01_schema_resolution: every data schema ref resolves to the canonical authority" time="0.001867" classname="test" file="C:\dev\insight\Epistemic-Foundry\tests\node\t01-schema-resolution.test.mjs"/>
	<testcase name="t01_schema_resolution: shared envelope schemas resolve with exact ids" time="0.000795" classname="test" file="C:\dev\insight\Epistemic-Foundry\tests\node\t01-schema-resolution.test.mjs"/>
	<testcase name="t01_tool_catalog: descriptor projection derives from the canonical catalog" time="0.000928" classname="test" file="C:\dev\insight\Epistemic-Foundry\tests\node\t01-tool-catalog.test.mjs"/>
	<testcase name="t01_tool_catalog: exactly nine PURE_READ and four DURABLE_PLAN_ARTIFACT tools" time="0.000237" classname="test" file="C:\dev\insight\Epistemic-Foundry\tests\node\t01-tool-catalog.test.mjs"/>
	<testcase name="t01_tool_catalog: planning tools bind exactly one canonical artifact schema" time="0.000176" classname="test" file="C:\dev\insight\Epistemic-Foundry\tests\node\t01-tool-catalog.test.mjs"/>
	<testcase name="t01_tool_catalog: the plugin MCP declaration is stateless STDIO via the payload dispatcher" time="0.000586" classname="test" file="C:\dev\insight\Epistemic-Foundry\tests\node\t01-tool-catalog.test.mjs"/>
	<testcase name="t01_transport_framing: initialize and tools/list are stateless constants" time="0.001429" classname="test" file="C:\dev\insight\Epistemic-Foundry\tests\node\t01-transport-framing.test.mjs"/>
	<testcase name="t01_transport_framing: tools/call wraps the shared envelope" time="0.000200" classname="test" file="C:\dev\insight\Epistemic-Foundry\tests\node\t01-transport-framing.test.mjs"/>
	<testcase name="t01_transport_framing: protocol failures are typed JSON-RPC errors" time="0.000155" classname="test" file="C:\dev\insight\Epistemic-Foundry\tests\node\t01-transport-framing.test.mjs"/>
	<testcase name="t01_transport_framing: stdio and http produce identical responses" time="0.000305" classname="test" file="C:\dev\insight\Epistemic-Foundry\tests\node\t01-transport-framing.test.mjs"/>
	<testcase name="t01_transport_framing: http transport failures are typed" time="0.000152" classname="test" file="C:\dev\insight\Epistemic-Foundry\tests\node\t01-transport-framing.test.mjs"/>
	<testcase name="t01_transport_framing: malformed stdio lines answer parse errors" time="0.000151" classname="test" file="C:\dev\insight\Epistemic-Foundry\tests\node\t01-transport-framing.test.mjs"/>
	<testcase name="t01_transport_framing: receipt projection enforces side-effect classes" time="0.000481" classname="test" file="C:\dev\insight\Epistemic-Foundry\tests\node\t01-transport-framing.test.mjs"/>
	<testcase name="the composed surface exposes exactly 13 + 9 unique tools" time="0.001357" classname="test" file="C:\dev\insight\Epistemic-Foundry\tests\node\t02-mcp-write-surface.test.mjs"/>
	<testcase name="merge order places the sealed projection first and unchanged" time="0.000782" classname="test" file="C:\dev\insight\Epistemic-Foundry\tests\node\t02-mcp-write-surface.test.mjs"/>
	<testcase name="the mutating half is exactly the nine T02 tools" time="0.000252" classname="test" file="C:\dev\insight\Epistemic-Foundry\tests\node\t02-mcp-write-surface.test.mjs"/>
	<testcase name="catalog set metadata carries counts and order but no tool name" time="0.000331" classname="test" file="C:\dev\insight\Epistemic-Foundry\tests\node\t02-mcp-write-surface.test.mjs"/>
	<testcase name="tools/list returns the composed table" time="0.000791" classname="test" file="C:\dev\insight\Epistemic-Foundry\tests\node\t02-mcp-write-surface.test.mjs"/>
	<testcase name="initialize describes the composed surface" time="0.000170" classname="test" file="C:\dev\insight\Epistemic-Foundry\tests\node\t02-mcp-write-surface.test.mjs"/>
	<testcase name="a committed mutation is framed as a successful call" time="0.000304" classname="test" file="C:\dev\insight\Epistemic-Foundry\tests\node\t02-mcp-write-surface.test.mjs"/>
	<testcase name="an intentional dry run is framed as a successful call" time="0.000197" classname="test" file="C:\dev\insight\Epistemic-Foundry\tests\node\t02-mcp-write-surface.test.mjs"/>
	<testcase name="an unresolved or failed effect is never framed as success" time="0.000273" classname="test" file="C:\dev\insight\Epistemic-Foundry\tests\node\t02-mcp-write-surface.test.mjs"/>
	<testcase name="a non-dry-run NOT_EXECUTED is never framed as success" time="0.000168" classname="test" file="C:\dev\insight\Epistemic-Foundry\tests\node\t02-mcp-write-surface.test.mjs"/>
	<testcase name="a sealed read tool keeps the port's own isError verdict" time="0.000132" classname="test" file="C:\dev\insight\Epistemic-Foundry\tests\node\t02-mcp-write-surface.test.mjs"/>
	<testcase name="an error envelope stays an error through the wrapper" time="0.000284" classname="test" file="C:\dev\insight\Epistemic-Foundry\tests\node\t02-mcp-write-surface.test.mjs"/>
	<testcase name="HTTP POST /mcp round-trips the composed table" time="0.000482" classname="test" file="C:\dev\insight\Epistemic-Foundry\tests\node\t02-mcp-write-surface.test.mjs"/>
	<testcase name="HTTP transport keeps the sealed framing rules" time="0.000195" classname="test" file="C:\dev\insight\Epistemic-Foundry\tests\node\t02-mcp-write-surface.test.mjs"/>
	<testcase name="STDIO serves the composed table line by line" time="0.000717" classname="test" file="C:\dev\insight\Epistemic-Foundry\tests\node\t02-mcp-write-surface.test.mjs"/>
	<testcase name="an unknown method is rejected by the sealed framing" time="0.000117" classname="test" file="C:\dev\insight\Epistemic-Foundry\tests\node\t02-mcp-write-surface.test.mjs"/>
	<testcase name="backup_restore_test: live SQLite WAL backup restores one verified snapshot" time="0.053494" classname="test" file="C:\dev\insight\Epistemic-Foundry\tests\recovery\state\backup-restore.test.mjs"/>
	<testcase name="backup_restore_test: artifact snapshot excludes crash residue and restores exact graph" time="0.081474" classname="test" file="C:\dev\insight\Epistemic-Foundry\tests\recovery\state\backup-restore.test.mjs"/>
	<testcase name="crash_recovery_test: SQLite replays committed WAL after abrupt process death" time="0.111626" classname="test" file="C:\dev\insight\Epistemic-Foundry\tests\recovery\state\crash-recovery.test.mjs"/>
	<testcase name="crash_recovery_test: SQLite rolls back an interrupted transaction without reset" time="0.108074" classname="test" file="C:\dev\insight\Epistemic-Foundry\tests\recovery\state\crash-recovery.test.mjs"/>
	<testcase name="crash_recovery_test: corrupted SQLite remains preserved and enters SAFE_MODE" time="0.022593" classname="test" file="C:\dev\insight\Epistemic-Foundry\tests\recovery\state\crash-recovery.test.mjs"/>
	<testcase name="crash_recovery_test: artifact crash residue stays quarantined from canonical state" time="0.116747" classname="test" file="C:\dev\insight\Epistemic-Foundry\tests\recovery\state\crash-recovery.test.mjs"/>
	<testcase name="semantic_replay_report: distinct run and event identities are semantic, never strict exact" time="0.001930" classname="test" file="C:\dev\insight\Epistemic-Foundry\tests\replay\effects\semantic-replay.test.mjs"/>
	<testcase name="semantic_replay_report: model pin drift remains visible across equivalent outcomes" time="0.315999" classname="test" file="C:\dev\insight\Epistemic-Foundry\tests\replay\effects\semantic-replay.test.mjs"/>
	<testcase name="semantic_replay_report: multiple changed pins are classified without erasure" time="0.000449" classname="test" file="C:\dev\insight\Epistemic-Foundry\tests\replay\effects\semantic-replay.test.mjs"/>
	<testcase name="semantic_replay_report: gate and verdict changes are explicit semantic DRIFT" time="0.204407" classname="test" file="C:\dev\insight\Epistemic-Foundry\tests\replay\effects\semantic-replay.test.mjs"/>
	<testcase name="semantic_replay_report: changed semantic state is DRIFT even when gates and verdicts match" time="0.000485" classname="test" file="C:\dev\insight\Epistemic-Foundry\tests\replay\effects\semantic-replay.test.mjs"/>
	<testcase name="semantic_replay_report: missing required pins make the runs NOT_COMPARABLE" time="0.000281" classname="test" file="C:\dev\insight\Epistemic-Foundry\tests\replay\effects\semantic-replay.test.mjs"/>
	<testcase name="semantic_replay_report: report hash excludes itself and rejects mutation or placeholders" time="0.000678" classname="test" file="C:\dev\insight\Epistemic-Foundry\tests\replay\effects\semantic-replay.test.mjs"/>
	<testcase name="semantic_replay_report: floating or malformed pins are rejected before comparison" time="0.000204" classname="test" file="C:\dev\insight\Epistemic-Foundry\tests\replay\effects\semantic-replay.test.mjs"/>
	<testcase name="semantic_replay_report: strict identity cannot be empty or detached from replay state" time="0.000394" classname="test" file="C:\dev\insight\Epistemic-Foundry\tests\replay\effects\semantic-replay.test.mjs"/>
	<testcase name="semantic_replay_report: canonical hashing rejects accessors and invalid Unicode without execution" time="0.000245" classname="test" file="C:\dev\insight\Epistemic-Foundry\tests\replay\effects\semantic-replay.test.mjs"/>
	<testcase name="strict_replay_test: E02 and E03 durable events rebuild exactly and match live projections" time="1.222605" classname="test" file="C:\dev\insight\Epistemic-Foundry\tests\replay\effects\strict-replay.test.mjs"/>
	<testcase name="strict_replay_test: reopening both durable stores preserves stream and reducer identity" time="0.945775" classname="test" file="C:\dev\insight\Epistemic-Foundry\tests\replay\effects\strict-replay.test.mjs"/>
	<testcase name="strict_replay_test: exact retries append no events and do not change replay state" time="1.746118" classname="test" file="C:\dev\insight\Epistemic-Foundry\tests\replay\effects\strict-replay.test.mjs"/>
	<testcase name="strict_replay_test: exact pins and identical stream identity produce a schema-valid EXACT report" time="1.127141" classname="test" file="C:\dev\insight\Epistemic-Foundry\tests\replay\effects\strict-replay.test.mjs"/>
	<testcase name="strict_replay_test: tampered payload bytes fail closed before equivalence" time="0.814586" classname="test" file="C:\dev\insight\Epistemic-Foundry\tests\replay\effects\strict-replay.test.mjs"/>
	<testcase name="strict_replay_test: missing payload bytes fail closed before equivalence" time="0.800357" classname="test" file="C:\dev\insight\Epistemic-Foundry\tests\replay\effects\strict-replay.test.mjs"/>
	<testcase name="strict_replay_test: duplicate logical payload identities fail closed" time="0.937059" classname="test" file="C:\dev\insight\Epistemic-Foundry\tests\replay\effects\strict-replay.test.mjs"/>
	<testcase name="strict_replay_test: event envelopes cannot rebind a valid payload to another aggregate" time="0.782696" classname="test" file="C:\dev\insight\Epistemic-Foundry\tests\replay\effects\strict-replay.test.mjs"/>
	<testcase name="K04 corpus instruction remains data: corpus-pdf-role-override" time="0.003612" classname="test" file="C:\dev\insight\Epistemic-Foundry\tests\security\corpus\corpus-injection.test.mjs"/>
	<testcase name="K04 corpus instruction remains data: corpus-web-tool-request" time="0.000293" classname="test" file="C:\dev\insight\Epistemic-Foundry\tests\security\corpus\corpus-injection.test.mjs"/>
	<testcase name="K04 corpus instruction remains data: corpus-dataset-forged-authority" time="0.000154" classname="test" file="C:\dev\insight\Epistemic-Foundry\tests\security\corpus\corpus-injection.test.mjs"/>
	<testcase name="K04 clean scans and trusted extraction labels still cannot confer authority" time="0.000160" classname="test" file="C:\dev\insight\Epistemic-Foundry\tests\security\corpus\corpus-injection.test.mjs"/>
	<testcase name="K04 data-only context cannot expose an instruction or execution channel" time="0.000336" classname="test" file="C:\dev\insight\Epistemic-Foundry\tests\security\corpus\corpus-injection.test.mjs"/>
	<testcase name="K04 forged corpus sidecar authority is rejected before sealing" time="0.000107" classname="test" file="C:\dev\insight\Epistemic-Foundry\tests\security\corpus\corpus-injection.test.mjs"/>
	<testcase name="S04-RT001 untrusted text cannot cross from evidence/model data into approval or policy authority" time="0.006729" classname="test" file="C:\dev\insight\Epistemic-Foundry\tests\security\s04-red-team.test.mjs"/>
	<testcase name="S04-RT002 opaque handles and secret-shaped payloads cannot bypass outbound boundaries" time="0.001210" classname="test" file="C:\dev\insight\Epistemic-Foundry\tests\security\s04-red-team.test.mjs"/>
	<testcase name="S04-RT003 path, egress, sandbox-profile, and foreign-policy bypasses fail closed" time="0.003571" classname="test" file="C:\dev\insight\Epistemic-Foundry\tests\security\s04-red-team.test.mjs"/>
	<testcase name="S04-RT004 malicious package hooks, symlinks, signature claims, and obfuscation remain critical" time="0.000858" classname="test" file="C:\dev\insight\Epistemic-Foundry\tests\security\s04-red-team.test.mjs"/>
	<testcase name="S04-RT005 signature claims, copied lockfiles, and permission expansion cannot authorize activation" time="0.001955" classname="test" file="C:\dev\insight\Epistemic-Foundry\tests\security\s04-red-team.test.mjs"/>
	<testcase name="S04-RT006 name shadowing, implicit invocation, and unverifiable uninstall block conformance" time="0.000743" classname="test" file="C:\dev\insight\Epistemic-Foundry\tests\security\s04-red-team.test.mjs"/>
	<testcase name="S04-RT007 authority brands remain non-fungible across security compartments" time="0.000439" classname="test" file="C:\dev\insight\Epistemic-Foundry\tests\security\s04-red-team.test.mjs"/>
	<testcase name="S04-TM001 traceability matrix covers every S04-owned audit lens without inflating deferred controls" time="0.013541" classname="test" file="C:\dev\insight\Epistemic-Foundry\tests\security\s04-threat-model-traceability.test.mjs"/>
	<testcase name="S04-TM002 every plugin threat has a control, a verification path, and an honest residual limit" time="0.007694" classname="test" file="C:\dev\insight\Epistemic-Foundry\tests\security\s04-threat-model-traceability.test.mjs"/>
	<testcase name="S04-TM003 hook bypass and primitive enforcement limitations are explicit and release-safe" time="0.000255" classname="test" file="C:\dev\insight\Epistemic-Foundry\tests\security\s04-threat-model-traceability.test.mjs"/>
	<testcase name="S04-TM004 traceability source bindings fail on undocumented contract drift" time="0.031576" classname="test" file="C:\dev\insight\Epistemic-Foundry\tests\security\s04-threat-model-traceability.test.mjs"/>
	<testcase name="frame_roundtrip_test: canonical export parses and re-exports byte-for-byte" time="0.014320" classname="test" file="C:\dev\insight\Epistemic-Foundry\web\src\features\intake\frame-roundtrip.test.mjs"/>
	<testcase name="frame_roundtrip_test: input object key order does not change export bytes" time="0.001553" classname="test" file="C:\dev\insight\Epistemic-Foundry\web\src\features\intake\frame-roundtrip.test.mjs"/>
	<testcase name="frame_roundtrip_test: meaningful array order is preserved" time="0.001393" classname="test" file="C:\dev\insight\Epistemic-Foundry\web\src\features\intake\frame-roundtrip.test.mjs"/>
	<testcase name="frame_roundtrip_test: one-byte content tampering fails hash verification" time="0.001193" classname="test" file="C:\dev\insight\Epistemic-Foundry\web\src\features\intake\frame-roundtrip.test.mjs"/>
	<testcase name="frame_roundtrip_test: semantically equal non-canonical JSON is rejected" time="0.001109" classname="test" file="C:\dev\insight\Epistemic-Foundry\web\src\features\intake\frame-roundtrip.test.mjs"/>
	<testcase name="frame_roundtrip_test: invalid UTF-8 is rejected before JSON parsing" time="0.000133" classname="test" file="C:\dev\insight\Epistemic-Foundry\web\src\features\intake\frame-roundtrip.test.mjs"/>
	<testcase name="frame_roundtrip_test: an Inbox frame cannot be exported" time="0.000604" classname="test" file="C:\dev\insight\Epistemic-Foundry\web\src\features\intake\frame-roundtrip.test.mjs"/>
	<testcase name="frame_roundtrip_test: a fabricated derived gate cannot be serialized" time="0.000895" classname="test" file="C:\dev\insight\Epistemic-Foundry\web\src\features\intake\frame-roundtrip.test.mjs"/>
	<testcase name="frame_roundtrip_test: unknown export envelope fields fail closed" time="0.000973" classname="test" file="C:\dev\insight\Epistemic-Foundry\web\src\features\intake\frame-roundtrip.test.mjs"/>
	<testcase name="frame_roundtrip_test: export and import leave caller-owned input untouched" time="0.001374" classname="test" file="C:\dev\insight\Epistemic-Foundry\web\src\features\intake\frame-roundtrip.test.mjs"/>
	<testcase name="frame_roundtrip_test: I02 lowercase and leap-second RFC 3339 output round-trips" time="0.001180" classname="test" file="C:\dev\insight\Epistemic-Foundry\web\src\features\intake\frame-roundtrip.test.mjs"/>
	<testcase name="frame_roundtrip_test: browser SHA-256 matches the Node oracle across padding and Unicode cases" time="0.015256" classname="test" file="C:\dev\insight\Epistemic-Foundry\web\src\features\intake\frame-roundtrip.test.mjs"/>
	<testcase name="intake_ui_test: Inbox and blockers are the first visible intake section" time="0.009313" classname="test" file="C:\dev\insight\Epistemic-Foundry\web\src\features\intake\intake-ui.test.mjs"/>
	<testcase name="intake_ui_test: a complete eligible frame exposes a truthful ready export control" time="0.000604" classname="test" file="C:\dev\insight\Epistemic-Foundry\web\src\features\intake\intake-ui.test.mjs"/>
	<testcase name="intake_ui_test: confidence and verdict are not invented anywhere in the projection" time="0.000509" classname="test" file="C:\dev\insight\Epistemic-Foundry\web\src\features\intake\intake-ui.test.mjs"/>
	<testcase name="intake_ui_test: untrusted statement and blocker text are HTML-escaped" time="0.001003" classname="test" file="C:\dev\insight\Epistemic-Foundry\web\src\features\intake\intake-ui.test.mjs"/>
	<testcase name="intake_ui_test: pending ontology approval remains a visible blocker and review item" time="0.001267" classname="test" file="C:\dev\insight\Epistemic-Foundry\web\src\features\intake\intake-ui.test.mjs"/>
	<testcase name="intake_ui_test: unresolved measurement identity blocks export" time="0.000865" classname="test" file="C:\dev\insight\Epistemic-Foundry\web\src\features\intake\intake-ui.test.mjs"/>
	<testcase name="intake_ui_test: a method boundary remains visible without being relabelled a blocker" time="0.000734" classname="test" file="C:\dev\insight\Epistemic-Foundry\web\src\features\intake\intake-ui.test.mjs"/>
	<testcase name="intake_ui_test: required consent fails closed until one active record covers the contract" time="0.001463" classname="test" file="C:\dev\insight\Epistemic-Foundry\web\src\features\intake\intake-ui.test.mjs"/>
	<testcase name="intake_ui_test: expiring consent without an evaluation time cannot be treated as valid" time="0.000808" classname="test" file="C:\dev\insight\Epistemic-Foundry\web\src\features\intake\intake-ui.test.mjs"/>
	<testcase name="intake_ui_test: assembling the UI does not mutate caller-owned authority inputs" time="0.001603" classname="test" file="C:\dev\insight\Epistemic-Foundry\web\src\features\intake\intake-ui.test.mjs"/>
	<testcase name="intake_ui_test: missing upstream blocker evidence is rejected instead of hidden" time="0.000578" classname="test" file="C:\dev\insight\Epistemic-Foundry\web\src\features\intake\intake-ui.test.mjs"/>
	<testcase name="intake_ui_test: a blocker outside the exact I02 vocabulary is rejected" time="0.000344" classname="test" file="C:\dev\insight\Epistemic-Foundry\web\src\features\intake\intake-ui.test.mjs"/>
	<testcase name="intake_ui_test: I02 blocker order remains canonical" time="0.000332" classname="test" file="C:\dev\insight\Epistemic-Foundry\web\src\features\intake\intake-ui.test.mjs"/>
	<testcase name="intake_ui_test: I03 aggregation decisions are checked in both directions" time="0.000377" classname="test" file="C:\dev\insight\Epistemic-Foundry\web\src\features\intake\intake-ui.test.mjs"/>
	<testcase name="intake_ui_test: unrestricted measurement output cannot contradict equivalence" time="0.000383" classname="test" file="C:\dev\insight\Epistemic-Foundry\web\src\features\intake\intake-ui.test.mjs"/>
	<testcase name="intake_ui_test: resolved ontology selection must name the unique complete candidate" time="0.000352" classname="test" file="C:\dev\insight\Epistemic-Foundry\web\src\features\intake\intake-ui.test.mjs"/>
	<testcase name="intake_ui_test: a normalized null scope value cannot lose its I02 sidecar" time="0.000344" classname="test" file="C:\dev\insight\Epistemic-Foundry\web\src\features\intake\intake-ui.test.mjs"/>
	<testcase name="intake_ui_test: malformed ScopeVector values fail closed" time="0.000278" classname="test" file="C:\dev\insight\Epistemic-Foundry\web\src\features\intake\intake-ui.test.mjs"/>
	<testcase name="intake_ui_test: a forged assembled frame cannot hide a derived blocker" time="0.001267" classname="test" file="C:\dev\insight\Epistemic-Foundry\web\src\features\intake\intake-ui.test.mjs"/>
	<testcase name="intake_ui_test: unknown input fields fail closed" time="0.000241" classname="test" file="C:\dev\insight\Epistemic-Foundry\web\src\features\intake\intake-ui.test.mjs"/>
	<testcase name="map_ui_test: coverage and exclusions are the first visible section" time="0.050115" classname="test" file="C:\dev\insight\Epistemic-Foundry\web\src\features\map\map-ui.test.mjs"/>
	<testcase name="map_ui_test: unresolved edges remain visible and excluded in every dimension" time="0.037699" classname="test" file="C:\dev\insight\Epistemic-Foundry\web\src\features\map\map-ui.test.mjs"/>
	<testcase name="map_ui_test: four ranking dimensions remain separate per node" time="0.040540" classname="test" file="C:\dev\insight\Epistemic-Foundry\web\src\features\map\map-ui.test.mjs"/>
	<testcase name="map_ui_test: no aggregate importance, confidence, verdict, or semantic rank is invented" time="0.032698" classname="test" file="C:\dev\insight\Epistemic-Foundry\web\src\features\map\map-ui.test.mjs"/>
	<testcase name="map_ui_test: query and semantic status retain explicit null semantics" time="0.033268" classname="test" file="C:\dev\insight\Epistemic-Foundry\web\src\features\map\map-ui.test.mjs"/>
	<testcase name="map_ui_test: algorithm name, version, artifact hash, and labels are visible" time="0.032159" classname="test" file="C:\dev\insight\Epistemic-Foundry\web\src\features\map\map-ui.test.mjs"/>
	<testcase name="map_ui_test: intrinsic risk is not inferred from blast radius" time="0.029935" classname="test" file="C:\dev\insight\Epistemic-Foundry\web\src\features\map\map-ui.test.mjs"/>
	<testcase name="map_ui_test: untrusted label, query, and unresolved hint are HTML escaped" time="0.029204" classname="test" file="C:\dev\insight\Epistemic-Foundry\web\src\features\map\map-ui.test.mjs"/>
	<testcase name="map_ui_test: rendered coverage precedes algorithm and entity sections" time="0.034976" classname="test" file="C:\dev\insight\Epistemic-Foundry\web\src\features\map\map-ui.test.mjs"/>
	<testcase name="map_ui_test: view building is deterministic, deeply frozen, and input preserving" time="0.070898" classname="test" file="C:\dev\insight\Epistemic-Foundry\web\src\features\map\map-ui.test.mjs"/>
	<testcase name="map_ui_test: tampered upstream artifacts fail closed" time="0.015443" classname="test" file="C:\dev\insight\Epistemic-Foundry\web\src\features\map\map-ui.test.mjs"/>
	<testcase name="map_ui_test: top-level proxies, accessors, and unknown fields fail without execution" time="0.006509" classname="test" file="C:\dev\insight\Epistemic-Foundry\web\src\features\map\map-ui.test.mjs"/>
	<testcase name="ranking_claim_audit: exact closed claim set passes" time="0.040701" classname="test" file="C:\dev\insight\Epistemic-Foundry\web\src\features\map\ranking-claim-audit.test.mjs"/>
	<testcase name="ranking_claim_audit: generic RANKED or importance claims have no authority" time="0.029083" classname="test" file="C:\dev\insight\Epistemic-Foundry\web\src\features\map\ranking-claim-audit.test.mjs"/>
	<testcase name="ranking_claim_audit: algorithm label cannot be changed to importance" time="0.028293" classname="test" file="C:\dev\insight\Epistemic-Foundry\web\src\features\map\ranking-claim-audit.test.mjs"/>
	<testcase name="ranking_claim_audit: algorithm name and version must match the sealed artifact" time="0.052867" classname="test" file="C:\dev\insight\Epistemic-Foundry\web\src\features\map\ranking-claim-audit.test.mjs"/>
	<testcase name="ranking_claim_audit: artifact hash tampering is rejected" time="0.034028" classname="test" file="C:\dev\insight\Epistemic-Foundry\web\src\features\map\ranking-claim-audit.test.mjs"/>
	<testcase name="ranking_claim_audit: ranking order tampering is rejected" time="0.025582" classname="test" file="C:\dev\insight\Epistemic-Foundry\web\src\features\map\ranking-claim-audit.test.mjs"/>
	<testcase name="ranking_claim_audit: unresolved-edge exclusions cannot be hidden" time="0.022444" classname="test" file="C:\dev\insight\Epistemic-Foundry\web\src\features\map\ranking-claim-audit.test.mjs"/>
	<testcase name="ranking_claim_audit: risk and blast-radius score semantics cannot be conflated" time="0.024597" classname="test" file="C:\dev\insight\Epistemic-Foundry\web\src\features\map\ranking-claim-audit.test.mjs"/>
	<testcase name="ranking_claim_audit: absent query cannot be advertised as ranked" time="0.021151" classname="test" file="C:\dev\insight\Epistemic-Foundry\web\src\features\map\ranking-claim-audit.test.mjs"/>
	<testcase name="ranking_claim_audit: missing, duplicate, and reordered claims fail closed" time="0.075152" classname="test" file="C:\dev\insight\Epistemic-Foundry\web\src\features\map\ranking-claim-audit.test.mjs"/>
	<testcase name="ranking_claim_audit: unknown fields are rejected rather than ignored" time="0.020180" classname="test" file="C:\dev\insight\Epistemic-Foundry\web\src\features\map\ranking-claim-audit.test.mjs"/>
	<testcase name="ranking_claim_audit: proxy, accessor, and sparse claim arrays fail without execution" time="0.065684" classname="test" file="C:\dev\insight\Epistemic-Foundry\web\src\features\map\ranking-claim-audit.test.mjs"/>
	<testcase name="ranking_claim_audit: upstream artifact tampering cannot be laundered by matching prose" time="0.022007" classname="test" file="C:\dev\insight\Epistemic-Foundry\web\src\features\map\ranking-claim-audit.test.mjs"/>
	<testcase name="ranking_claim_audit: claim derivation is deterministic across input permutation" time="0.057059" classname="test" file="C:\dev\insight\Epistemic-Foundry\web\src\features\map\ranking-claim-audit.test.mjs"/>
	<!-- tests 903 -->
	<!-- suites 0 -->
	<!-- pass 903 -->
	<!-- fail 0 -->
	<!-- cancelled 0 -->
	<!-- skipped 0 -->
	<!-- todo 0 -->
	<!-- duration_ms 78972.0617 -->
</testsuites>
