<?xml version="1.0" encoding="utf-8"?>
<testsuites>
	<testcase name="capsule_hash_test: canonical snapshot yields a deterministic immutable capsule" time="0.002401" classname="test" file="C:\dev\insight\Epistemic-Foundry\packages\context-capsule\src\capsule-hash.test.mjs"/>
	<testcase name="capsule_hash_test: set-like input ordering cannot change capsule bytes or hash" time="0.000530" classname="test" file="C:\dev\insight\Epistemic-Foundry\packages\context-capsule\src\capsule-hash.test.mjs"/>
	<testcase name="capsule_hash_test: capsule and summary hashes bind exact canonical content" time="0.000728" classname="test" file="C:\dev\insight\Epistemic-Foundry\packages\context-capsule\src\capsule-hash.test.mjs"/>
	<testcase name="capsule_hash_test: emitted capsule validates against the canonical Draft 2020-12 schema" time="0.238744" classname="test" file="C:\dev\insight\Epistemic-Foundry\packages\context-capsule\src\capsule-hash.test.mjs"/>
	<testcase name="capsule_hash_test: every included artifact requires one bound nonblank summary" time="0.000563" classname="test" file="C:\dev\insight\Epistemic-Foundry\packages\context-capsule\src\capsule-hash.test.mjs"/>
	<testcase name="capsule_hash_test: exclusions are explicit and cannot smuggle content" time="0.000326" classname="test" file="C:\dev\insight\Epistemic-Foundry\packages\context-capsule\src\capsule-hash.test.mjs"/>
	<testcase name="capsule_hash_test: duplicate or conflicting dispositions fail closed" time="0.000772" classname="test" file="C:\dev\insight\Epistemic-Foundry\packages\context-capsule\src\capsule-hash.test.mjs"/>
	<testcase name="capsule_hash_test: prose-only, purposeless, invalid-hash and invalid-phase input is refused" time="0.000223" classname="test" file="C:\dev\insight\Epistemic-Foundry\packages\context-capsule\src\capsule-hash.test.mjs"/>
	<testcase name="capsule_hash_test: capsule or summary tamper is detected before reuse" time="0.000438" classname="test" file="C:\dev\insight\Epistemic-Foundry\packages\context-capsule\src\capsule-hash.test.mjs"/>
	<testcase name="capsule_hash_test: hostile and noncanonical object input fails without invoking accessors" time="0.000263" classname="test" file="C:\dev\insight\Epistemic-Foundry\packages\context-capsule\src\capsule-hash.test.mjs"/>
	<testcase name="capsule_hash_test: null expiry is recordable but an inverted window is not" time="0.000303" classname="test" file="C:\dev\insight\Epistemic-Foundry\packages\context-capsule\src\capsule-hash.test.mjs"/>
	<testcase name="stale_capsule_test: intact capsule matching current canonical state is fresh" time="0.003242" classname="test" file="C:\dev\insight\Epistemic-Foundry\packages\context-capsule\src\stale-capsule.test.mjs"/>
	<testcase name="stale_capsule_test: missing expiry and expired capsule fail closed" time="0.001153" classname="test" file="C:\dev\insight\Epistemic-Foundry\packages\context-capsule\src\stale-capsule.test.mjs"/>
	<testcase name="stale_capsule_test: future-created capsule is not yet valid" time="0.000450" classname="test" file="C:\dev\insight\Epistemic-Foundry\packages\context-capsule\src\stale-capsule.test.mjs"/>
	<testcase name="stale_capsule_test: session and phase drift require reconstruction" time="0.001267" classname="test" file="C:\dev\insight\Epistemic-Foundry\packages\context-capsule\src\stale-capsule.test.mjs"/>
	<testcase name="stale_capsule_test: RunSpec and policy drift require reconstruction" time="0.000676" classname="test" file="C:\dev\insight\Epistemic-Foundry\packages\context-capsule\src\stale-capsule.test.mjs"/>
	<testcase name="stale_capsule_test: changed or missing included artifacts are stale" time="0.000996" classname="test" file="C:\dev\insight\Epistemic-Foundry\packages\context-capsule\src\stale-capsule.test.mjs"/>
	<testcase name="stale_capsule_test: newly visible artifact cannot be silently omitted" time="0.000390" classname="test" file="C:\dev\insight\Epistemic-Foundry\packages\context-capsule\src\stale-capsule.test.mjs"/>
	<testcase name="stale_capsule_test: excluded artifact absence does not resurrect it" time="0.000419" classname="test" file="C:\dev\insight\Epistemic-Foundry\packages\context-capsule\src\stale-capsule.test.mjs"/>
	<testcase name="stale_capsule_test: capsule tamper is rejected before freshness decisions" time="0.000455" classname="test" file="C:\dev\insight\Epistemic-Foundry\packages\context-capsule\src\stale-capsule.test.mjs"/>
	<testcase name="stale_capsule_test: hostile current-state input fails closed" time="0.000992" classname="test" file="C:\dev\insight\Epistemic-Foundry\packages\context-capsule\src\stale-capsule.test.mjs"/>
	<testcase name="artifact_hash_test: exact bytes address an opaque artifact and resolving receipt" time="0.068411" classname="test" file="C:\dev\insight\Epistemic-Foundry\packages\foundry-kernel\src\artifacts\artifact-hash.test.mjs"/>
	<testcase name="artifact_hash_test: empty bytes have a real content address" time="0.023534" classname="test" file="C:\dev\insight\Epistemic-Foundry\packages\foundry-kernel\src\artifacts\artifact-hash.test.mjs"/>
	<testcase name="artifact_hash_test: artifact ID satisfies the manifest/receipt schema intersection" time="0.063961" classname="test" file="C:\dev\insight\Epistemic-Foundry\packages\foundry-kernel\src\artifacts\artifact-hash.test.mjs"/>
	<testcase name="artifact_hash_test: emitted manifest and receipt pass canonical Draft 2020-12 schemas" time="0.281848" classname="test" file="C:\dev\insight\Epistemic-Foundry\packages\foundry-kernel\src\artifacts\artifact-hash.test.mjs"/>
	<testcase name="artifact_hash_test: identical registration and receipt replay is idempotent" time="0.027169" classname="test" file="C:\dev\insight\Epistemic-Foundry\packages\foundry-kernel\src\artifacts\artifact-hash.test.mjs"/>
	<testcase name="artifact_hash_test: one byte object supports multiple artifacts and receipts" time="0.076170" classname="test" file="C:\dev\insight\Epistemic-Foundry\packages\foundry-kernel\src\artifacts\artifact-hash.test.mjs"/>
	<testcase name="artifact_hash_test: artifact ID cannot be rebound to different bytes" time="0.028808" classname="test" file="C:\dev\insight\Epistemic-Foundry\packages\foundry-kernel\src\artifacts\artifact-hash.test.mjs"/>
	<testcase name="artifact_hash_test: receipt ID cannot be rebound" time="0.023706" classname="test" file="C:\dev\insight\Epistemic-Foundry\packages\foundry-kernel\src\artifacts\artifact-hash.test.mjs"/>
	<testcase name="artifact_hash_test: immutable artifact metadata cannot be overwritten" time="0.022285" classname="test" file="C:\dev\insight\Epistemic-Foundry\packages\foundry-kernel\src\artifacts\artifact-hash.test.mjs"/>
	<testcase name="artifact_hash_test: distinct byte sequences never alias" time="0.046504" classname="test" file="C:\dev\insight\Epistemic-Foundry\packages\foundry-kernel\src\artifacts\artifact-hash.test.mjs"/>
	<testcase name="artifact_hash_test: hostile metadata and byte views fail before accessors run" time="0.003115" classname="test" file="C:\dev\insight\Epistemic-Foundry\packages\foundry-kernel\src\artifacts\artifact-hash.test.mjs"/>
	<testcase name="artifact_hash_test: canonical metadata validation is strict and non-mutating" time="0.020810" classname="test" file="C:\dev\insight\Epistemic-Foundry\packages\foundry-kernel\src\artifacts\artifact-hash.test.mjs"/>
	<testcase name="artifact_hash_test: exact content tamper enters SAFE_MODE and denies reuse" time="0.020542" classname="test" file="C:\dev\insight\Epistemic-Foundry\packages\foundry-kernel\src\artifacts\artifact-hash.test.mjs"/>
	<testcase name="artifact_hash_test: noncanonical manifest and receipt tamper fail closed" time="0.049558" classname="test" file="C:\dev\insight\Epistemic-Foundry\packages\foundry-kernel\src\artifacts\artifact-hash.test.mjs"/>
	<testcase name="artifact_hash_test: hard-linked record file is rejected" time="0.022549" classname="test" file="C:\dev\insight\Epistemic-Foundry\packages\foundry-kernel\src\artifacts\artifact-hash.test.mjs"/>
	<testcase name="artifact_hash_test: linked root is never accepted as canonical authority" time="0.002457" classname="test" file="C:\dev\insight\Epistemic-Foundry\packages\foundry-kernel\src\artifacts\artifact-hash.test.mjs"/>
	<testcase name="artifact_hash_test: unexpected tree entries fail integrity and mutation admission" time="0.002919" classname="test" file="C:\dev\insight\Epistemic-Foundry\packages\foundry-kernel\src\artifacts\artifact-hash.test.mjs"/>
	<testcase name="artifact_hash_test: content references are strict while opaque IDs cannot traverse" time="0.003082" classname="test" file="C:\dev\insight\Epistemic-Foundry\packages\foundry-kernel\src\artifacts\artifact-hash.test.mjs"/>
	<testcase name="artifact_hash_test: replacing the root after open is detected by identity" time="0.003916" classname="test" file="C:\dev\insight\Epistemic-Foundry\packages\foundry-kernel\src\artifacts\artifact-hash.test.mjs"/>
	<testcase name="artifact_hash_test: public surface has no deletion or overwrite operation" time="0.001996" classname="test" file="C:\dev\insight\Epistemic-Foundry\packages\foundry-kernel\src\artifacts\artifact-hash.test.mjs"/>
	<testcase name="artifact_hash_test: duplicate artifact IDs copied across objects fail closed" time="0.047038" classname="test" file="C:\dev\insight\Epistemic-Foundry\packages\foundry-kernel\src\artifacts\artifact-hash.test.mjs"/>
	<testcase name="orphan_receipt_test: registrations without content fail closed" time="0.030087" classname="test" file="C:\dev\insight\Epistemic-Foundry\packages\foundry-kernel\src\artifacts\orphan-receipt.test.mjs"/>
	<testcase name="orphan_receipt_test: receipts without manifest fail closed" time="0.023943" classname="test" file="C:\dev\insight\Epistemic-Foundry\packages\foundry-kernel\src\artifacts\orphan-receipt.test.mjs"/>
	<testcase name="orphan_receipt_test: bytes and manifest without receipt are incomplete" time="0.023126" classname="test" file="C:\dev\insight\Epistemic-Foundry\packages\foundry-kernel\src\artifacts\orphan-receipt.test.mjs"/>
	<testcase name="orphan_receipt_test: receipt pointing at another artifact cannot resolve" time="0.051736" classname="test" file="C:\dev\insight\Epistemic-Foundry\packages\foundry-kernel\src\artifacts\orphan-receipt.test.mjs"/>
	<testcase name="orphan_receipt_test: copied manifest cannot relabel addressed bytes" time="0.045656" classname="test" file="C:\dev\insight\Epistemic-Foundry\packages\foundry-kernel\src\artifacts\orphan-receipt.test.mjs"/>
	<testcase name="orphan_receipt_test: uncommitted staging material is never canonical" time="0.005315" classname="test" file="C:\dev\insight\Epistemic-Foundry\packages\foundry-kernel\src\artifacts\orphan-receipt.test.mjs"/>
	<testcase name="orphan_receipt_test: malformed or linked staging entry blocks open" time="0.006612" classname="test" file="C:\dev\insight\Epistemic-Foundry\packages\foundry-kernel\src\artifacts\orphan-receipt.test.mjs"/>
	<testcase name="orphan_receipt_test: mutation scans unrelated corruption before publishing" time="0.021448" classname="test" file="C:\dev\insight\Epistemic-Foundry\packages\foundry-kernel\src\artifacts\orphan-receipt.test.mjs"/>
	<testcase name="orphan_receipt_test: reopening a corrupt tree fails closed before read" time="0.021662" classname="test" file="C:\dev\insight\Epistemic-Foundry\packages\foundry-kernel\src\artifacts\orphan-receipt.test.mjs"/>
	<testcase name="orphan_receipt_test: unknown files at every canonical layer are rejected" time="0.070747" classname="test" file="C:\dev\insight\Epistemic-Foundry\packages\foundry-kernel\src\artifacts\orphan-receipt.test.mjs"/>
	<testcase name="orphan_receipt_test: moved record cannot remain addressable under old digest" time="0.023710" classname="test" file="C:\dev\insight\Epistemic-Foundry\packages\foundry-kernel\src\artifacts\orphan-receipt.test.mjs"/>
	<testcase name="orphan_receipt_test: concurrent identical publishers converge" time="0.107658" classname="test" file="C:\dev\insight\Epistemic-Foundry\packages\foundry-kernel\src\artifacts\orphan-receipt.test.mjs"/>
	<testcase name="orphan_receipt_test: concurrent distinct registrations share one object" time="0.092054" classname="test" file="C:\dev\insight\Epistemic-Foundry\packages\foundry-kernel\src\artifacts\orphan-receipt.test.mjs"/>
	<testcase name="orphan_receipt_test: concurrent readers tolerate transient staging and lock handoff" time="14.990807" classname="test" file="C:\dev\insight\Epistemic-Foundry\packages\foundry-kernel\src\artifacts\orphan-receipt.test.mjs"/>
	<testcase name="orphan_receipt_test: disappearing Windows mutation lock EPERM is a bounded handoff" time="0.031436" classname="test" file="C:\dev\insight\Epistemic-Foundry\packages\foundry-kernel\src\artifacts\orphan-receipt.test.mjs"/>
	<testcase name="orphan_receipt_test: persistent Windows mutation lock EPERM fails closed" time="0.159868" classname="test" file="C:\dev\insight\Epistemic-Foundry\packages\foundry-kernel\src\artifacts\orphan-receipt.test.mjs"/>
	<testcase name="orphan_receipt_test: complete record copied under wrong address is rejected" time="0.033082" classname="test" file="C:\dev\insight\Epistemic-Foundry\packages\foundry-kernel\src\artifacts\orphan-receipt.test.mjs"/>
	<testcase name="orphan_receipt_test: hard-linked manifest and receipt are rejected" time="0.046878" classname="test" file="C:\dev\insight\Epistemic-Foundry\packages\foundry-kernel\src\artifacts\orphan-receipt.test.mjs"/>
	<testcase name="orphan_receipt_test: same artifact may retain multiple resolving receipts" time="0.051863" classname="test" file="C:\dev\insight\Epistemic-Foundry\packages\foundry-kernel\src\artifacts\orphan-receipt.test.mjs"/>
	<testcase name="fencing_test: newer overlapping lease makes the old fencing token stale" time="0.186152" classname="test" file="C:\dev\insight\Epistemic-Foundry\packages\foundry-kernel\src\capabilities\fencing.test.mjs"/>
	<testcase name="fencing_test: replacing one scope invalidates the whole multi-scope lease" time="0.113970" classname="test" file="C:\dev\insight\Epistemic-Foundry\packages\foundry-kernel\src\capabilities\fencing.test.mjs"/>
	<testcase name="fencing_test: failed callback rolls back result, lease-use, and event outbox" time="0.116285" classname="test" file="C:\dev\insight\Epistemic-Foundry\packages\foundry-kernel\src\capabilities\fencing.test.mjs"/>
	<testcase name="fencing_test: operation retry is idempotent and does not rerun callback" time="0.110893" classname="test" file="C:\dev\insight\Epistemic-Foundry\packages\foundry-kernel\src\capabilities\fencing.test.mjs"/>
	<testcase name="fencing_test: approval role is server-derived and client assertion is rejected" time="0.313691" classname="test" file="C:\dev\insight\Epistemic-Foundry\packages\foundry-kernel\src\capabilities\fencing.test.mjs"/>
	<testcase name="fencing_test: exact approval retry returns its immutable result after expiry" time="0.066478" classname="test" file="C:\dev\insight\Epistemic-Foundry\packages\foundry-kernel\src\capabilities\fencing.test.mjs"/>
	<testcase name="fencing_test: self-approval is a non-waivable denial" time="0.022593" classname="test" file="C:\dev\insight\Epistemic-Foundry\packages\foundry-kernel\src\capabilities\fencing.test.mjs"/>
	<testcase name="fencing_test: promotion commit lease fails without approval and passes with exact approval" time="0.163919" classname="test" file="C:\dev\insight\Epistemic-Foundry\packages\foundry-kernel\src\capabilities\fencing.test.mjs"/>
	<testcase name="fencing_test: candidate/model/backend policy cannot grant privileged authority" time="0.000309" classname="test" file="C:\dev\insight\Epistemic-Foundry\packages\foundry-kernel\src\capabilities\fencing.test.mjs"/>
	<testcase name="fencing_test: forged lease fields or hash cannot reach the mutation callback" time="0.061193" classname="test" file="C:\dev\insight\Epistemic-Foundry\packages\foundry-kernel\src\capabilities\fencing.test.mjs"/>
	<testcase name="fencing_test: callback cannot access authority-private scope-head state" time="0.109458" classname="test" file="C:\dev\insight\Epistemic-Foundry\packages\foundry-kernel\src\capabilities\fencing.test.mjs"/>
	<testcase name="fencing_test: async callback is denied and its pre-await mutation rolls back" time="0.063562" classname="test" file="C:\dev\insight\Epistemic-Foundry\packages\foundry-kernel\src\capabilities\fencing.test.mjs"/>
	<testcase name="fencing_test: lease use and revocation are bound to the sealed run" time="0.063076" classname="test" file="C:\dev\insight\Epistemic-Foundry\packages\foundry-kernel\src\capabilities\fencing.test.mjs"/>
	<testcase name="fencing_test: approval authority role without approval:issue capability is denied" time="0.021979" classname="test" file="C:\dev\insight\Epistemic-Foundry\packages\foundry-kernel\src\capabilities\fencing.test.mjs"/>
	<testcase name="fencing_test: later REVOKE head invalidates an earlier APPROVE-bound lease" time="0.216449" classname="test" file="C:\dev\insight\Epistemic-Foundry\packages\foundry-kernel\src\capabilities\fencing.test.mjs"/>
	<testcase name="fencing_test: approval head rejects clock regression and rolls back the proposed record" time="0.060827" classname="test" file="C:\dev\insight\Epistemic-Foundry\packages\foundry-kernel\src\capabilities\fencing.test.mjs"/>
	<testcase name="fencing_test: approval head rejects distinct decisions at the same instant" time="0.062172" classname="test" file="C:\dev\insight\Epistemic-Foundry\packages\foundry-kernel\src\capabilities\fencing.test.mjs"/>
	<testcase name="fencing_test: committed state survives E01 outage and reconciles exactly once" time="0.074905" classname="test" file="C:\dev\insight\Epistemic-Foundry\packages\foundry-kernel\src\capabilities\fencing.test.mjs"/>
	<testcase name="fencing_test: same PolicyBundle hash with a different capability projection is rejected" time="0.060577" classname="test" file="C:\dev\insight\Epistemic-Foundry\packages\foundry-kernel\src\capabilities\fencing.test.mjs"/>
	<testcase name="lease_expiry_test: issued leases are canonical, scoped, expiring, and schema-valid" time="0.335099" classname="test" file="C:\dev\insight\Epistemic-Foundry\packages\foundry-kernel\src\capabilities\lease-expiry.test.mjs"/>
	<testcase name="lease_expiry_test: active lease checks and result persistence share one transaction" time="0.111133" classname="test" file="C:\dev\insight\Epistemic-Foundry\packages\foundry-kernel\src\capabilities\lease-expiry.test.mjs"/>
	<testcase name="lease_expiry_test: expiry boundary rejects commit without invoking or persisting callback" time="0.106084" classname="test" file="C:\dev\insight\Epistemic-Foundry\packages\foundry-kernel\src\capabilities\lease-expiry.test.mjs"/>
	<testcase name="lease_expiry_test: a clock before issued_at rejects a not-yet-valid lease" time="0.071202" classname="test" file="C:\dev\insight\Epistemic-Foundry\packages\foundry-kernel\src\capabilities\lease-expiry.test.mjs"/>
	<testcase name="lease_expiry_test: issue rejects zero or negative lifetime before state mutation" time="0.025457" classname="test" file="C:\dev\insight\Epistemic-Foundry\packages\foundry-kernel\src\capabilities\lease-expiry.test.mjs"/>
	<testcase name="lease_expiry_test: policy changes invalidate an otherwise unexpired lease" time="0.074672" classname="test" file="C:\dev\insight\Epistemic-Foundry\packages\foundry-kernel\src\capabilities\lease-expiry.test.mjs"/>
	<testcase name="lease_expiry_test: revocation is explicit and prevents later commits" time="0.122157" classname="test" file="C:\dev\insight\Epistemic-Foundry\packages\foundry-kernel\src\capabilities\lease-expiry.test.mjs"/>
	<testcase name="lease_expiry_test: exact lease issuance retry returns the first logical lease" time="0.059258" classname="test" file="C:\dev\insight\Epistemic-Foundry\packages\foundry-kernel\src\capabilities\lease-expiry.test.mjs"/>
	<testcase name="lease_expiry_test: expiry after callback rolls back the protected mutation" time="0.067147" classname="test" file="C:\dev\insight\Epistemic-Foundry\packages\foundry-kernel\src\capabilities\lease-expiry.test.mjs"/>
	<testcase name="lease_expiry_test: authority clock regression during commit fails closed" time="0.069846" classname="test" file="C:\dev\insight\Epistemic-Foundry\packages\foundry-kernel\src\capabilities\lease-expiry.test.mjs"/>
	<testcase name="lease_expiry_test: lease issuance is bound to declared subject run and scope" time="0.025247" classname="test" file="C:\dev\insight\Epistemic-Foundry\packages\foundry-kernel\src\capabilities\lease-expiry.test.mjs"/>
	<testcase name="effect_reconciliation_test: UNKNOWN blocks retry until an observed reconciliation resolves it" time="0.923410" classname="test" file="C:\dev\insight\Epistemic-Foundry\packages\foundry-kernel\src\effects\effect-reconciliation.test.mjs"/>
	<testcase name="effect_reconciliation_test: crash before receipt is unresolved, not narrated failure or success" time="0.436995" classname="test" file="C:\dev\insight\Epistemic-Foundry\packages\foundry-kernel\src\effects\effect-reconciliation.test.mjs"/>
	<testcase name="effect_reconciliation_test: executor narration cannot replace an evidence-bound EffectReceipt" time="0.259126" classname="test" file="C:\dev\insight\Epistemic-Foundry\packages\foundry-kernel\src\effects\effect-reconciliation.test.mjs"/>
	<testcase name="effect_reconciliation_test: a durable receipt missing its ledger event is not completion" time="0.703110" classname="test" file="C:\dev\insight\Epistemic-Foundry\packages\foundry-kernel\src\effects\effect-reconciliation.test.mjs"/>
	<testcase name="effect_reconciliation_test: receipt mutation and cross-intent binding fail closed" time="0.360288" classname="test" file="C:\dev\insight\Epistemic-Foundry\packages\foundry-kernel\src\effects\effect-reconciliation.test.mjs"/>
	<testcase name="effect_reconciliation_test: attempt chronology cannot precede intent or prior reconciliation" time="0.370471" classname="test" file="C:\dev\insight\Epistemic-Foundry\packages\foundry-kernel\src\effects\effect-reconciliation.test.mjs"/>
	<testcase name="effect_reconciliation_test: an attempt event crash blocks receipt creation until exact replay repairs it" time="0.331853" classname="test" file="C:\dev\insight\Epistemic-Foundry\packages\foundry-kernel\src\effects\effect-reconciliation.test.mjs"/>
	<testcase name="effect_reconciliation_test: reconciliation retains external operation identity" time="0.381223" classname="test" file="C:\dev\insight\Epistemic-Foundry\packages\foundry-kernel\src\effects\effect-reconciliation.test.mjs"/>
	<testcase name="effect_reconciliation_test: crash after ledger append requires durable confirmation replay" time="0.386104" classname="test" file="C:\dev\insight\Epistemic-Foundry\packages\foundry-kernel\src\effects\effect-reconciliation.test.mjs"/>
	<testcase name="effect_reconciliation_test: emitted ActionIntent and EffectReceipt pass canonical schemas" time="0.685625" classname="test" file="C:\dev\insight\Epistemic-Foundry\packages\foundry-kernel\src\effects\effect-reconciliation.test.mjs"/>
	<testcase name="idempotency_test: same key and same canonical intent replays one logical registration" time="0.144902" classname="test" file="C:\dev\insight\Epistemic-Foundry\packages\foundry-kernel\src\effects\idempotency.test.mjs"/>
	<testcase name="idempotency_test: same key with a different canonical request is a conflict" time="0.127237" classname="test" file="C:\dev\insight\Epistemic-Foundry\packages\foundry-kernel\src\effects\idempotency.test.mjs"/>
	<testcase name="idempotency_test: an intent ID cannot be rebound under a different key" time="0.123249" classname="test" file="C:\dev\insight\Epistemic-Foundry\packages\foundry-kernel\src\effects\idempotency.test.mjs"/>
	<testcase name="idempotency_test: retrying one attempt never grants a second execution" time="0.242651" classname="test" file="C:\dev\insight\Epistemic-Foundry\packages\foundry-kernel\src\effects\idempotency.test.mjs"/>
	<testcase name="idempotency_test: retrying one receipt returns the existing logical result" time="0.515837" classname="test" file="C:\dev\insight\Epistemic-Foundry\packages\foundry-kernel\src\effects\idempotency.test.mjs"/>
	<testcase name="idempotency_test: attempt and receipt IDs are immutable identities" time="0.560375" classname="test" file="C:\dev\insight\Epistemic-Foundry\packages\foundry-kernel\src\effects\idempotency.test.mjs"/>
	<testcase name="idempotency_test: hashes reject mutation, accessors, and hostile coercion" time="0.039580" classname="test" file="C:\dev\insight\Epistemic-Foundry\packages\foundry-kernel\src\effects\idempotency.test.mjs"/>
	<testcase name="idempotency_test: immutable older attempt and receipt replays remain idempotent" time="1.003484" classname="test" file="C:\dev\insight\Epistemic-Foundry\packages\foundry-kernel\src\effects\idempotency.test.mjs"/>
	<testcase name="idempotency_test: concurrent same-attempt callers grant execution once" time="0.318512" classname="test" file="C:\dev\insight\Epistemic-Foundry\packages\foundry-kernel\src\effects\idempotency.test.mjs"/>
	<testcase name="classification committer: commit, retry, replay, reclassification, and override preserve immutable identity" time="0.411938" classname="test" file="C:\dev\insight\Epistemic-Foundry\packages\foundry-kernel\src\forge\classifier\classification-committer.test.mjs"/>
	<testcase name="classification committer: same idempotency key with a changed preimage fails closed" time="0.072403" classname="test" file="C:\dev\insight\Epistemic-Foundry\packages\foundry-kernel\src\forge\classifier\classification-committer.test.mjs"/>
	<testcase name="classification committer: same-revision lowering and stale override are rejected without mutation" time="0.122400" classname="test" file="C:\dev\insight\Epistemic-Foundry\packages\foundry-kernel\src\forge\classifier\classification-committer.test.mjs"/>
	<testcase name="classification committer: only a resolved canonical HumanDecision can authorize override" time="0.201692" classname="test" file="C:\dev\insight\Epistemic-Foundry\packages\foundry-kernel\src\forge\classifier\classification-committer.test.mjs"/>
	<testcase name="classification committer: non-correct or non-human decisions cannot authorize override" time="0.166779" classname="test" file="C:\dev\insight\Epistemic-Foundry\packages\foundry-kernel\src\forge\classifier\classification-committer.test.mjs"/>
	<testsuite name="classifier_adversarial_test: all 16 fixed attacks fail closed or preserve the exact projection" time="0.303674" disabled="0" errors="0" tests="16" failures="0" skipped="0" hostname="Moon">
		<testcase name="A01_USER_DEMANDS_E0" time="0.003183" classname="test" file="C:\dev\insight\Epistemic-Foundry\packages\foundry-kernel\src\forge\classifier\classifier-adversarial.test.mjs"/>
		<testcase name="A02_PROMPT_INJECTION_IN_SOURCE" time="0.000469" classname="test" file="C:\dev\insight\Epistemic-Foundry\packages\foundry-kernel\src\forge\classifier\classifier-adversarial.test.mjs"/>
		<testcase name="A03_LLM_OMITS_HARD_SIGNAL" time="0.000640" classname="test" file="C:\dev\insight\Epistemic-Foundry\packages\foundry-kernel\src\forge\classifier\classifier-adversarial.test.mjs"/>
		<testcase name="A04_LLM_PROPOSES_UNKNOWN_SIGNAL" time="0.000443" classname="test" file="C:\dev\insight\Epistemic-Foundry\packages\foundry-kernel\src\forge\classifier\classifier-adversarial.test.mjs"/>
		<testcase name="A05_UNSUPPORTED_LLM_PROPOSAL" time="0.000330" classname="test" file="C:\dev\insight\Epistemic-Foundry\packages\foundry-kernel\src\forge\classifier\classifier-adversarial.test.mjs"/>
		<testcase name="A06_SIGNAL_ORDER_PERMUTATION" time="0.001794" classname="test" file="C:\dev\insight\Epistemic-Foundry\packages\foundry-kernel\src\forge\classifier\classifier-adversarial.test.mjs"/>
		<testcase name="A07_DUPLICATE_SIGNALS" time="0.000265" classname="test" file="C:\dev\insight\Epistemic-Foundry\packages\foundry-kernel\src\forge\classifier\classifier-adversarial.test.mjs"/>
		<testcase name="A08_MONOTONIC_ADDITION" time="0.000660" classname="test" file="C:\dev\insight\Epistemic-Foundry\packages\foundry-kernel\src\forge\classifier\classifier-adversarial.test.mjs"/>
		<testcase name="A09_OVERRIDE_LOWERING" time="0.000995" classname="test" file="C:\dev\insight\Epistemic-Foundry\packages\foundry-kernel\src\forge\classifier\classifier-adversarial.test.mjs"/>
		<testcase name="A10_OVERRIDE_RAISE" time="0.207129" classname="test" file="C:\dev\insight\Epistemic-Foundry\packages\foundry-kernel\src\forge\classifier\classifier-adversarial.test.mjs"/>
		<testcase name="A11_RESULT_ENVELOPE_ONLY" time="0.000199" classname="test" file="C:\dev\insight\Epistemic-Foundry\packages\foundry-kernel\src\forge\classifier\classifier-adversarial.test.mjs"/>
		<testcase name="A12_CAPABILITY_ALIAS" time="0.000129" classname="test" file="C:\dev\insight\Epistemic-Foundry\packages\foundry-kernel\src\forge\classifier\classifier-adversarial.test.mjs"/>
		<testcase name="A13_RETRY_IDENTITY" time="0.066302" classname="test" file="C:\dev\insight\Epistemic-Foundry\packages\foundry-kernel\src\forge\classifier\classifier-adversarial.test.mjs"/>
		<testcase name="A14_HASH_SELF_FIELD_MUTATION" time="0.000474" classname="test" file="C:\dev\insight\Epistemic-Foundry\packages\foundry-kernel\src\forge\classifier\classifier-adversarial.test.mjs"/>
		<testcase name="A15_AMBIGUITY_REMOVAL_SAME_REVISION" time="0.000341" classname="test" file="C:\dev\insight\Epistemic-Foundry\packages\foundry-kernel\src\forge\classifier\classifier-adversarial.test.mjs"/>
		<testcase name="A16_LLM_DIRECT_CLASS_OUTPUT" time="0.000259" classname="test" file="C:\dev\insight\Epistemic-Foundry\packages\foundry-kernel\src\forge\classifier\classifier-adversarial.test.mjs"/>
	</testsuite>
	<testcase name="classifier authority guards reject a forged request hash and any non-frozen version" time="0.000301" classname="test" file="C:\dev\insight\Epistemic-Foundry\packages\foundry-kernel\src\forge\classifier\classifier-adversarial.test.mjs"/>
	<testcase name="classifier_gold_test: all 14 fixed cases have exact deterministic projections" time="0.005119" classname="test" file="C:\dev\insight\Epistemic-Foundry\packages\foundry-kernel\src\forge\classifier\classifier-gold.test.mjs"/>
	<testcase name="classifier_gold_test: input ordering and duplicate signals do not change identity" time="0.000510" classname="test" file="C:\dev\insight\Epistemic-Foundry\packages\foundry-kernel\src\forge\classifier\classifier-gold.test.mjs"/>
	<testcase name="classifier_hash_vector_test: every frozen preimage has the exact SHA-256 and ID" time="0.001765" classname="test" file="C:\dev\insight\Epistemic-Foundry\packages\foundry-kernel\src\forge\classifier\classifier-hash-vector.test.mjs"/>
	<testcase name="classifier_hash_vector_test: volatile and self fields are outside the semantic preimage" time="0.000206" classname="test" file="C:\dev\insight\Epistemic-Foundry\packages\foundry-kernel\src\forge\classifier\classifier-hash-vector.test.mjs"/>
	<testcase name="classifier_immutable_override_test: every fixed override is upward-only and immutable" time="0.004818" classname="test" file="C:\dev\insight\Epistemic-Foundry\packages\foundry-kernel\src\forge\classifier\classifier-override.test.mjs"/>
	<testcase name="underprocessing_guard: all 1023 non-empty subsets use the exact maximum floor" time="0.103837" classname="test" file="C:\dev\insight\Epistemic-Foundry\packages\foundry-kernel\src\forge\classifier\underprocessing-guard.test.mjs"/>
	<testcase name="underprocessing_guard: every non-empty subset-to-superset pair preserves protection" time="0.111423" classname="test" file="C:\dev\insight\Epistemic-Foundry\packages\foundry-kernel\src\forge\classifier\underprocessing-guard.test.mjs"/>
	<testcase name="underprocessing_guard: empty input injects sticky AMBIGUOUS and cannot lose Interview" time="0.000811" classname="test" file="C:\dev\insight\Epistemic-Foundry\packages\foundry-kernel\src\forge\classifier\underprocessing-guard.test.mjs"/>
	<testcase name="underprocessing_guard: trusted unknown signals fail input validation" time="0.000362" classname="test" file="C:\dev\insight\Epistemic-Foundry\packages\foundry-kernel\src\forge\classifier\underprocessing-guard.test.mjs"/>
	<testcase name="underprocessing_guard: any class, gate, Interview, role, or phase regression fails" time="0.000353" classname="test" file="C:\dev\insight\Epistemic-Foundry\packages\foundry-kernel\src\forge\classifier\underprocessing-guard.test.mjs"/>
	<testcase name="fsm_property_test: every phase pair matches the exact class-specific FORGE graph" time="0.004883" classname="test" file="C:\dev\insight\Epistemic-Foundry\packages\foundry-kernel\src\forge\fsm\fsm-property.test.mjs"/>
	<testcase name="fsm_property_test: F01 exact projection drives forward edges and cannot be weakened" time="0.001195" classname="test" file="C:\dev\insight\Epistemic-Foundry\packages\foundry-kernel\src\forge\fsm\fsm-property.test.mjs"/>
	<testcase name="fsm_property_test: reducer is immutable, revision-bound, and hash deterministic" time="0.002064" classname="test" file="C:\dev\insight\Epistemic-Foundry\packages\foundry-kernel\src\forge\fsm\fsm-property.test.mjs"/>
	<testcase name="fsm_property_test: sealed inputs fail closed and transition identity binds semantic inputs" time="0.003511" classname="test" file="C:\dev\insight\Epistemic-Foundry\packages\foundry-kernel\src\forge\fsm\fsm-property.test.mjs"/>
	<testcase name="fsm_property_test: stale revision, wrong from phase, and illegal edges make no state" time="0.001260" classname="test" file="C:\dev\insight\Epistemic-Foundry\packages\foundry-kernel\src\forge\fsm\fsm-property.test.mjs"/>
	<testcase name="fsm_property_test: E closes to completed IDLE and completed sessions cannot restart" time="0.000902" classname="test" file="C:\dev\insight\Epistemic-Foundry\packages\foundry-kernel\src\forge\fsm\fsm-property.test.mjs"/>
	<testcase name="fsm_property_test: strict event replay reproduces the direct reducer chain" time="0.003120" classname="test" file="C:\dev\insight\Epistemic-Foundry\packages\foundry-kernel\src\forge\fsm\fsm-property.test.mjs"/>
	<testcase name="fsm_property_test: empty replay still verifies every sealed initial input" time="0.003088" classname="test" file="C:\dev\insight\Epistemic-Foundry\packages\foundry-kernel\src\forge\fsm\fsm-property.test.mjs"/>
	<testcase name="stale_propagation_test: G to O stales target and every downstream projection" time="0.007655" classname="test" file="C:\dev\insight\Epistemic-Foundry\packages\foundry-kernel\src\forge\fsm\stale-propagation.test.mjs"/>
	<testcase name="stale_propagation_test: every legal return edge has the target-inclusive suffix" time="0.011999" classname="test" file="C:\dev\insight\Epistemic-Foundry\packages\foundry-kernel\src\forge\fsm\stale-propagation.test.mjs"/>
	<testcase name="stale_propagation_test: stale suffix contains only phases reachable for the class" time="0.001409" classname="test" file="C:\dev\insight\Epistemic-Foundry\packages\foundry-kernel\src\forge\fsm\stale-propagation.test.mjs"/>
	<testcase name="stale_propagation_test: forward and close edges do not stale artifacts" time="0.000728" classname="test" file="C:\dev\insight\Epistemic-Foundry\packages\foundry-kernel\src\forge\fsm\stale-propagation.test.mjs"/>
	<testcase name="stale_propagation_test: projection identity is deterministic and event-bound" time="0.003914" classname="test" file="C:\dev\insight\Epistemic-Foundry\packages\foundry-kernel\src\forge\fsm\stale-propagation.test.mjs"/>
	<testcase name="stale_propagation_test: cross-session and unretained artifact sets fail closed" time="0.001444" classname="test" file="C:\dev\insight\Epistemic-Foundry\packages\foundry-kernel\src\forge\fsm\stale-propagation.test.mjs"/>
	<testcase name="override_provenance_test: a valid human-authored decision explicitly admits WAIVE" time="0.165348" classname="test" file="C:\dev\insight\Epistemic-Foundry\packages\foundry-kernel\src\forge\gates\override-provenance.test.mjs"/>
	<testcase name="override_provenance_test: authority strings never substitute for a HumanDecision receipt" time="0.130812" classname="test" file="C:\dev\insight\Epistemic-Foundry\packages\foundry-kernel\src\forge\gates\override-provenance.test.mjs"/>
	<testcase name="override_provenance_test: non-waivable gates stay non-waivable with human approval" time="0.150213" classname="test" file="C:\dev\insight\Epistemic-Foundry\packages\foundry-kernel\src\forge\gates\override-provenance.test.mjs"/>
	<testcase name="override_provenance_test: service-authored HumanDecision receipts are rejected" time="0.148849" classname="test" file="C:\dev\insight\Epistemic-Foundry\packages\foundry-kernel\src\forge\gates\override-provenance.test.mjs"/>
	<testcase name="override_provenance_test: wrong decision type, authority, scope, run, and hash fail closed" time="0.724181" classname="test" file="C:\dev\insight\Epistemic-Foundry\packages\foundry-kernel\src\forge\gates\override-provenance.test.mjs"/>
	<testcase name="override_provenance_test: an undeclared or unused override artifact is never implicit" time="0.205153" classname="test" file="C:\dev\insight\Epistemic-Foundry\packages\foundry-kernel\src\forge\gates\override-provenance.test.mjs"/>
	<testcase name="transition_receipt_test: a complete current phase set admits deterministically" time="0.083697" classname="test" file="C:\dev\insight\Epistemic-Foundry\packages\foundry-kernel\src\forge\gates\transition-receipt.test.mjs"/>
	<testcase name="transition_receipt_test: prose-only and unresolved receipt transitions fail closed" time="0.003593" classname="test" file="C:\dev\insight\Epistemic-Foundry\packages\foundry-kernel\src\forge\gates\transition-receipt.test.mjs"/>
	<testcase name="transition_receipt_test: resolver claims cannot replace byte and receipt integrity" time="0.058575" classname="test" file="C:\dev\insight\Epistemic-Foundry\packages\foundry-kernel\src\forge\gates\transition-receipt.test.mjs"/>
	<testcase name="transition_receipt_test: malformed validation evidence fails with a typed error" time="0.051423" classname="test" file="C:\dev\insight\Epistemic-Foundry\packages\foundry-kernel\src\forge\gates\transition-receipt.test.mjs"/>
	<testcase name="transition_receipt_test: IDLE requires a real receipt but no fictional prior phase set" time="0.026918" classname="test" file="C:\dev\insight\Epistemic-Foundry\packages\foundry-kernel\src\forge\gates\transition-receipt.test.mjs"/>
	<testcase name="transition_receipt_test: IDLE rejects an unrelated receipt and a forged classification identity" time="0.055911" classname="test" file="C:\dev\insight\Epistemic-Foundry\packages\foundry-kernel\src\forge\gates\transition-receipt.test.mjs"/>
	<testcase name="transition_receipt_test: IDLE classification projection and state binding fail closed" time="0.073294" classname="test" file="C:\dev\insight\Epistemic-Foundry\packages\foundry-kernel\src\forge\gates\transition-receipt.test.mjs"/>
	<testcase name="transition_receipt_test: IDLE classification requires exact schema-validation evidence" time="0.025482" classname="test" file="C:\dev\insight\Epistemic-Foundry\packages\foundry-kernel\src\forge\gates\transition-receipt.test.mjs"/>
	<testcase name="transition_receipt_test: incomplete, invalid, and tampered phase sets cannot advance" time="0.173560" classname="test" file="C:\dev\insight\Epistemic-Foundry\packages\foundry-kernel\src\forge\gates\transition-receipt.test.mjs"/>
	<testcase name="transition_receipt_test: phase entries bind exact receipt, hash, schema, and state retention" time="0.238627" classname="test" file="C:\dev\insight\Epistemic-Foundry\packages\foundry-kernel\src\forge\gates\transition-receipt.test.mjs"/>
	<testcase name="transition_receipt_test: session, revision, phase, and state hash are admission inputs" time="0.048170" classname="test" file="C:\dev\insight\Epistemic-Foundry\packages\foundry-kernel\src\forge\gates\transition-receipt.test.mjs"/>
	<testcase name="transition_receipt_test: E requires exact resolving and satisfied GateDecision artifacts" time="0.117860" classname="test" file="C:\dev\insight\Epistemic-Foundry\packages\foundry-kernel\src\forge\gates\transition-receipt.test.mjs"/>
	<testcase name="transition_receipt_test: unresolved, failing, blocked, and forged gates cannot admit E" time="0.302655" classname="test" file="C:\dev\insight\Epistemic-Foundry\packages\foundry-kernel\src\forge\gates\transition-receipt.test.mjs"/>
	<testcase name="transition_receipt_test: GateDecision evidence IDs must resolve through transition receipts" time="0.098972" classname="test" file="C:\dev\insight\Epistemic-Foundry\packages\foundry-kernel\src\forge\gates\transition-receipt.test.mjs"/>
	<testcase name="transition_receipt_test: policy-evidenced NOT_REQUIRED is a satisfied PASS conclusion" time="0.101471" classname="test" file="C:\dev\insight\Epistemic-Foundry\packages\foundry-kernel\src\forge\gates\transition-receipt.test.mjs"/>
	<testcase name="transition_receipt_test: canonical GateDecision fields and authority bindings fail closed" time="0.470629" classname="test" file="C:\dev\insight\Epistemic-Foundry\packages\foundry-kernel\src\forge\gates\transition-receipt.test.mjs"/>
	<testcase name="transition_receipt_test: FAIL and BLOCK are never absorbed outside E" time="0.201516" classname="test" file="C:\dev\insight\Epistemic-Foundry\packages\foundry-kernel\src\forge\gates\transition-receipt.test.mjs"/>
	<testcase name="ledger_hash_chain_test: append owns sequence, payload digest, and per-run hash links" time="0.174589" classname="test" file="C:\dev\insight\Epistemic-Foundry\packages\foundry-kernel\src\ledger\ledger-hash-chain.test.mjs"/>
	<testcase name="ledger_hash_chain_test: emitted records validate against canonical EventRecord schema" time="0.418380" classname="test" file="C:\dev\insight\Epistemic-Foundry\packages\foundry-kernel\src\ledger\ledger-hash-chain.test.mjs"/>
	<testcase name="ledger_hash_chain_test: exact event retry is idempotent and conflicting reuse is denied" time="0.065653" classname="test" file="C:\dev\insight\Epistemic-Foundry\packages\foundry-kernel\src\ledger\ledger-hash-chain.test.mjs"/>
	<testcase name="ledger_hash_chain_test: missing payload and invalid event input leave no partial ledger state" time="0.023525" classname="test" file="C:\dev\insight\Epistemic-Foundry\packages\foundry-kernel\src\ledger\ledger-hash-chain.test.mjs"/>
	<testcase name="ledger_hash_chain_test: gaps, reordering, hash tamper, and mixed runs fail closed" time="0.128661" classname="test" file="C:\dev\insight\Epistemic-Foundry\packages\foundry-kernel\src\ledger\ledger-hash-chain.test.mjs"/>
	<testcase name="ledger_hash_chain_test: hash validation never executes coercion hooks" time="0.046879" classname="test" file="C:\dev\insight\Epistemic-Foundry\packages\foundry-kernel\src\ledger\ledger-hash-chain.test.mjs"/>
	<testcase name="ledger_hash_chain_test: direct mutation of an immutable stored event is detected" time="0.053010" classname="test" file="C:\dev\insight\Epistemic-Foundry\packages\foundry-kernel\src\ledger\ledger-hash-chain.test.mjs"/>
	<testcase name="ledger_hash_chain_test: a coherently revised stream that references no event fails closed" time="0.058365" classname="test" file="C:\dev\insight\Epistemic-Foundry\packages\foundry-kernel\src\ledger\ledger-hash-chain.test.mjs"/>
	<testcase name="ledger_hash_chain_test: sealed payload hash catches a provider-neutral adapter byte change" time="0.025084" classname="test" file="C:\dev\insight\Epistemic-Foundry\packages\foundry-kernel\src\ledger\ledger-hash-chain.test.mjs"/>
	<testcase name="ledger_hash_chain_test: stream commit failure rolls back the new immutable event" time="0.090045" classname="test" file="C:\dev\insight\Epistemic-Foundry\packages\foundry-kernel\src\ledger\ledger-hash-chain.test.mjs"/>
	<testcase name="ledger_hash_chain_test: simultaneous writers serialize into one contiguous run chain" time="0.181249" classname="test" file="C:\dev\insight\Epistemic-Foundry\packages\foundry-kernel\src\ledger\ledger-hash-chain.test.mjs"/>
	<testcase name="ledger_hash_chain_test: independent runs each start at sequence one" time="0.087018" classname="test" file="C:\dev\insight\Epistemic-Foundry\packages\foundry-kernel\src\ledger\ledger-hash-chain.test.mjs"/>
	<testcase name="reducer_replay_test: verified events rebuild byte-stable materialized state" time="0.202952" classname="test" file="C:\dev\insight\Epistemic-Foundry\packages\foundry-kernel\src\ledger\reducer-replay.test.mjs"/>
	<testcase name="reducer_replay_test: reopening both durable stores reproduces identical state" time="0.191185" classname="test" file="C:\dev\insight\Epistemic-Foundry\packages\foundry-kernel\src\ledger\reducer-replay.test.mjs"/>
	<testcase name="reducer_replay_test: a reducer must be deterministic at every event boundary" time="0.055614" classname="test" file="C:\dev\insight\Epistemic-Foundry\packages\foundry-kernel\src\ledger\reducer-replay.test.mjs"/>
	<testcase name="reducer_replay_test: async reducers and non-JSON outputs are rejected" time="0.062952" classname="test" file="C:\dev\insight\Epistemic-Foundry\packages\foundry-kernel\src\ledger\reducer-replay.test.mjs"/>
	<testcase name="reducer_replay_test: reducer inputs are isolated and immutable" time="0.063791" classname="test" file="C:\dev\insight\Epistemic-Foundry\packages\foundry-kernel\src\ledger\reducer-replay.test.mjs"/>
	<testcase name="reducer_replay_test: artifact tamper fails before reducer execution" time="0.056952" classname="test" file="C:\dev\insight\Epistemic-Foundry\packages\foundry-kernel\src\ledger\reducer-replay.test.mjs"/>
	<testcase name="reducer_replay_test: an empty run deterministically preserves canonical initial state" time="0.025246" classname="test" file="C:\dev\insight\Epistemic-Foundry\packages\foundry-kernel\src\ledger\reducer-replay.test.mjs"/>
	<testcase name="reducer_replay_test: JSON payload decoding rejects invalid UTF-8, BOM, and syntax" time="0.000380" classname="test" file="C:\dev\insight\Epistemic-Foundry\packages\foundry-kernel\src\ledger\reducer-replay.test.mjs"/>
	<testcase name="reducer_replay_test: state hashing rejects hidden array properties" time="0.026661" classname="test" file="C:\dev\insight\Epistemic-Foundry\packages\foundry-kernel\src\ledger\reducer-replay.test.mjs"/>
	<testcase name="memory_scope_test: index partitions all six canonical stores and seals identity" time="0.005856" classname="test" file="C:\dev\insight\Epistemic-Foundry\packages\foundry-kernel\src\memory\index\memory-scope.test.mjs"/>
	<testcase name="memory_scope_test: duplicate memory IDs fail closed across stores" time="0.000744" classname="test" file="C:\dev\insight\Epistemic-Foundry\packages\foundry-kernel\src\memory\index\memory-scope.test.mjs"/>
	<testcase name="memory_scope_test: an unknown memory class cannot create an implicit store" time="0.000182" classname="test" file="C:\dev\insight\Epistemic-Foundry\packages\foundry-kernel\src\memory\index\memory-scope.test.mjs"/>
	<testcase name="memory_scope_test: malformed record shape and accessors are rejected" time="0.000253" classname="test" file="C:\dev\insight\Epistemic-Foundry\packages\foundry-kernel\src\memory\index\memory-scope.test.mjs"/>
	<testcase name="memory_scope_test: store or index tamper is detected" time="0.001967" classname="test" file="C:\dev\insight\Epistemic-Foundry\packages\foundry-kernel\src\memory\index\memory-scope.test.mjs"/>
	<testcase name="memory_scope_test: query plan partitions searched and excluded classes" time="0.003475" classname="test" file="C:\dev\insight\Epistemic-Foundry\packages\foundry-kernel\src\memory\index\memory-scope.test.mjs"/>
	<testcase name="memory_scope_test: L01 denial occurs before the index is opened" time="0.000921" classname="test" file="C:\dev\insight\Epistemic-Foundry\packages\foundry-kernel\src\memory\index\memory-scope.test.mjs"/>
	<testcase name="memory_scope_test: the workflow rejects allowed but non-retrievable stores before index access" time="0.001293" classname="test" file="C:\dev\insight\Epistemic-Foundry\packages\foundry-kernel\src\memory\index\memory-scope.test.mjs"/>
	<testcase name="memory_scope_test: only requested stores contribute hits" time="0.003501" classname="test" file="C:\dev\insight\Epistemic-Foundry\packages\foundry-kernel\src\memory\index\memory-scope.test.mjs"/>
	<testcase name="memory_scope_test: target workspace is an exact store filter" time="0.002314" classname="test" file="C:\dev\insight\Epistemic-Foundry\packages\foundry-kernel\src\memory\index\memory-scope.test.mjs"/>
	<testcase name="memory_scope_test: each record is rechecked for retention before text scoring" time="0.002538" classname="test" file="C:\dev\insight\Epistemic-Foundry\packages\foundry-kernel\src\memory\index\memory-scope.test.mjs"/>
	<testcase name="memory_scope_test: future-dated records are policy exclusions" time="0.001999" classname="test" file="C:\dev\insight\Epistemic-Foundry\packages\foundry-kernel\src\memory\index\memory-scope.test.mjs"/>
	<testcase name="memory_scope_test: cross-workspace retrieval remains denied by default" time="0.000780" classname="test" file="C:\dev\insight\Epistemic-Foundry\packages\foundry-kernel\src\memory\index\memory-scope.test.mjs"/>
	<testcase name="memory_scope_test: explicit USER cross-workspace retrieval requires all L01 gates" time="0.002391" classname="test" file="C:\dev\insight\Epistemic-Foundry\packages\foundry-kernel\src\memory\index\memory-scope.test.mjs"/>
	<testcase name="memory_scope_test: cross-workspace opt-in cannot authorize a non-USER store" time="0.001013" classname="test" file="C:\dev\insight\Epistemic-Foundry\packages\foundry-kernel\src\memory\index\memory-scope.test.mjs"/>
	<testcase name="memory_scope_test: missing, revoked, or scope-mismatched consent is denied" time="0.002160" classname="test" file="C:\dev\insight\Epistemic-Foundry\packages\foundry-kernel\src\memory\index\memory-scope.test.mjs"/>
	<testcase name="memory_scope_test: deterministic score, cap, and tie-break are stable" time="0.002691" classname="test" file="C:\dev\insight\Epistemic-Foundry\packages\foundry-kernel\src\memory\index\memory-scope.test.mjs"/>
	<testcase name="memory_scope_test: Unicode NFKC token matching is deterministic" time="0.002851" classname="test" file="C:\dev\insight\Epistemic-Foundry\packages\foundry-kernel\src\memory\index\memory-scope.test.mjs"/>
	<testcase name="memory_scope_test: punctuation-only queries and invalid caps fail closed" time="0.001191" classname="test" file="C:\dev\insight\Epistemic-Foundry\packages\foundry-kernel\src\memory\index\memory-scope.test.mjs"/>
	<testcase name="memory_scope_test: request wrappers cannot use getters, Proxies, or extra fields" time="0.001596" classname="test" file="C:\dev\insight\Epistemic-Foundry\packages\foundry-kernel\src\memory\index\memory-scope.test.mjs"/>
	<testcase name="memory_scope_test: same inputs replay to byte-identical execution" time="0.004930" classname="test" file="C:\dev\insight\Epistemic-Foundry\packages\foundry-kernel\src\memory\index\memory-scope.test.mjs"/>
	<testcase name="memory_scope_test: end-to-end retrieval emits no raw search text" time="0.004266" classname="test" file="C:\dev\insight\Epistemic-Foundry\packages\foundry-kernel\src\memory\index\memory-scope.test.mjs"/>
	<testcase name="retrieval_receipt_test: receipt has the exact canonical fields and a valid seal" time="0.008281" classname="test" file="C:\dev\insight\Epistemic-Foundry\packages\foundry-kernel\src\memory\index\retrieval-receipt.test.mjs"/>
	<testcase name="retrieval_receipt_test: zero hits are SEARCHED_NONE, not unsearched" time="0.004989" classname="test" file="C:\dev\insight\Epistemic-Foundry\packages\foundry-kernel\src\memory\index\retrieval-receipt.test.mjs"/>
	<testcase name="retrieval_receipt_test: searched and excluded classes form a complete partition" time="0.002569" classname="test" file="C:\dev\insight\Epistemic-Foundry\packages\foundry-kernel\src\memory\index\retrieval-receipt.test.mjs"/>
	<testcase name="retrieval_receipt_test: hit provenance is retained without raw memory text" time="0.001724" classname="test" file="C:\dev\insight\Epistemic-Foundry\packages\foundry-kernel\src\memory\index\retrieval-receipt.test.mjs"/>
	<testcase name="retrieval_receipt_test: same execution replays to the same ID, hash, and timestamp" time="0.002024" classname="test" file="C:\dev\insight\Epistemic-Foundry\packages\foundry-kernel\src\memory\index\retrieval-receipt.test.mjs"/>
	<testcase name="retrieval_receipt_test: query mutation is an integrity failure" time="0.002154" classname="test" file="C:\dev\insight\Epistemic-Foundry\packages\foundry-kernel\src\memory\index\retrieval-receipt.test.mjs"/>
	<testcase name="retrieval_receipt_test: result hash and receipt ID tamper fail closed" time="0.004167" classname="test" file="C:\dev\insight\Epistemic-Foundry\packages\foundry-kernel\src\memory\index\retrieval-receipt.test.mjs"/>
	<testcase name="retrieval_receipt_test: an excluded-class hit cannot be inserted" time="0.002388" classname="test" file="C:\dev\insight\Epistemic-Foundry\packages\foundry-kernel\src\memory\index\retrieval-receipt.test.mjs"/>
	<testcase name="retrieval_receipt_test: receipt emission rejects a hit not produced by search" time="0.001674" classname="test" file="C:\dev\insight\Epistemic-Foundry\packages\foundry-kernel\src\memory\index\retrieval-receipt.test.mjs"/>
	<testcase name="retrieval_receipt_test: selected hits must preserve deterministic search order" time="0.001840" classname="test" file="C:\dev\insight\Epistemic-Foundry\packages\foundry-kernel\src\memory\index\retrieval-receipt.test.mjs"/>
	<testcase name="retrieval_receipt_test: L03 may redact or select a deterministic subset" time="0.002334" classname="test" file="C:\dev\insight\Epistemic-Foundry\packages\foundry-kernel\src\memory\index\retrieval-receipt.test.mjs"/>
	<testcase name="retrieval_receipt_test: redaction count cannot under-report redacted hits" time="0.003218" classname="test" file="C:\dev\insight\Epistemic-Foundry\packages\foundry-kernel\src\memory\index\retrieval-receipt.test.mjs"/>
	<testcase name="retrieval_receipt_test: policy evaluation time and retrieval time are one sealed boundary" time="0.003445" classname="test" file="C:\dev\insight\Epistemic-Foundry\packages\foundry-kernel\src\memory\index\retrieval-receipt.test.mjs"/>
	<testcase name="retrieval_receipt_test: consent and ContextCapsule bindings remain explicit" time="0.003217" classname="test" file="C:\dev\insight\Epistemic-Foundry\packages\foundry-kernel\src\memory\index\retrieval-receipt.test.mjs"/>
	<testcase name="retrieval_receipt_test: extra fields, accessors, and Proxy wrappers fail closed" time="0.004654" classname="test" file="C:\dev\insight\Epistemic-Foundry\packages\foundry-kernel\src\memory\index\retrieval-receipt.test.mjs"/>
	<testcase name="retrieval_receipt_test: non-canonical hit order is rejected during validation" time="0.001520" classname="test" file="C:\dev\insight\Epistemic-Foundry\packages\foundry-kernel\src\memory\index\retrieval-receipt.test.mjs"/>
	<testcase name="retrieval_receipt_test: end-to-end helper returns execution and matching receipt" time="0.001615" classname="test" file="C:\dev\insight\Epistemic-Foundry\packages\foundry-kernel\src\memory\index\retrieval-receipt.test.mjs"/>
	<testcase name="retrieval_receipt_test: score or provenance mutation is detected" time="0.006206" classname="test" file="C:\dev\insight\Epistemic-Foundry\packages\foundry-kernel\src\memory\index\retrieval-receipt.test.mjs"/>
	<testcase name="retrieval_receipt_test: a record outside retention is absent and accounted as policy exclusion" time="0.001639" classname="test" file="C:\dev\insight\Epistemic-Foundry\packages\foundry-kernel\src\memory\index\retrieval-receipt.test.mjs"/>
	<testcase name="forget_legal_hold_test: forget creates a new immutable revision, event, and resolving receipt" time="0.009331" classname="test" file="C:\dev\insight\Epistemic-Foundry\packages\foundry-kernel\src\memory\lifecycle\forget-legal-hold.test.mjs"/>
	<testcase name="forget_legal_hold_test: delete uses a distinct terminal status without retaining a forbidden tombstone hash" time="0.001302" classname="test" file="C:\dev\insight\Epistemic-Foundry\packages\foundry-kernel\src\memory\lifecycle\forget-legal-hold.test.mjs"/>
	<testcase name="forget_legal_hold_test: a non-reversible tombstone hash is retained only with explicit policy-and-law authority" time="0.001549" classname="test" file="C:\dev\insight\Epistemic-Foundry\packages\foundry-kernel\src\memory\lifecycle\forget-legal-hold.test.mjs"/>
	<testcase name="forget_legal_hold_test: tombstone retention permission requires an authority record" time="0.000395" classname="test" file="C:\dev\insight\Epistemic-Foundry\packages\foundry-kernel\src\memory\lifecycle\forget-legal-hold.test.mjs"/>
	<testcase name="forget_legal_hold_test: active matching legal hold blocks the effect and preserves source state" time="0.001514" classname="test" file="C:\dev\insight\Epistemic-Foundry\packages\foundry-kernel\src\memory\lifecycle\forget-legal-hold.test.mjs"/>
	<testcase name="forget_legal_hold_test: expired, future, and nonmatching holds do not block" time="0.001309" classname="test" file="C:\dev\insight\Epistemic-Foundry\packages\foundry-kernel\src\memory\lifecycle\forget-legal-hold.test.mjs"/>
	<testcase name="forget_legal_hold_test: class-scoped and workspace-scoped holds are deterministic" time="0.001128" classname="test" file="C:\dev\insight\Epistemic-Foundry\packages\foundry-kernel\src\memory\lifecycle\forget-legal-hold.test.mjs"/>
	<testcase name="forget_legal_hold_test: legal holds must be explicitly time-bounded and hash-sealed" time="0.000392" classname="test" file="C:\dev\insight\Epistemic-Foundry\packages\foundry-kernel\src\memory\lifecycle\forget-legal-hold.test.mjs"/>
	<testcase name="forget_legal_hold_test: same request replay returns the exact prior immutable outcome" time="0.001397" classname="test" file="C:\dev\insight\Epistemic-Foundry\packages\foundry-kernel\src\memory\lifecycle\forget-legal-hold.test.mjs"/>
	<testcase name="forget_legal_hold_test: idempotency key reuse with a different request fails closed" time="0.001495" classname="test" file="C:\dev\insight\Epistemic-Foundry\packages\foundry-kernel\src\memory\lifecycle\forget-legal-hold.test.mjs"/>
	<testcase name="forget_legal_hold_test: revision mismatch and target mismatch fail closed" time="0.000526" classname="test" file="C:\dev\insight\Epistemic-Foundry\packages\foundry-kernel\src\memory\lifecycle\forget-legal-hold.test.mjs"/>
	<testcase name="forget_legal_hold_test: action and workspace policy boundaries fail closed" time="0.000652" classname="test" file="C:\dev\insight\Epistemic-Foundry\packages\foundry-kernel\src\memory\lifecycle\forget-legal-hold.test.mjs"/>
	<testcase name="forget_legal_hold_test: a future policy is not silently applied" time="0.000280" classname="test" file="C:\dev\insight\Epistemic-Foundry\packages\foundry-kernel\src\memory\lifecycle\forget-legal-hold.test.mjs"/>
	<testcase name="forget_legal_hold_test: a new request cannot rewrite an immutable terminal revision" time="0.000981" classname="test" file="C:\dev\insight\Epistemic-Foundry\packages\foundry-kernel\src\memory\lifecycle\forget-legal-hold.test.mjs"/>
	<testcase name="forget_legal_hold_test: index or cache eviction cannot masquerade as canonical forgetting" time="0.000110" classname="test" file="C:\dev\insight\Epistemic-Foundry\packages\foundry-kernel\src\memory\lifecycle\forget-legal-hold.test.mjs"/>
	<testcase name="forget_legal_hold_test: first event and previous-event hash semantics are exact" time="0.000280" classname="test" file="C:\dev\insight\Epistemic-Foundry\packages\foundry-kernel\src\memory\lifecycle\forget-legal-hold.test.mjs"/>
	<testcase name="forget_legal_hold_test: request, policy, and outcome hashes reject tampering" time="0.001432" classname="test" file="C:\dev\insight\Epistemic-Foundry\packages\foundry-kernel\src\memory\lifecycle\forget-legal-hold.test.mjs"/>
	<testcase name="forget_legal_hold_test: canonical ActionIntent, EventRecord, and EffectReceipt fields are complete" time="0.000771" classname="test" file="C:\dev\insight\Epistemic-Foundry\packages\foundry-kernel\src\memory\lifecycle\forget-legal-hold.test.mjs"/>
	<testcase name="forget_legal_hold_test: legal-hold input order does not change the outcome" time="0.001853" classname="test" file="C:\dev\insight\Epistemic-Foundry\packages\foundry-kernel\src\memory\lifecycle\forget-legal-hold.test.mjs"/>
	<testcase name="forget_legal_hold_test: duplicate hold IDs and duplicate prior keys fail closed" time="0.003126" classname="test" file="C:\dev\insight\Epistemic-Foundry\packages\foundry-kernel\src\memory\lifecycle\forget-legal-hold.test.mjs"/>
	<testcase name="forget_legal_hold_test: proxies, accessors, and extra fields fail closed" time="0.000341" classname="test" file="C:\dev\insight\Epistemic-Foundry\packages\foundry-kernel\src\memory\lifecycle\forget-legal-hold.test.mjs"/>
	<testcase name="forget_legal_hold_test: sealed policy and hold replay canonically" time="0.000207" classname="test" file="C:\dev\insight\Epistemic-Foundry\packages\foundry-kernel\src\memory\lifecycle\forget-legal-hold.test.mjs"/>
	<testcase name="forget_legal_hold_test: emitted hashes match canonical effect and ledger authorities" time="0.000801" classname="test" file="C:\dev\insight\Epistemic-Foundry\packages\foundry-kernel\src\memory\lifecycle\forget-legal-hold.test.mjs"/>
	<testcase name="forget_legal_hold_test: replay rejects a different sealed lifecycle policy" time="0.001199" classname="test" file="C:\dev\insight\Epistemic-Foundry\packages\foundry-kernel\src\memory\lifecycle\forget-legal-hold.test.mjs"/>
	<testcase name="forget_legal_hold_test: replay rejects a different memory lineage" time="0.001462" classname="test" file="C:\dev\insight\Epistemic-Foundry\packages\foundry-kernel\src\memory\lifecycle\forget-legal-hold.test.mjs"/>
	<testcase name="redaction_test: exact byte-span redaction creates a new immutable derived artifact" time="0.003075" classname="test" file="C:\dev\insight\Epistemic-Foundry\packages\foundry-kernel\src\memory\lifecycle\redaction.test.mjs"/>
	<testcase name="redaction_test: duplicate source hashes select one representative without score amplification" time="0.000446" classname="test" file="C:\dev\insight\Epistemic-Foundry\packages\foundry-kernel\src\memory\lifecycle\redaction.test.mjs"/>
	<testcase name="redaction_test: hit and directive permutations produce the same selection hash" time="0.000707" classname="test" file="C:\dev\insight\Epistemic-Foundry\packages\foundry-kernel\src\memory\lifecycle\redaction.test.mjs"/>
	<testcase name="redaction_test: multiple non-overlapping spans are counted exactly" time="0.000365" classname="test" file="C:\dev\insight\Epistemic-Foundry\packages\foundry-kernel\src\memory\lifecycle\redaction.test.mjs"/>
	<testcase name="redaction_test: overlapping spans fail closed" time="0.000503" classname="test" file="C:\dev\insight\Epistemic-Foundry\packages\foundry-kernel\src\memory\lifecycle\redaction.test.mjs"/>
	<testcase name="redaction_test: out-of-range spans fail closed" time="0.000220" classname="test" file="C:\dev\insight\Epistemic-Foundry\packages\foundry-kernel\src\memory\lifecycle\redaction.test.mjs"/>
	<testcase name="redaction_test: byte spans cannot split UTF-8 code points" time="0.000378" classname="test" file="C:\dev\insight\Epistemic-Foundry\packages\foundry-kernel\src\memory\lifecycle\redaction.test.mjs"/>
	<testcase name="redaction_test: stale source content cannot reuse a source hash" time="0.000161" classname="test" file="C:\dev\insight\Epistemic-Foundry\packages\foundry-kernel\src\memory\lifecycle\redaction.test.mjs"/>
	<testcase name="redaction_test: profile-only redaction fails closed without authoritative rules" time="0.000127" classname="test" file="C:\dev\insight\Epistemic-Foundry\packages\foundry-kernel\src\memory\lifecycle\redaction.test.mjs"/>
	<testcase name="redaction_test: missing, extra, and unused source bindings are rejected" time="0.001404" classname="test" file="C:\dev\insight\Epistemic-Foundry\packages\foundry-kernel\src\memory\lifecycle\redaction.test.mjs"/>
	<testcase name="redaction_test: no-op directives and duplicate IDs are rejected" time="0.000402" classname="test" file="C:\dev\insight\Epistemic-Foundry\packages\foundry-kernel\src\memory\lifecycle\redaction.test.mjs"/>
	<testcase name="redaction_test: duplicate memory IDs and duplicate source artifacts are rejected" time="0.000266" classname="test" file="C:\dev\insight\Epistemic-Foundry\packages\foundry-kernel\src\memory\lifecycle\redaction.test.mjs"/>
	<testcase name="redaction_test: already-redacted hits cannot be silently redacted again" time="0.000161" classname="test" file="C:\dev\insight\Epistemic-Foundry\packages\foundry-kernel\src\memory\lifecycle\redaction.test.mjs"/>
	<testcase name="redaction_test: selection hash and derived content hash detect tampering" time="0.000697" classname="test" file="C:\dev\insight\Epistemic-Foundry\packages\foundry-kernel\src\memory\lifecycle\redaction.test.mjs"/>
	<testcase name="redaction_test: empty hit input has an explicit deterministic empty selection" time="0.000245" classname="test" file="C:\dev\insight\Epistemic-Foundry\packages\foundry-kernel\src\memory\lifecycle\redaction.test.mjs"/>
	<testcase name="redaction_test: accessors, proxies, and extra fields fail closed" time="0.000344" classname="test" file="C:\dev\insight\Epistemic-Foundry\packages\foundry-kernel\src\memory\lifecycle\redaction.test.mjs"/>
	<testcase name="redaction_test: directive IDs use canonical ID ordering independent of span order" time="0.000636" classname="test" file="C:\dev\insight\Epistemic-Foundry\packages\foundry-kernel\src\memory\lifecycle\redaction.test.mjs"/>
	<testcase name="redaction_test: replay validation rejects accessor-backed selected hits" time="0.000466" classname="test" file="C:\dev\insight\Epistemic-Foundry\packages\foundry-kernel\src\memory\lifecycle\redaction.test.mjs"/>
	<testcase name="redaction_test: a self-rehashed duplicate exclusion cannot forge its representative" time="0.000682" classname="test" file="C:\dev\insight\Epistemic-Foundry\packages\foundry-kernel\src\memory\lifecycle\redaction.test.mjs"/>
	<testcase name="consent_policy_test: policy and consent projections are canonical, hash-bound, and immutable" time="0.005481" classname="test" file="C:\dev\insight\Epistemic-Foundry\packages\foundry-kernel\src\memory\policy\consent-policy.test.mjs"/>
	<testcase name="consent_policy_test: memory classes and class rules are closed and unambiguous" time="0.000445" classname="test" file="C:\dev\insight\Epistemic-Foundry\packages\foundry-kernel\src\memory\policy\consent-policy.test.mjs"/>
	<testcase name="consent_policy_test: cross-workspace access is denied by default below retrieval" time="0.001167" classname="test" file="C:\dev\insight\Epistemic-Foundry\packages\foundry-kernel\src\memory\policy\consent-policy.test.mjs"/>
	<testcase name="consent_policy_test: USER cross-workspace recall requires policy and explicit opt-in" time="0.001360" classname="test" file="C:\dev\insight\Epistemic-Foundry\packages\foundry-kernel\src\memory\policy\consent-policy.test.mjs"/>
	<testcase name="consent_policy_test: non-USER classes cannot become cross-workspace through a permissive mode" time="0.001294" classname="test" file="C:\dev\insight\Epistemic-Foundry\packages\foundry-kernel\src\memory\policy\consent-policy.test.mjs"/>
	<testsuite name="consent_policy_test: purpose, class, scope, policy, and workspace remain bound" time="0.004152" disabled="0" errors="0" tests="5" failures="0" skipped="0" hostname="Moon">
		<testcase name="CONSENT_PURPOSE_MISMATCH" time="0.001146" classname="test" file="C:\dev\insight\Epistemic-Foundry\packages\foundry-kernel\src\memory\policy\consent-policy.test.mjs"/>
		<testcase name="CONSENT_DATA_CLASS_MISMATCH" time="0.000493" classname="test" file="C:\dev\insight\Epistemic-Foundry\packages\foundry-kernel\src\memory\policy\consent-policy.test.mjs"/>
		<testcase name="CONSENT_SCOPE_MISMATCH" time="0.000499" classname="test" file="C:\dev\insight\Epistemic-Foundry\packages\foundry-kernel\src\memory\policy\consent-policy.test.mjs"/>
		<testcase name="CONSENT_POLICY_MISMATCH" time="0.000509" classname="test" file="C:\dev\insight\Epistemic-Foundry\packages\foundry-kernel\src\memory\policy\consent-policy.test.mjs"/>
		<testcase name="CONSENT_WORKSPACE_MISMATCH" time="0.000612" classname="test" file="C:\dev\insight\Epistemic-Foundry\packages\foundry-kernel\src\memory\policy\consent-policy.test.mjs"/>
	</testsuite>
	<testcase name="consent_policy_test: requested scope cannot claim a different memory class" time="0.000818" classname="test" file="C:\dev\insight\Epistemic-Foundry\packages\foundry-kernel\src\memory\policy\consent-policy.test.mjs"/>
	<testcase name="consent_policy_test: optional consent is validated but is not recorded as authority" time="0.000435" classname="test" file="C:\dev\insight\Epistemic-Foundry\packages\foundry-kernel\src\memory\policy\consent-policy.test.mjs"/>
	<testsuite name="consent_policy_test: only an effective GRANTED consent can authorize access" time="0.001967" disabled="0" errors="0" tests="3" failures="0" skipped="0" hostname="Moon">
		<testcase name="DENIED" time="0.000462" classname="test" file="C:\dev\insight\Epistemic-Foundry\packages\foundry-kernel\src\memory\policy\consent-policy.test.mjs"/>
		<testcase name="REVOKED" time="0.000406" classname="test" file="C:\dev\insight\Epistemic-Foundry\packages\foundry-kernel\src\memory\policy\consent-policy.test.mjs"/>
		<testcase name="EXPIRED" time="0.000425" classname="test" file="C:\dev\insight\Epistemic-Foundry\packages\foundry-kernel\src\memory\policy\consent-policy.test.mjs"/>
	</testsuite>
	<testcase name="consent_policy_test: expiry and revocation take effect at their exact boundary" time="0.000991" classname="test" file="C:\dev\insight\Epistemic-Foundry\packages\foundry-kernel\src\memory\policy\consent-policy.test.mjs"/>
	<testcase name="consent_policy_test: not-yet-effective policy and consent fail closed" time="0.000780" classname="test" file="C:\dev\insight\Epistemic-Foundry\packages\foundry-kernel\src\memory\policy\consent-policy.test.mjs"/>
	<testcase name="consent_policy_test: the enforcement API throws the typed denial and never implies search" time="0.000457" classname="test" file="C:\dev\insight\Epistemic-Foundry\packages\foundry-kernel\src\memory\policy\consent-policy.test.mjs"/>
	<testcase name="retention_test: class-specific retention overrides the policy default" time="0.005031" classname="test" file="C:\dev\insight\Epistemic-Foundry\packages\foundry-kernel\src\memory\policy\retention.test.mjs"/>
	<testcase name="retention_test: the exact retention boundary is valid and the next millisecond is expired" time="0.001154" classname="test" file="C:\dev\insight\Epistemic-Foundry\packages\foundry-kernel\src\memory\policy\retention.test.mjs"/>
	<testcase name="retention_test: future memory timestamps are rejected instead of producing negative age" time="0.000641" classname="test" file="C:\dev\insight\Epistemic-Foundry\packages\foundry-kernel\src\memory\policy\retention.test.mjs"/>
	<testcase name="retention_test: zero-day EPHEMERAL memory survives only its creation instant" time="0.001682" classname="test" file="C:\dev\insight\Epistemic-Foundry\packages\foundry-kernel\src\memory\policy\retention.test.mjs"/>
	<testcase name="retention_test: canonical but disallowed classes fail closed before retrieval" time="0.001466" classname="test" file="C:\dev\insight\Epistemic-Foundry\packages\foundry-kernel\src\memory\policy\retention.test.mjs"/>
	<testcase name="retention_test: unknown classes and malformed timestamps are invalid input, not fallback" time="0.000791" classname="test" file="C:\dev\insight\Epistemic-Foundry\packages\foundry-kernel\src\memory\policy\retention.test.mjs"/>
	<testcase name="retention_test: access decisions preserve the policy hash and are deeply immutable" time="0.000969" classname="test" file="C:\dev\insight\Epistemic-Foundry\packages\foundry-kernel\src\memory\policy\retention.test.mjs"/>
	<testcase name="audit_export_test: a complete bundle reconciles and seals" time="0.003153" classname="test" file="C:\dev\insight\Epistemic-Foundry\packages\foundry-kernel\src\replay\audit-export.test.mjs"/>
	<testcase name="audit_export_test: every section is accounted for" time="0.000545" classname="test" file="C:\dev\insight\Epistemic-Foundry\packages\foundry-kernel\src\replay\audit-export.test.mjs"/>
	<testcase name="audit_export_test: a referenced artifact that is simply absent fails" time="0.001080" classname="test" file="C:\dev\insight\Epistemic-Foundry\packages\foundry-kernel\src\replay\audit-export.test.mjs"/>
	<testcase name="audit_export_test: an absence with a typed reason is allowed and recorded" time="0.000954" classname="test" file="C:\dev\insight\Epistemic-Foundry\packages\foundry-kernel\src\replay\audit-export.test.mjs"/>
	<testcase name="audit_export_test: an exclusion reason must be canonical" time="0.000443" classname="test" file="C:\dev\insight\Epistemic-Foundry\packages\foundry-kernel\src\replay\audit-export.test.mjs"/>
	<testcase name="audit_export_test: an entry cannot be both bundled and excluded" time="0.001378" classname="test" file="C:\dev\insight\Epistemic-Foundry\packages\foundry-kernel\src\replay\audit-export.test.mjs"/>
	<testcase name="audit_export_test: excluding something the run never referenced is refused" time="0.000701" classname="test" file="C:\dev\insight\Epistemic-Foundry\packages\foundry-kernel\src\replay\audit-export.test.mjs"/>
	<testcase name="audit_export_test: an entry the run never referenced is an orphan" time="0.000487" classname="test" file="C:\dev\insight\Epistemic-Foundry\packages\foundry-kernel\src\replay\audit-export.test.mjs"/>
	<testcase name="audit_export_test: a duplicated bundle entry is refused" time="0.000449" classname="test" file="C:\dev\insight\Epistemic-Foundry\packages\foundry-kernel\src\replay\audit-export.test.mjs"/>
	<testcase name="audit_export_test: every bundled entry must carry a sha256 content hash" time="0.000416" classname="test" file="C:\dev\insight\Epistemic-Foundry\packages\foundry-kernel\src\replay\audit-export.test.mjs"/>
	<testcase name="audit_export_test: the reconciliation counts add up" time="0.000656" classname="test" file="C:\dev\insight\Epistemic-Foundry\packages\foundry-kernel\src\replay\audit-export.test.mjs"/>
	<testcase name="audit_export_test: reconcileExport reports rather than throws for a caller" time="0.000196" classname="test" file="C:\dev\insight\Epistemic-Foundry\packages\foundry-kernel\src\replay\audit-export.test.mjs"/>
	<testcase name="audit_export_test: the drift report must belong to the same run" time="0.000338" classname="test" file="C:\dev\insight\Epistemic-Foundry\packages\foundry-kernel\src\replay\audit-export.test.mjs"/>
	<testcase name="audit_export_test: an unsealed drift report cannot be exported" time="0.000495" classname="test" file="C:\dev\insight\Epistemic-Foundry\packages\foundry-kernel\src\replay\audit-export.test.mjs"/>
	<testcase name="audit_export_test: a diverged run can still be exported, and says so" time="0.000727" classname="test" file="C:\dev\insight\Epistemic-Foundry\packages\foundry-kernel\src\replay\audit-export.test.mjs"/>
	<testcase name="audit_export_test: a sealed export may not record missing entries" time="0.001146" classname="test" file="C:\dev\insight\Epistemic-Foundry\packages\foundry-kernel\src\replay\audit-export.test.mjs"/>
	<testcase name="audit_export_test: hash coverage must match the present entries exactly" time="0.000652" classname="test" file="C:\dev\insight\Epistemic-Foundry\packages\foundry-kernel\src\replay\audit-export.test.mjs"/>
	<testcase name="audit_export_test: a tampered export is rejected by its own hash" time="0.000764" classname="test" file="C:\dev\insight\Epistemic-Foundry\packages\foundry-kernel\src\replay\audit-export.test.mjs"/>
	<testcase name="audit_export_test: a non-canonical field set is refused" time="0.000567" classname="test" file="C:\dev\insight\Epistemic-Foundry\packages\foundry-kernel\src\replay\audit-export.test.mjs"/>
	<testcase name="audit_export_test: an unknown section cannot be excluded" time="0.000245" classname="test" file="C:\dev\insight\Epistemic-Foundry\packages\foundry-kernel\src\replay\audit-export.test.mjs"/>
	<testcase name="audit_export_test: the export is deterministic and content-addressed" time="0.001007" classname="test" file="C:\dev\insight\Epistemic-Foundry\packages\foundry-kernel\src\replay\audit-export.test.mjs"/>
	<testcase name="replay_drift_test: an exact replay is reproducible with no differences" time="0.001783" classname="test" file="C:\dev\insight\Epistemic-Foundry\packages\foundry-kernel\src\replay\replay-drift.test.mjs"/>
	<testcase name="replay_drift_test: a moved timestamp is strict drift, not divergence" time="0.000277" classname="test" file="C:\dev\insight\Epistemic-Foundry\packages\foundry-kernel\src\replay\replay-drift.test.mjs"/>
	<testcase name="replay_drift_test: a different duration and worker are strict drift" time="0.000378" classname="test" file="C:\dev\insight\Epistemic-Foundry\packages\foundry-kernel\src\replay\replay-drift.test.mjs"/>
	<testcase name="replay_drift_test: a changed state hash is semantic divergence" time="0.000247" classname="test" file="C:\dev\insight\Epistemic-Foundry\packages\foundry-kernel\src\replay\replay-drift.test.mjs"/>
	<testcase name="replay_drift_test: strict drift never downgrades a clean semantic result" time="0.000254" classname="test" file="C:\dev\insight\Epistemic-Foundry\packages\foundry-kernel\src\replay\replay-drift.test.mjs"/>
	<testcase name="replay_drift_test: one semantic difference outweighs any amount of strict drift" time="0.000345" classname="test" file="C:\dev\insight\Epistemic-Foundry\packages\foundry-kernel\src\replay\replay-drift.test.mjs"/>
	<testcase name="replay_drift_test: every semantic field is actually treated as semantic" time="0.000109" classname="test" file="C:\dev\insight\Epistemic-Foundry\packages\foundry-kernel\src\replay\replay-drift.test.mjs"/>
	<testcase name="replay_drift_test: every volatile field is actually treated as strict" time="0.000085" classname="test" file="C:\dev\insight\Epistemic-Foundry\packages\foundry-kernel\src\replay\replay-drift.test.mjs"/>
	<testcase name="replay_drift_test: the two field lists cannot overlap" time="0.000155" classname="test" file="C:\dev\insight\Epistemic-Foundry\packages\foundry-kernel\src\replay\replay-drift.test.mjs"/>
	<testcase name="replay_drift_test: an unrecognised field is unclassified, not assumed harmless" time="0.000463" classname="test" file="C:\dev\insight\Epistemic-Foundry\packages\foundry-kernel\src\replay\replay-drift.test.mjs"/>
	<testcase name="replay_drift_test: an unclassified difference blocks the seal" time="0.000727" classname="test" file="C:\dev\insight\Epistemic-Foundry\packages\foundry-kernel\src\replay\replay-drift.test.mjs"/>
	<testcase name="replay_drift_test: a semantic field filed as strict is refused" time="0.000325" classname="test" file="C:\dev\insight\Epistemic-Foundry\packages\foundry-kernel\src\replay\replay-drift.test.mjs"/>
	<testcase name="replay_drift_test: a verdict that does not follow from the buckets is refused" time="0.000649" classname="test" file="C:\dev\insight\Epistemic-Foundry\packages\foundry-kernel\src\replay\replay-drift.test.mjs"/>
	<testcase name="replay_drift_test: counts must reconcile with the records" time="0.000224" classname="test" file="C:\dev\insight\Epistemic-Foundry\packages\foundry-kernel\src\replay\replay-drift.test.mjs"/>
	<testcase name="replay_drift_test: a tampered report is rejected by its own hash" time="0.000352" classname="test" file="C:\dev\insight\Epistemic-Foundry\packages\foundry-kernel\src\replay\replay-drift.test.mjs"/>
	<testcase name="replay_drift_test: an added or removed field is reported with both sides" time="0.000237" classname="test" file="C:\dev\insight\Epistemic-Foundry\packages\foundry-kernel\src\replay\replay-drift.test.mjs"/>
	<testcase name="replay_drift_test: differences are reported in deterministic path order" time="0.000159" classname="test" file="C:\dev\insight\Epistemic-Foundry\packages\foundry-kernel\src\replay\replay-drift.test.mjs"/>
	<testcase name="replay_drift_test: the verdict vocabulary is closed and ordered" time="0.000091" classname="test" file="C:\dev\insight\Epistemic-Foundry\packages\foundry-kernel\src\replay\replay-drift.test.mjs"/>
	<testcase name="replay_drift_test: a non-canonical verdict is refused" time="0.000266" classname="test" file="C:\dev\insight\Epistemic-Foundry\packages\foundry-kernel\src\replay\replay-drift.test.mjs"/>
	<testcase name="replay_drift_test: the report is deterministic and content-addressed" time="0.000475" classname="test" file="C:\dev\insight\Epistemic-Foundry\packages\foundry-kernel\src\replay\replay-drift.test.mjs"/>
	<testcase name="resource_conflict_test: exclusive resources admit exactly one owner" time="0.010001" classname="test" file="C:\dev\insight\Epistemic-Foundry\packages\foundry-kernel\src\scheduler\resource-conflict.test.mjs"/>
	<testcase name="resource_conflict_test: multi-resource acquisition is all-or-none" time="0.003874" classname="test" file="C:\dev\insight\Epistemic-Foundry\packages\foundry-kernel\src\scheduler\resource-conflict.test.mjs"/>
	<testcase name="resource_conflict_test: bounded quota permits capacity owners and rejects overflow" time="0.005894" classname="test" file="C:\dev\insight\Epistemic-Foundry\packages\foundry-kernel\src\scheduler\resource-conflict.test.mjs"/>
	<testcase name="resource_conflict_test: quota capacities must be explicit and exclusive capacity cannot broaden" time="0.000672" classname="test" file="C:\dev\insight\Epistemic-Foundry\packages\foundry-kernel\src\scheduler\resource-conflict.test.mjs"/>
	<testcase name="resource_conflict_test: expiry releases ownership only into reconciliation" time="0.002976" classname="test" file="C:\dev\insight\Epistemic-Foundry\packages\foundry-kernel\src\scheduler\resource-conflict.test.mjs"/>
	<testcase name="resource_conflict_test: stale token cannot commit after a newer node lease" time="0.001928" classname="test" file="C:\dev\insight\Epistemic-Foundry\packages\foundry-kernel\src\scheduler\resource-conflict.test.mjs"/>
	<testcase name="resource_conflict_test: exact acquisition retry returns one lease and one reservation" time="0.001359" classname="test" file="C:\dev\insight\Epistemic-Foundry\packages\foundry-kernel\src\scheduler\resource-conflict.test.mjs"/>
	<testcase name="resource_conflict_test: active lease retry rejects changed admission or reservation" time="0.001974" classname="test" file="C:\dev\insight\Epistemic-Foundry\packages\foundry-kernel\src\scheduler\resource-conflict.test.mjs"/>
	<testcase name="resource_conflict_test: failed admission does not consume token, budget, or resource" time="0.001186" classname="test" file="C:\dev\insight\Epistemic-Foundry\packages\foundry-kernel\src\scheduler\resource-conflict.test.mjs"/>
	<testcase name="scheduler_property_test: graph compilation is deterministic across every node permutation" time="0.039699" classname="test" file="C:\dev\insight\Epistemic-Foundry\packages\foundry-kernel\src\scheduler\scheduler-property.test.mjs"/>
	<testcase name="scheduler_property_test: unknown, duplicate, self, and hostile dependencies fail closed" time="0.000727" classname="test" file="C:\dev\insight\Epistemic-Foundry\packages\foundry-kernel\src\scheduler\scheduler-property.test.mjs"/>
	<testcase name="scheduler_property_test: every real cycle requires one hash-valid matching LoopContract" time="0.002541" classname="test" file="C:\dev\insight\Epistemic-Foundry\packages\foundry-kernel\src\scheduler\scheduler-property.test.mjs"/>
	<testcase name="scheduler_property_test: readiness requires successful predecessor terminal receipts" time="0.004183" classname="test" file="C:\dev\insight\Epistemic-Foundry\packages\foundry-kernel\src\scheduler\scheduler-property.test.mjs"/>
	<testcase name="scheduler_property_test: admission evidence is explicit and capability leases remain external" time="0.001994" classname="test" file="C:\dev\insight\Epistemic-Foundry\packages\foundry-kernel\src\scheduler\scheduler-property.test.mjs"/>
	<testcase name="scheduler_property_test: retries create immutable attempts and preserve idempotency" time="0.003773" classname="test" file="C:\dev\insight\Epistemic-Foundry\packages\foundry-kernel\src\scheduler\scheduler-property.test.mjs"/>
	<testcase name="scheduler_property_test: idempotency conflicts and semantic failures never retry" time="0.003415" classname="test" file="C:\dev\insight\Epistemic-Foundry\packages\foundry-kernel\src\scheduler\scheduler-property.test.mjs"/>
	<testcase name="scheduler_property_test: attempt activity and retry lease clocks never regress" time="0.002441" classname="test" file="C:\dev\insight\Epistemic-Foundry\packages\foundry-kernel\src\scheduler\scheduler-property.test.mjs"/>
	<testcase name="scheduler_property_test: expired attempts reconcile before a retry can be assigned" time="0.002376" classname="test" file="C:\dev\insight\Epistemic-Foundry\packages\foundry-kernel\src\scheduler\scheduler-property.test.mjs"/>
	<testcase name="scheduler_property_test: unknown effects can reconcile to success only with receipts" time="0.001662" classname="test" file="C:\dev\insight\Epistemic-Foundry\packages\foundry-kernel\src\scheduler\scheduler-property.test.mjs"/>
	<testcase name="scheduler_property_test: typed hard budgets enforce calls and concurrency without inventing meters" time="0.001992" classname="test" file="C:\dev\insight\Epistemic-Foundry\packages\foundry-kernel\src\scheduler\scheduler-property.test.mjs"/>
	<testcase name="scheduler_property_test: bounded loops dedupe all seen items and enforce dry rounds and limits" time="0.002467" classname="test" file="C:\dev\insight\Epistemic-Foundry\packages\foundry-kernel\src\scheduler\scheduler-property.test.mjs"/>
	<testcase name="scheduler_property_test: failure policy remains visible to downstream readiness" time="0.007021" classname="test" file="C:\dev\insight\Epistemic-Foundry\packages\foundry-kernel\src\scheduler\scheduler-property.test.mjs"/>
	<testcase name="scheduler_property_test: command replay reproduces exact state and rejects tamper" time="0.005457" classname="test" file="C:\dev\insight\Epistemic-Foundry\packages\foundry-kernel\src\scheduler\scheduler-property.test.mjs"/>
	<testcase name="scheduler_property_test: plan, lease, attempt, and snapshot outputs are immutable" time="0.001948" classname="test" file="C:\dev\insight\Epistemic-Foundry\packages\foundry-kernel\src\scheduler\scheduler-property.test.mjs"/>
	<testcase name="canonical in-root paths are authorized with scoped operations" time="0.014702" classname="test" file="C:\dev\insight\Epistemic-Foundry\packages\foundry-kernel\src\security\execution\path-escape.test.mjs"/>
	<testcase name="traversal, absolute, mixed-separator, alias, and platform-ambiguous paths are denied" time="0.015376" classname="test" file="C:\dev\insight\Epistemic-Foundry\packages\foundry-kernel\src\security\execution\path-escape.test.mjs"/>
	<testcase name="existing symlink or junction components are denied by no-follow policy" time="0.013896" classname="test" file="C:\dev\insight\Epistemic-Foundry\packages\foundry-kernel\src\security\execution\path-escape.test.mjs"/>
	<testcase name="linked resource roots and non-directory traversal are denied" time="0.014200" classname="test" file="C:\dev\insight\Epistemic-Foundry\packages\foundry-kernel\src\security\execution\path-escape.test.mjs"/>
	<testcase name="egress uses exact canonical origins and defaults to denial" time="0.013578" classname="test" file="C:\dev\insight\Epistemic-Foundry\packages\foundry-kernel\src\security\execution\path-escape.test.mjs"/>
	<testcase name="allowlist and sandbox contracts reject inconsistent or unsupported policy" time="0.009245" classname="test" file="C:\dev\insight\Epistemic-Foundry\packages\foundry-kernel\src\security\execution\path-escape.test.mjs"/>
	<testcase name="policy and request Proxies, accessors, and serialized lookalikes fail without execution" time="0.009559" classname="test" file="C:\dev\insight\Epistemic-Foundry\packages\foundry-kernel\src\security\execution\path-escape.test.mjs"/>
	<testcase name="resource root identity is revalidated after policy issue" time="0.016871" classname="test" file="C:\dev\insight\Epistemic-Foundry\packages\foundry-kernel\src\security\execution\path-escape.test.mjs"/>
	<testcase name="egress rejects fragments and requires each redirect hop to be reauthorized" time="0.007748" classname="test" file="C:\dev\insight\Epistemic-Foundry\packages\foundry-kernel\src\security\execution\path-escape.test.mjs"/>
	<testcase name="opaque secret handles expose no serializable identifier or secret material" time="0.001851" classname="test" file="C:\dev\insight\Epistemic-Foundry\packages\foundry-kernel\src\security\execution\secret-exfiltration.test.mjs"/>
	<testcase name="secret handle construction rejects material-bearing and executable inputs" time="0.000466" classname="test" file="C:\dev\insight\Epistemic-Foundry\packages\foundry-kernel\src\security\execution\secret-exfiltration.test.mjs"/>
	<testcase name="handles are denied at every prohibited outbound boundary" time="0.000909" classname="test" file="C:\dev\insight\Epistemic-Foundry\packages\foundry-kernel\src\security\execution\secret-exfiltration.test.mjs"/>
	<testcase name="raw secret-shaped fields and values fail closed" time="0.000412" classname="test" file="C:\dev\insight\Epistemic-Foundry\packages\foundry-kernel\src\security\execution\secret-exfiltration.test.mjs"/>
	<testcase name="payload inspection rejects accessors, Proxies, cycles, and non-JSON values without execution" time="0.001087" classname="test" file="C:\dev\insight\Epistemic-Foundry\packages\foundry-kernel\src\security\execution\secret-exfiltration.test.mjs"/>
	<testcase name="ordinary egress cannot carry handles or secret-shaped payloads" time="0.002832" classname="test" file="C:\dev\insight\Epistemic-Foundry\packages\foundry-kernel\src\security\execution\secret-exfiltration.test.mjs"/>
	<testcase name="last-mile secret use requires both policy and handle destination bindings" time="0.001094" classname="test" file="C:\dev\insight\Epistemic-Foundry\packages\foundry-kernel\src\security\execution\secret-exfiltration.test.mjs"/>
	<testcase name="foreign boundaries cannot mint handles, policies, or decisions accepted here" time="0.000404" classname="test" file="C:\dev\insight\Epistemic-Foundry\packages\foundry-kernel\src\security\execution\secret-exfiltration.test.mjs"/>
	<testcase name="secret handles reject cleartext HTTP destination bindings" time="0.000273" classname="test" file="C:\dev\insight\Epistemic-Foundry\packages\foundry-kernel\src\security\execution\secret-exfiltration.test.mjs"/>
	<testcase name="model output receives typed denials for every authority-bearing request" time="0.001936" classname="test" file="C:\dev\insight\Epistemic-Foundry\packages\foundry-kernel\src\security\trust\authority-escalation.test.mjs"/>
	<testcase name="unknown sidecar authority fields are rejected instead of interpreted" time="0.000421" classname="test" file="C:\dev\insight\Epistemic-Foundry\packages\foundry-kernel\src\security\trust\authority-escalation.test.mjs"/>
	<testcase name="host or control-plane source claims cannot enter through the untrusted constructor" time="0.000280" classname="test" file="C:\dev\insight\Epistemic-Foundry\packages\foundry-kernel\src\security\trust\authority-escalation.test.mjs"/>
	<testcase name="segments are immutable and copied or JSON-round-tripped objects lose the runtime brand" time="0.000666" classname="test" file="C:\dev\insight\Epistemic-Foundry\packages\foundry-kernel\src\security\trust\authority-escalation.test.mjs"/>
	<testcase name="accessor-bearing input is denied before content is accepted" time="0.000213" classname="test" file="C:\dev\insight\Epistemic-Foundry\packages\foundry-kernel\src\security\trust\authority-escalation.test.mjs"/>
	<testcase name="Proxy input is denied without invoking its traps" time="0.000118" classname="test" file="C:\dev\insight\Epistemic-Foundry\packages\foundry-kernel\src\security\trust\authority-escalation.test.mjs"/>
	<testcase name="invalid trust-label values are denied without coercion" time="0.000118" classname="test" file="C:\dev\insight\Epistemic-Foundry\packages\foundry-kernel\src\security\trust\authority-escalation.test.mjs"/>
	<testcase name="context assembly denies Proxy arrays without invoking their traps" time="0.000109" classname="test" file="C:\dev\insight\Epistemic-Foundry\packages\foundry-kernel\src\security\trust\authority-escalation.test.mjs"/>
	<testcase name="context assembly denies accessor elements without invoking them" time="0.000194" classname="test" file="C:\dev\insight\Epistemic-Foundry\packages\foundry-kernel\src\security\trust\authority-escalation.test.mjs"/>
	<testcase name="prompt injection fixture remains data: role override" time="0.003903" classname="test" file="C:\dev\insight\Epistemic-Foundry\packages\foundry-kernel\src\security\trust\prompt-injection.test.mjs"/>
	<testcase name="prompt injection fixture remains data: role delimiter escape" time="0.000643" classname="test" file="C:\dev\insight\Epistemic-Foundry\packages\foundry-kernel\src\security\trust\prompt-injection.test.mjs"/>
	<testcase name="prompt injection fixture remains data: forged authority" time="0.000237" classname="test" file="C:\dev\insight\Epistemic-Foundry\packages\foundry-kernel\src\security\trust\prompt-injection.test.mjs"/>
	<testcase name="prompt injection fixture remains data: tool execution" time="0.000220" classname="test" file="C:\dev\insight\Epistemic-Foundry\packages\foundry-kernel\src\security\trust\prompt-injection.test.mjs"/>
	<testcase name="prompt injection fixture remains data: secret exfiltration" time="0.000188" classname="test" file="C:\dev\insight\Epistemic-Foundry\packages\foundry-kernel\src\security\trust\prompt-injection.test.mjs"/>
	<testcase name="prompt injection fixture remains data: policy rewrite" time="0.000171" classname="test" file="C:\dev\insight\Epistemic-Foundry\packages\foundry-kernel\src\security\trust\prompt-injection.test.mjs"/>
	<testcase name="a clean scan and trusted extraction label do not confer authority" time="0.000256" classname="test" file="C:\dev\insight\Epistemic-Foundry\packages\foundry-kernel\src\security\trust\prompt-injection.test.mjs"/>
	<testcase name="context assembly preserves evidence and model output as separate data planes" time="0.001108" classname="test" file="C:\dev\insight\Epistemic-Foundry\packages\foundry-kernel\src\security\trust\prompt-injection.test.mjs"/>
	<testcase name="two writers with the same expected revision produce one update and one stale no-op" time="0.124004" classname="test" file="C:\dev\insight\Epistemic-Foundry\packages\foundry-kernel\src\state\sqlite\concurrent-revision.test.mjs"/>
	<testcase name="concurrent first opens initialize one canonical WAL schema" time="0.086861" classname="test" file="C:\dev\insight\Epistemic-Foundry\packages\foundry-kernel\src\state\sqlite\concurrent-revision.test.mjs"/>
	<testcase name="integrity failure enters SAFE_MODE and denies every mutation path" time="0.029428" classname="test" file="C:\dev\insight\Epistemic-Foundry\packages\foundry-kernel\src\state\sqlite\integrity-safe-mode.test.mjs"/>
	<testcase name="schema drift enters SAFE_MODE: missing composite primary key with duplicate rows" time="0.038118" classname="test" file="C:\dev\insight\Epistemic-Foundry\packages\foundry-kernel\src\state\sqlite\integrity-safe-mode.test.mjs"/>
	<testcase name="schema drift enters SAFE_MODE: non-STRICT table" time="0.028356" classname="test" file="C:\dev\insight\Epistemic-Foundry\packages\foundry-kernel\src\state\sqlite\integrity-safe-mode.test.mjs"/>
	<testcase name="schema drift enters SAFE_MODE: wrong revision type" time="0.029393" classname="test" file="C:\dev\insight\Epistemic-Foundry\packages\foundry-kernel\src\state\sqlite\integrity-safe-mode.test.mjs"/>
	<testcase name="schema drift enters SAFE_MODE: nullable record identifier" time="0.025476" classname="test" file="C:\dev\insight\Epistemic-Foundry\packages\foundry-kernel\src\state\sqlite\integrity-safe-mode.test.mjs"/>
	<testcase name="schema drift enters SAFE_MODE: reversed primary-key order" time="0.031068" classname="test" file="C:\dev\insight\Epistemic-Foundry\packages\foundry-kernel\src\state\sqlite\integrity-safe-mode.test.mjs"/>
	<testcase name="schema drift enters SAFE_MODE: missing non-negative revision check" time="0.026371" classname="test" file="C:\dev\insight\Epistemic-Foundry\packages\foundry-kernel\src\state\sqlite\integrity-safe-mode.test.mjs"/>
	<testcase name="schema drift enters SAFE_MODE: missing safe-integer revision ceiling" time="0.025599" classname="test" file="C:\dev\insight\Epistemic-Foundry\packages\foundry-kernel\src\state\sqlite\integrity-safe-mode.test.mjs"/>
	<testcase name="schema drift enters SAFE_MODE: missing JSON validity check" time="0.023197" classname="test" file="C:\dev\insight\Epistemic-Foundry\packages\foundry-kernel\src\state\sqlite\integrity-safe-mode.test.mjs"/>
	<testcase name="invalid persisted JSON enters SAFE_MODE during reopen" time="0.034716" classname="test" file="C:\dev\insight\Epistemic-Foundry\packages\foundry-kernel\src\state\sqlite\integrity-safe-mode.test.mjs"/>
	<testcase name="checkIntegrity detects runtime JSON corruption and enters SAFE_MODE" time="0.026943" classname="test" file="C:\dev\insight\Epistemic-Foundry\packages\foundry-kernel\src\state\sqlite\integrity-safe-mode.test.mjs"/>
	<testcase name="runtime JSON corruption fails the read and immediately enters SAFE_MODE" time="0.028951" classname="test" file="C:\dev\insight\Epistemic-Foundry\packages\foundry-kernel\src\state\sqlite\integrity-safe-mode.test.mjs"/>
	<testcase name="runtime revision corruption is detected on read and enters SAFE_MODE" time="0.025785" classname="test" file="C:\dev\insight\Epistemic-Foundry\packages\foundry-kernel\src\state\sqlite\integrity-safe-mode.test.mjs"/>
	<testcase name="runtime schema-version drift enters SAFE_MODE before read" time="0.027254" classname="test" file="C:\dev\insight\Epistemic-Foundry\packages\foundry-kernel\src\state\sqlite\integrity-safe-mode.test.mjs"/>
	<testcase name="runtime schema-version drift enters SAFE_MODE before integrity check" time="0.028579" classname="test" file="C:\dev\insight\Epistemic-Foundry\packages\foundry-kernel\src\state\sqlite\integrity-safe-mode.test.mjs"/>
	<testcase name="runtime schema-version drift enters SAFE_MODE before mutation" time="0.031647" classname="test" file="C:\dev\insight\Epistemic-Foundry\packages\foundry-kernel\src\state\sqlite\integrity-safe-mode.test.mjs"/>
	<testcase name="SQLite store uses WAL and committed state survives reopen" time="0.034144" classname="test" file="C:\dev\insight\Epistemic-Foundry\packages\foundry-kernel\src\state\sqlite\sqlite-wal.test.mjs"/>
	<testcase name="transaction rollback leaves no partial records or revisions" time="0.035662" classname="test" file="C:\dev\insight\Epistemic-Foundry\packages\foundry-kernel\src\state\sqlite\sqlite-wal.test.mjs"/>
	<testcase name="transaction rejects then accessors without executing them and revokes the handle" time="0.028358" classname="test" file="C:\dev\insight\Epistemic-Foundry\packages\foundry-kernel\src\state\sqlite\sqlite-wal.test.mjs"/>
	<testcase name="rejected async transaction cannot write before or after its await boundary" time="0.027119" classname="test" file="C:\dev\insight\Epistemic-Foundry\packages\foundry-kernel\src\state\sqlite\sqlite-wal.test.mjs"/>
	<testcase name="rejected async transaction is observed while its continuation remains revoked" time="0.028695" classname="test" file="C:\dev\insight\Epistemic-Foundry\packages\foundry-kernel\src\state\sqlite\sqlite-wal.test.mjs"/>
	<testcase name="cross-realm async rejection is observed without running constructor or species hooks" time="0.038529" classname="test" file="C:\dev\insight\Epistemic-Foundry\packages\foundry-kernel\src\state\sqlite\sqlite-wal.test.mjs"/>
	<testcase name="rejected Promise subclass is observed without running inherited hooks" time="0.024885" classname="test" file="C:\dev\insight\Epistemic-Foundry\packages\foundry-kernel\src\state\sqlite\sqlite-wal.test.mjs"/>
	<testcase name="rejected preventExtensions Promise is observed without becoming extensible" time="0.025702" classname="test" file="C:\dev\insight\Epistemic-Foundry\packages\foundry-kernel\src\state\sqlite\sqlite-wal.test.mjs"/>
	<testcase name="rejected seal Promise is observed without becoming extensible" time="0.027152" classname="test" file="C:\dev\insight\Epistemic-Foundry\packages\foundry-kernel\src\state\sqlite\sqlite-wal.test.mjs"/>
	<testcase name="rejected freeze Promise is observed without becoming extensible" time="0.025513" classname="test" file="C:\dev\insight\Epistemic-Foundry\packages\foundry-kernel\src\state\sqlite\sqlite-wal.test.mjs"/>
	<testcase name="native Promise results remain denied after Promise then-method tampering" time="0.029129" classname="test" file="C:\dev\insight\Epistemic-Foundry\packages\foundry-kernel\src\state\sqlite\sqlite-wal.test.mjs"/>
	<testcase name="an unconfirmed transaction outcome enters SAFE_MODE and denies reuse" time="0.023465" classname="test" file="C:\dev\insight\Epistemic-Foundry\packages\foundry-kernel\src\state\sqlite\sqlite-wal.test.mjs"/>
	<testcase name="record values reject lossy or non-JSON JavaScript values" time="0.035262" classname="test" file="C:\dev\insight\Epistemic-Foundry\packages\foundry-kernel\src\state\sqlite\sqlite-wal.test.mjs"/>
	<testcase name="record encoding ignores inherited object and array toJSON hooks" time="0.026244" classname="test" file="C:\dev\insight\Epistemic-Foundry\packages\foundry-kernel\src\state\sqlite\sqlite-wal.test.mjs"/>
	<testcase name="record encoding ignores inherited array join hooks" time="0.028519" classname="test" file="C:\dev\insight\Epistemic-Foundry\packages\foundry-kernel\src\state\sqlite\sqlite-wal.test.mjs"/>
	<testcase name="record encoding ignores inherited string and number helper hooks" time="0.029445" classname="test" file="C:\dev\insight\Epistemic-Foundry\packages\foundry-kernel\src\state\sqlite\sqlite-wal.test.mjs"/>
	<testcase name="record validation ignores inherited RegExp test hooks" time="0.021615" classname="test" file="C:\dev\insight\Epistemic-Foundry\packages\foundry-kernel\src\state\sqlite\sqlite-wal.test.mjs"/>
	<testcase name="explicit close remains distinct from SAFE_MODE" time="0.019963" classname="test" file="C:\dev\insight\Epistemic-Foundry\packages\foundry-kernel\src\state\sqlite\sqlite-wal.test.mjs"/>
	<testcase name="compare-and-swap reports revision exhaustion without modifying the record" time="0.036639" classname="test" file="C:\dev\insight\Epistemic-Foundry\packages\foundry-kernel\src\state\sqlite\sqlite-wal.test.mjs"/>
	<testcase name="node_contract_test: vocabulary derives from the canonical schema" time="0.001039" classname="test" file="C:\dev\insight\Epistemic-Foundry\packages\foundry-kernel\src\workflows\compiler\node-contract.test.mjs"/>
	<testcase name="node_contract_test: the schema file matches the sealed contracts registry" time="0.000891" classname="test" file="C:\dev\insight\Epistemic-Foundry\packages\foundry-kernel\src\workflows\compiler\node-contract.test.mjs"/>
	<testcase name="node_contract_test: unknown executors are blocked with the canonical list" time="0.000941" classname="test" file="C:\dev\insight\Epistemic-Foundry\packages\foundry-kernel\src\workflows\compiler\node-contract.test.mjs"/>
	<testcase name="node_contract_test: non-canonical vocabulary values fail closed" time="0.000311" classname="test" file="C:\dev\insight\Epistemic-Foundry\packages\foundry-kernel\src\workflows\compiler\node-contract.test.mjs"/>
	<testcase name="node_contract_test: the field set is exact" time="0.000282" classname="test" file="C:\dev\insight\Epistemic-Foundry\packages\foundry-kernel\src\workflows\compiler\node-contract.test.mjs"/>
	<testcase name="node_contract_test: schema references must resolve to canonical files" time="0.000275" classname="test" file="C:\dev\insight\Epistemic-Foundry\packages\foundry-kernel\src\workflows\compiler\node-contract.test.mjs"/>
	<testcase name="node_contract_test: executor references follow the canonical conventions" time="0.002835" classname="test" file="C:\dev\insight\Epistemic-Foundry\packages\foundry-kernel\src\workflows\compiler\node-contract.test.mjs"/>
	<testcase name="node_contract_test: numeric bounds and loop refs fail closed" time="0.000309" classname="test" file="C:\dev\insight\Epistemic-Foundry\packages\foundry-kernel\src\workflows\compiler\node-contract.test.mjs"/>
	<testcase name="node_contract_test: a tampered canonical schema is rejected at factory time" time="0.000291" classname="test" file="C:\dev\insight\Epistemic-Foundry\packages\foundry-kernel\src\workflows\compiler\node-contract.test.mjs"/>
	<testcase name="node_contract_test: vocabulary derives from the canonical schema" time="0.001214" classname="test" file="C:\dev\insight\Epistemic-Foundry\packages\foundry-kernel\src\workflows\compiler\node-contract.test.mjs"/>
	<testcase name="node_contract_test: the schema file matches the sealed contracts registry" time="0.000544" classname="test" file="C:\dev\insight\Epistemic-Foundry\packages\foundry-kernel\src\workflows\compiler\node-contract.test.mjs"/>
	<testcase name="node_contract_test: unknown executors are blocked with the canonical list" time="0.000705" classname="test" file="C:\dev\insight\Epistemic-Foundry\packages\foundry-kernel\src\workflows\compiler\node-contract.test.mjs"/>
	<testcase name="node_contract_test: non-canonical vocabulary values fail closed" time="0.000256" classname="test" file="C:\dev\insight\Epistemic-Foundry\packages\foundry-kernel\src\workflows\compiler\node-contract.test.mjs"/>
	<testcase name="node_contract_test: the field set is exact" time="0.000222" classname="test" file="C:\dev\insight\Epistemic-Foundry\packages\foundry-kernel\src\workflows\compiler\node-contract.test.mjs"/>
	<testcase name="node_contract_test: schema references must resolve to canonical files" time="0.000393" classname="test" file="C:\dev\insight\Epistemic-Foundry\packages\foundry-kernel\src\workflows\compiler\node-contract.test.mjs"/>
	<testcase name="node_contract_test: executor references follow the canonical conventions" time="0.002870" classname="test" file="C:\dev\insight\Epistemic-Foundry\packages\foundry-kernel\src\workflows\compiler\node-contract.test.mjs"/>
	<testcase name="node_contract_test: numeric bounds and loop refs fail closed" time="0.000260" classname="test" file="C:\dev\insight\Epistemic-Foundry\packages\foundry-kernel\src\workflows\compiler\node-contract.test.mjs"/>
	<testcase name="node_contract_test: a tampered canonical schema is rejected at factory time" time="0.000845" classname="test" file="C:\dev\insight\Epistemic-Foundry\packages\foundry-kernel\src\workflows\compiler\node-contract.test.mjs"/>
	<testcase name="workflow_compile_test: a valid document compiles deterministically" time="0.001645" classname="test" file="C:\dev\insight\Epistemic-Foundry\packages\foundry-kernel\src\workflows\compiler\workflow-compile.test.mjs"/>
	<testcase name="workflow_compile_test: compilation does not mutate the input document" time="0.000823" classname="test" file="C:\dev\insight\Epistemic-Foundry\packages\foundry-kernel\src\workflows\compiler\workflow-compile.test.mjs"/>
	<testcase name="workflow_compile_test: ordered write-scope sharing yields an ordered resource edge" time="0.000462" classname="test" file="C:\dev\insight\Epistemic-Foundry\packages\foundry-kernel\src\workflows\compiler\workflow-compile.test.mjs"/>
	<testcase name="workflow_compile_test: unordered write-scope sharing needs a declared resource" time="0.000580" classname="test" file="C:\dev\insight\Epistemic-Foundry\packages\foundry-kernel\src\workflows\compiler\workflow-compile.test.mjs"/>
	<testcase name="workflow_compile_test: DAG violations are blocked by the sealed scheduler" time="0.001324" classname="test" file="C:\dev\insight\Epistemic-Foundry\packages\foundry-kernel\src\workflows\compiler\workflow-compile.test.mjs"/>
	<testcase name="workflow_compile_test: document contract violations fail closed" time="0.000289" classname="test" file="C:\dev\insight\Epistemic-Foundry\packages\foundry-kernel\src\workflows\compiler\workflow-compile.test.mjs"/>
	<testcase name="workflow_compile_test: capacity overrides are bounded and validated" time="0.000721" classname="test" file="C:\dev\insight\Epistemic-Foundry\packages\foundry-kernel\src\workflows\compiler\workflow-compile.test.mjs"/>
	<testcase name="workflow_compile_test: the canonical memory_recall projection compiles" time="0.003475" classname="test" file="C:\dev\insight\Epistemic-Foundry\packages\foundry-kernel\src\workflows\compiler\workflow-compile.test.mjs"/>
	<testcase name="checkpoint_resume_test: sealing proves replay rather than asserting it" time="0.009339" classname="test" file="C:\dev\insight\Epistemic-Foundry\packages\foundry-kernel\src\workflows\runtime\checkpoint-resume.test.mjs"/>
	<testcase name="checkpoint_resume_test: sealing is deterministic and hash-bound" time="0.005653" classname="test" file="C:\dev\insight\Epistemic-Foundry\packages\foundry-kernel\src\workflows\runtime\checkpoint-resume.test.mjs"/>
	<testcase name="checkpoint_resume_test: run and plan identity are enforced when sealing" time="0.002528" classname="test" file="C:\dev\insight\Epistemic-Foundry\packages\foundry-kernel\src\workflows\runtime\checkpoint-resume.test.mjs"/>
	<testcase name="checkpoint_resume_test: resume rebuilds the exact sealed state" time="0.008287" classname="test" file="C:\dev\insight\Epistemic-Foundry\packages\foundry-kernel\src\workflows\runtime\checkpoint-resume.test.mjs"/>
	<testcase name="checkpoint_resume_test: the resumed scheduler continues the run" time="0.007192" classname="test" file="C:\dev\insight\Epistemic-Foundry\packages\foundry-kernel\src\workflows\runtime\checkpoint-resume.test.mjs"/>
	<testcase name="checkpoint_resume_test: resume requires an approved independent review" time="0.002949" classname="test" file="C:\dev\insight\Epistemic-Foundry\packages\foundry-kernel\src\workflows\runtime\checkpoint-resume.test.mjs"/>
	<testcase name="checkpoint_resume_test: a divergent or truncated command log cannot resume" time="0.004126" classname="test" file="C:\dev\insight\Epistemic-Foundry\packages\foundry-kernel\src\workflows\runtime\checkpoint-resume.test.mjs"/>
	<testcase name="checkpoint_resume_test: an unverified checkpoint cannot resume" time="0.003825" classname="test" file="C:\dev\insight\Epistemic-Foundry\packages\foundry-kernel\src\workflows\runtime\checkpoint-resume.test.mjs"/>
	<testcase name="checkpoint_resume_test: pause preserves in-flight work without admitting more" time="0.003796" classname="test" file="C:\dev\insight\Epistemic-Foundry\packages\foundry-kernel\src\workflows\runtime\checkpoint-resume.test.mjs"/>
	<testcase name="cancellation_test: a run with no pending effect cancels cleanly" time="0.002973" classname="test" file="C:\dev\insight\Epistemic-Foundry\packages\foundry-kernel\src\workflows\runtime\cancellation.test.mjs"/>
	<testcase name="cancellation_test: an in-flight effect without a receipt is not a clean stop" time="0.002363" classname="test" file="C:\dev\insight\Epistemic-Foundry\packages\foundry-kernel\src\workflows\runtime\cancellation.test.mjs"/>
	<testcase name="cancellation_test: terminal receipts reconcile the pending effects" time="0.002233" classname="test" file="C:\dev\insight\Epistemic-Foundry\packages\foundry-kernel\src\workflows\runtime\cancellation.test.mjs"/>
	<testcase name="cancellation_test: an UNKNOWN receipt stays unresolved" time="0.001902" classname="test" file="C:\dev\insight\Epistemic-Foundry\packages\foundry-kernel\src\workflows\runtime\cancellation.test.mjs"/>
	<testcase name="cancellation_test: partial reconciliation stays partial" time="0.008483" classname="test" file="C:\dev\insight\Epistemic-Foundry\packages\foundry-kernel\src\workflows\runtime\cancellation.test.mjs"/>
	<testcase name="cancellation_test: foreign, duplicate, and malformed receipts fail closed" time="0.003978" classname="test" file="C:\dev\insight\Epistemic-Foundry\packages\foundry-kernel\src\workflows\runtime\cancellation.test.mjs"/>
	<testcase name="cancellation_test: cancellation seals a replay-verified checkpoint" time="0.004237" classname="test" file="C:\dev\insight\Epistemic-Foundry\packages\foundry-kernel\src\workflows\runtime\cancellation.test.mjs"/>
	<testcase name="cancellation_test: cancellation does not mutate the scheduler" time="0.002742" classname="test" file="C:\dev\insight\Epistemic-Foundry\packages\foundry-kernel\src\workflows\runtime\cancellation.test.mjs"/>
	<testcase name="cancellation_test: cancellation is deterministic" time="0.003238" classname="test" file="C:\dev\insight\Epistemic-Foundry\packages\foundry-kernel\src\workflows\runtime\cancellation.test.mjs"/>
	<testcase name="checkpoint_resume_test: sealing proves replay rather than asserting it" time="0.009864" classname="test" file="C:\dev\insight\Epistemic-Foundry\packages\foundry-kernel\src\workflows\runtime\checkpoint-resume.test.mjs"/>
	<testcase name="checkpoint_resume_test: sealing is deterministic and hash-bound" time="0.005973" classname="test" file="C:\dev\insight\Epistemic-Foundry\packages\foundry-kernel\src\workflows\runtime\checkpoint-resume.test.mjs"/>
	<testcase name="checkpoint_resume_test: run and plan identity are enforced when sealing" time="0.002023" classname="test" file="C:\dev\insight\Epistemic-Foundry\packages\foundry-kernel\src\workflows\runtime\checkpoint-resume.test.mjs"/>
	<testcase name="checkpoint_resume_test: resume rebuilds the exact sealed state" time="0.005644" classname="test" file="C:\dev\insight\Epistemic-Foundry\packages\foundry-kernel\src\workflows\runtime\checkpoint-resume.test.mjs"/>
	<testcase name="checkpoint_resume_test: the resumed scheduler continues the run" time="0.005745" classname="test" file="C:\dev\insight\Epistemic-Foundry\packages\foundry-kernel\src\workflows\runtime\checkpoint-resume.test.mjs"/>
	<testcase name="checkpoint_resume_test: resume requires an approved independent review" time="0.002769" classname="test" file="C:\dev\insight\Epistemic-Foundry\packages\foundry-kernel\src\workflows\runtime\checkpoint-resume.test.mjs"/>
	<testcase name="checkpoint_resume_test: a divergent or truncated command log cannot resume" time="0.003067" classname="test" file="C:\dev\insight\Epistemic-Foundry\packages\foundry-kernel\src\workflows\runtime\checkpoint-resume.test.mjs"/>
	<testcase name="checkpoint_resume_test: an unverified checkpoint cannot resume" time="0.002302" classname="test" file="C:\dev\insight\Epistemic-Foundry\packages\foundry-kernel\src\workflows\runtime\checkpoint-resume.test.mjs"/>
	<testcase name="checkpoint_resume_test: pause preserves in-flight work without admitting more" time="0.003475" classname="test" file="C:\dev\insight\Epistemic-Foundry\packages\foundry-kernel\src\workflows\runtime\checkpoint-resume.test.mjs"/>
	<testcase name="dispatcher_boundary_test: dispatcher is a fixed process adapter without domain logic" time="0.001433" classname="test" file="C:\dev\insight\Epistemic-Foundry\packages\plugin-host\src\cli-dispatch\dispatcher-boundary.test.mjs"/>
	<testcase name="dispatcher_boundary_test: no alternate executable, target, or shell fallback exists" time="0.001134" classname="test" file="C:\dev\insight\Epistemic-Foundry\packages\plugin-host\src\cli-dispatch\dispatcher-boundary.test.mjs"/>
	<testcase name="payload_cli_smoke: absolute plugin entry works without an efoundry PATH alias" time="0.157744" classname="test" file="C:\dev\insight\Epistemic-Foundry\packages\plugin-host\src\cli-dispatch\payload-cli-smoke.test.mjs"/>
	<testcase name="payload_cli_smoke: a missing payload target fails instead of using a repo or PATH fallback" time="0.268228" classname="test" file="C:\dev\insight\Epistemic-Foundry\packages\plugin-host\src\cli-dispatch\payload-cli-smoke.test.mjs"/>
	<testcase name="cli_contract_test: every composed tool projects exactly one command" time="0.001335" classname="test" file="C:\dev\insight\Epistemic-Foundry\packages\plugin-host\src\cli\cli-contract.test.mjs"/>
	<testcase name="cli_contract_test: the command name is the tool name without its namespace" time="0.000429" classname="test" file="C:\dev\insight\Epistemic-Foundry\packages\plugin-host\src\cli\cli-contract.test.mjs"/>
	<testcase name="cli_contract_test: mutating commands are marked as such" time="0.000094" classname="test" file="C:\dev\insight\Epistemic-Foundry\packages\plugin-host\src\cli\cli-contract.test.mjs"/>
	<testcase name="cli_contract_test: an unknown command is refused, not guessed" time="0.000286" classname="test" file="C:\dev\insight\Epistemic-Foundry\packages\plugin-host\src\cli\cli-contract.test.mjs"/>
	<testcase name="cli_contract_test: a result envelope round-trips byte-identically" time="0.000287" classname="test" file="C:\dev\insight\Epistemic-Foundry\packages\plugin-host\src\cli\cli-contract.test.mjs"/>
	<testcase name="cli_contract_test: rendering sorts keys so the bytes are stable" time="0.000108" classname="test" file="C:\dev\insight\Epistemic-Foundry\packages\plugin-host\src\cli\cli-contract.test.mjs"/>
	<testcase name="cli_contract_test: an error envelope round-trips byte-identically" time="0.000258" classname="test" file="C:\dev\insight\Epistemic-Foundry\packages\plugin-host\src\cli\cli-contract.test.mjs"/>
	<testcase name="cli_contract_test: a null field survives rather than being dropped" time="0.000129" classname="test" file="C:\dev\insight\Epistemic-Foundry\packages\plugin-host\src\cli\cli-contract.test.mjs"/>
	<testcase name="cli_contract_test: an undefined field is refused rather than silently dropped" time="0.000139" classname="test" file="C:\dev\insight\Epistemic-Foundry\packages\plugin-host\src\cli\cli-contract.test.mjs"/>
	<testcase name="cli_contract_test: non-finite numbers and cycles cannot be emitted" time="0.000179" classname="test" file="C:\dev\insight\Epistemic-Foundry\packages\plugin-host\src\cli\cli-contract.test.mjs"/>
	<testcase name="cli_contract_test: malformed output is refused rather than repaired" time="0.000188" classname="test" file="C:\dev\insight\Epistemic-Foundry\packages\plugin-host\src\cli\cli-contract.test.mjs"/>
	<testcase name="cli_contract_test: emitJson proves the round trip before writing bytes" time="0.000132" classname="test" file="C:\dev\insight\Epistemic-Foundry\packages\plugin-host\src\cli\cli-contract.test.mjs"/>
	<testcase name="cli_contract_test: the exit-code table covers the sealed vocabulary exactly" time="0.000175" classname="test" file="C:\dev\insight\Epistemic-Foundry\packages\plugin-host\src\cli\cli-contract.test.mjs"/>
	<testcase name="cli_contract_test: every exit code is distinct and outside the reserved range" time="0.000181" classname="test" file="C:\dev\insight\Epistemic-Foundry\packages\plugin-host\src\cli\cli-contract.test.mjs"/>
	<testcase name="cli_contract_test: exit codes are reversible for diagnosis" time="0.000250" classname="test" file="C:\dev\insight\Epistemic-Foundry\packages\plugin-host\src\cli\cli-contract.test.mjs"/>
	<testcase name="cli_contract_test: an unmapped error code is refused, not folded into INTERNAL" time="0.000175" classname="test" file="C:\dev\insight\Epistemic-Foundry\packages\plugin-host\src\cli\cli-contract.test.mjs"/>
	<testcase name="cli_contract_test: a successful command emits the envelope verbatim and exits zero" time="0.000421" classname="test" file="C:\dev\insight\Epistemic-Foundry\packages\plugin-host\src\cli\cli-contract.test.mjs"/>
	<testcase name="cli_contract_test: a refusal maps to its stable exit code" time="0.000305" classname="test" file="C:\dev\insight\Epistemic-Foundry\packages\plugin-host\src\cli\cli-contract.test.mjs"/>
	<testcase name="cli_contract_test: the CLI adds nothing to the envelope it was given" time="0.000142" classname="test" file="C:\dev\insight\Epistemic-Foundry\packages\plugin-host\src\cli\cli-contract.test.mjs"/>
	<testcase name="cli_contract_test: --input is forwarded as parsed arguments" time="0.000097" classname="test" file="C:\dev\insight\Epistemic-Foundry\packages\plugin-host\src\cli\cli-contract.test.mjs"/>
	<testcase name="cli_contract_test: malformed --input is refused before the handler runs" time="0.000183" classname="test" file="C:\dev\insight\Epistemic-Foundry\packages\plugin-host\src\cli\cli-contract.test.mjs"/>
	<testcase name="cli_contract_test: without --json the machine surface is withheld, not approximated" time="0.000089" classname="test" file="C:\dev\insight\Epistemic-Foundry\packages\plugin-host\src\cli\cli-contract.test.mjs"/>
	<testcase name="pathless_cli_test: the only executable is the running Node binary" time="0.000681" classname="test" file="C:\dev\insight\Epistemic-Foundry\packages\plugin-host\src\cli\pathless-cli.test.mjs"/>
	<testcase name="pathless_cli_test: PATH is not on the inheritable allowlist" time="0.000134" classname="test" file="C:\dev\insight\Epistemic-Foundry\packages\plugin-host\src\cli\pathless-cli.test.mjs"/>
	<testcase name="pathless_cli_test: the child environment carries only allowlisted keys" time="0.000704" classname="test" file="C:\dev\insight\Epistemic-Foundry\packages\plugin-host\src\cli\pathless-cli.test.mjs"/>
	<testcase name="pathless_cli_test: an unset allowlisted key is simply absent" time="0.000140" classname="test" file="C:\dev\insight\Epistemic-Foundry\packages\plugin-host\src\cli\pathless-cli.test.mjs"/>
	<testcase name="pathless_cli_test: an override cannot smuggle PATH back in" time="0.000376" classname="test" file="C:\dev\insight\Epistemic-Foundry\packages\plugin-host\src\cli\pathless-cli.test.mjs"/>
	<testcase name="pathless_cli_test: an override must be a string" time="0.000103" classname="test" file="C:\dev\insight\Epistemic-Foundry\packages\plugin-host\src\cli\pathless-cli.test.mjs"/>
	<testcase name="pathless_cli_test: a spawn plan names an absolute script and disables the shell" time="0.000221" classname="test" file="C:\dev\insight\Epistemic-Foundry\packages\plugin-host\src\cli\pathless-cli.test.mjs"/>
	<testcase name="pathless_cli_test: a relative script path is refused" time="0.000154" classname="test" file="C:\dev\insight\Epistemic-Foundry\packages\plugin-host\src\cli\pathless-cli.test.mjs"/>
	<testcase name="pathless_cli_test: a relative working directory is refused" time="0.000161" classname="test" file="C:\dev\insight\Epistemic-Foundry\packages\plugin-host\src\cli\pathless-cli.test.mjs"/>
	<testcase name="pathless_cli_test: non-string arguments are refused" time="0.000174" classname="test" file="C:\dev\insight\Epistemic-Foundry\packages\plugin-host\src\cli\pathless-cli.test.mjs"/>
	<testcase name="pathless_cli_test: the plan is frozen so a caller cannot re-enable the shell" time="0.000781" classname="test" file="C:\dev\insight\Epistemic-Foundry\packages\plugin-host\src\cli\pathless-cli.test.mjs"/>
	<testcase name="pathless_cli_test: the source scanner names every lookup it finds" time="0.000327" classname="test" file="C:\dev\insight\Epistemic-Foundry\packages\plugin-host\src\cli\pathless-cli.test.mjs"/>
	<testcase name="pathless_cli_test: several violations are reported together" time="0.000076" classname="test" file="C:\dev\insight\Epistemic-Foundry\packages\plugin-host\src\cli\pathless-cli.test.mjs"/>
	<testcase name="pathless_cli_test: assertPathless refuses a source that would look up an executable" time="0.000111" classname="test" file="C:\dev\insight\Epistemic-Foundry\packages\plugin-host\src\cli\pathless-cli.test.mjs"/>
	<testcase name="pathless_cli_test: every CLI source is itself PATH-less" time="0.000929" classname="test" file="C:\dev\insight\Epistemic-Foundry\packages\plugin-host\src\cli\pathless-cli.test.mjs"/>
	<testcase name="pathless_cli_test: the shipped dispatcher is PATH-less too" time="0.000422" classname="test" file="C:\dev\insight\Epistemic-Foundry\packages\plugin-host\src\cli\pathless-cli.test.mjs"/>
	<testcase name="hook_schema_fixture_test: canonical schema vocabulary and deterministic fixture agree" time="0.003773" classname="test" file="C:\dev\insight\Epistemic-Foundry\packages\plugin-host\src\hooks\gateway\hook-schema-fixture.test.mjs"/>
	<testcase name="hook_schema_fixture_test: object insertion order cannot change hashes" time="0.000662" classname="test" file="C:\dev\insight\Epistemic-Foundry\packages\plugin-host\src\hooks\gateway\hook-schema-fixture.test.mjs"/>
	<testcase name="hook_schema_fixture_test: the decision callback receives only an immutable canonical view" time="0.000547" classname="test" file="C:\dev\insight\Epistemic-Foundry\packages\plugin-host\src\hooks\gateway\hook-schema-fixture.test.mjs"/>
	<testcase name="hook_schema_fixture_test: invalid callback output becomes an explicit schema-valid error" time="0.000466" classname="test" file="C:\dev\insight\Epistemic-Foundry\packages\plugin-host\src\hooks\gateway\hook-schema-fixture.test.mjs"/>
	<testcase name="hook_schema_fixture_test: hostile or non-JSON payloads fail closed before decision" time="0.000597" classname="test" file="C:\dev\insight\Epistemic-Foundry\packages\plugin-host\src\hooks\gateway\hook-schema-fixture.test.mjs"/>
	<testcase name="hook_schema_fixture_test: envelope integrity rejects tampering" time="0.000935" classname="test" file="C:\dev\insight\Epistemic-Foundry\packages\plugin-host\src\hooks\gateway\hook-schema-fixture.test.mjs"/>
	<testcase name="hook_timeout_test: a non-settling decision returns a bounded fail-closed envelope" time="0.025960" classname="test" file="C:\dev\insight\Epistemic-Foundry\packages\plugin-host\src\hooks\gateway\hook-timeout.test.mjs"/>
	<testcase name="hook_timeout_test: late completion cannot mutate the sealed timeout result" time="0.059830" classname="test" file="C:\dev\insight\Epistemic-Foundry\packages\plugin-host\src\hooks\gateway\hook-timeout.test.mjs"/>
	<testcase name="hook_timeout_test: callback rejection is explicit and does not leak its message" time="0.000778" classname="test" file="C:\dev\insight\Epistemic-Foundry\packages\plugin-host\src\hooks\gateway\hook-timeout.test.mjs"/>
	<testcase name="hook_timeout_test: a fast canonical decision wins without timeout rewriting" time="0.000354" classname="test" file="C:\dev\insight\Epistemic-Foundry\packages\plugin-host\src\hooks\gateway\hook-timeout.test.mjs"/>
	<testcase name="hook_timeout_test: timeout bounds are validated before callback invocation" time="0.000921" classname="test" file="C:\dev\insight\Epistemic-Foundry\packages\plugin-host\src\hooks\gateway\hook-timeout.test.mjs"/>
	<testcase name="path_resolution_test: explicit roots preserve spaces and non-ASCII names" time="0.006983" classname="test" file="C:\dev\insight\Epistemic-Foundry\packages\plugin-host\src\paths\path-resolution.test.mjs"/>
	<testcase name="path_resolution_test: a fresh explicit workspace has one deterministic state location" time="0.006041" classname="test" file="C:\dev\insight\Epistemic-Foundry\packages\plugin-host\src\paths\path-resolution.test.mjs"/>
	<testcase name="path_resolution_test: root traversal and linked workspace state fail closed" time="0.005250" classname="test" file="C:\dev\insight\Epistemic-Foundry\packages\plugin-host\src\paths\path-resolution.test.mjs"/>
	<testcase name="path_resolution_test: missing or relative roots never fall back to cwd or environment" time="0.004009" classname="test" file="C:\dev\insight\Epistemic-Foundry\packages\plugin-host\src\paths\path-resolution.test.mjs"/>
	<testcase name="path_resolution_test: installed code and writable data cannot overlap" time="0.004731" classname="test" file="C:\dev\insight\Epistemic-Foundry\packages\plugin-host\src\paths\path-resolution.test.mjs"/>
	<testcase name="path_resolution_test: workspace state cannot be placed under installed code" time="0.004324" classname="test" file="C:\dev\insight\Epistemic-Foundry\packages\plugin-host\src\paths\path-resolution.test.mjs"/>
	<testcase name="path_resolution_test: plugin data and workspace boundaries cannot overlap" time="0.004613" classname="test" file="C:\dev\insight\Epistemic-Foundry\packages\plugin-host\src\paths\path-resolution.test.mjs"/>
	<testcase name="path_resolution_test: strict inputs reject unknown fields, accessors, and Proxies" time="0.003505" classname="test" file="C:\dev\insight\Epistemic-Foundry\packages\plugin-host\src\paths\path-resolution.test.mjs"/>
	<testcase name="path_traversal_test: valid portable children remain inside their selected boundary" time="0.010090" classname="test" file="C:\dev\insight\Epistemic-Foundry\packages\plugin-host\src\paths\path-traversal.test.mjs"/>
	<testcase name="path_traversal_test: traversal, absolute, mixed-separator, NUL, and alias paths fail closed" time="0.010575" classname="test" file="C:\dev\insight\Epistemic-Foundry\packages\plugin-host\src\paths\path-traversal.test.mjs"/>
	<testcase name="path_traversal_test: links, junctions, and linked roots are denied" time="0.009337" classname="test" file="C:\dev\insight\Epistemic-Foundry\packages\plugin-host\src\paths\path-traversal.test.mjs"/>
	<testcase name="path_traversal_test: missing parents and mismatched target modes are rejected" time="0.007231" classname="test" file="C:\dev\insight\Epistemic-Foundry\packages\plugin-host\src\paths\path-traversal.test.mjs"/>
	<testcase name="path_traversal_test: copied resolutions and replaced roots cannot retain authority" time="0.008241" classname="test" file="C:\dev\insight\Epistemic-Foundry\packages\plugin-host\src\paths\path-traversal.test.mjs"/>
	<testcase name="skill_metadata_lint: parent frontmatter has bounded implicit invocation metadata" time="0.001661" classname="test" file="C:\dev\insight\Epistemic-Foundry\packages\plugin-host\src\skill-router\skill-metadata-lint.test.mjs"/>
	<testcase name="skill_metadata_lint: parent instructions preserve routing-only authority boundary" time="0.000329" classname="test" file="C:\dev\insight\Epistemic-Foundry\packages\plugin-host\src\skill-router\skill-metadata-lint.test.mjs"/>
	<testcase name="skill_metadata_lint: always-visible agent metadata has exact trigger and exclusion boundaries" time="0.000540" classname="test" file="C:\dev\insight\Epistemic-Foundry\packages\plugin-host\src\skill-router\skill-metadata-lint.test.mjs"/>
	<testcase name="skill_metadata_lint: initial metadata does not embed full instructions or references" time="0.000271" classname="test" file="C:\dev\insight\Epistemic-Foundry\packages\plugin-host\src\skill-router\skill-metadata-lint.test.mjs"/>
	<testcase name="skill_routing_eval: bounded parent metadata permits one implicit route" time="0.003008" classname="test" file="C:\dev\insight\Epistemic-Foundry\packages\plugin-host\src\skill-router\skill-router.test.mjs"/>
	<testcase name="skill_routing_eval: emitted decision validates against the canonical schema" time="0.241126" classname="test" file="C:\dev\insight\Epistemic-Foundry\packages\plugin-host\src\skill-router\skill-router.test.mjs"/>
	<testcase name="skill_routing_eval: ordinary editing and casual questions select no skill" time="0.000995" classname="test" file="C:\dev\insight\Epistemic-Foundry\packages\plugin-host\src\skill-router\skill-router.test.mjs"/>
	<testcase name="skill_routing_eval: exact explicit selection may route a sensitive bundled skill" time="0.000555" classname="test" file="C:\dev\insight\Epistemic-Foundry\packages\plugin-host\src\skill-router\skill-router.test.mjs"/>
	<testcase name="skill_routing_eval: unknown explicit skill fails closed" time="0.000470" classname="test" file="C:\dev\insight\Epistemic-Foundry\packages\plugin-host\src\skill-router\skill-router.test.mjs"/>
	<testcase name="skill_routing_eval: sensitive, side-effecting, and unspecified policies deny implicit invocation" time="0.000748" classname="test" file="C:\dev\insight\Epistemic-Foundry\packages\plugin-host\src\skill-router\skill-router.test.mjs"/>
	<testcase name="skill_routing_eval: tied implicit candidates abstain instead of auto-selecting" time="0.000510" classname="test" file="C:\dev\insight\Epistemic-Foundry\packages\plugin-host\src\skill-router\skill-router.test.mjs"/>
	<testcase name="skill_routing_eval: full instructions and references cannot enter metadata input" time="0.000259" classname="test" file="C:\dev\insight\Epistemic-Foundry\packages\plugin-host\src\skill-router\skill-router.test.mjs"/>
	<testcase name="skill_routing_eval: remote skills are never implicitly selected" time="0.000339" classname="test" file="C:\dev\insight\Epistemic-Foundry\packages\plugin-host\src\skill-router\skill-router.test.mjs"/>
	<testcase name="skill_routing_eval: explicit remote route requires exact S03-branded authorization" time="0.000656" classname="test" file="C:\dev\insight\Epistemic-Foundry\packages\plugin-host\src\skill-router\skill-router.test.mjs"/>
	<testcase name="skill_routing_eval: candidate and phrase order do not change decision hash or ID" time="0.000935" classname="test" file="C:\dev\insight\Epistemic-Foundry\packages\plugin-host\src\skill-router\skill-router.test.mjs"/>
	<testcase name="skill_routing_eval: decision hash binds the exact indexed skill content" time="0.000308" classname="test" file="C:\dev\insight\Epistemic-Foundry\packages\plugin-host\src\skill-router\skill-router.test.mjs"/>
	<testcase name="skill_routing_eval: canonical hash helper rejects non-JSON object tricks" time="0.000866" classname="test" file="C:\dev\insight\Epistemic-Foundry\packages\plugin-host\src\skill-router\skill-router.test.mjs"/>
	<testcase name="skill_routing_eval: caller inputs remain mutable while returned decision is deeply frozen" time="0.000287" classname="test" file="C:\dev\insight\Epistemic-Foundry\packages\plugin-host\src\skill-router\skill-router.test.mjs"/>
	<testcase name="skill_routing_eval: proxy, accessor, sparse array, duplicate ID, and invalid hash fail closed" time="0.000254" classname="test" file="C:\dev\insight\Epistemic-Foundry\packages\plugin-host\src\skill-router\skill-router.test.mjs"/>
	<testcase name="adapter_compilation_test: Codex compilation is deterministic, immutable, and content-addressed" time="0.014340" classname="test" file="C:\dev\insight\Epistemic-Foundry\packages\role-router\src\adapters\adapter-compilation.test.mjs"/>
	<testcase name="adapter_compilation_test: Codex and Claude preserve identical canonical role authority" time="0.001846" classname="test" file="C:\dev\insight\Epistemic-Foundry\packages\role-router\src\adapters\adapter-compilation.test.mjs"/>
	<testcase name="adapter_compilation_test: descriptor binds exact runtime, routing receipt, output, and count" time="0.001324" classname="test" file="C:\dev\insight\Epistemic-Foundry\packages\role-router\src\adapters\adapter-compilation.test.mjs"/>
	<testcase name="adapter_compilation_test: subagent unavailability uses only explicit serial fallback" time="0.000910" classname="test" file="C:\dev\insight\Epistemic-Foundry\packages\role-router\src\adapters\adapter-compilation.test.mjs"/>
	<testcase name="adapter_compilation_test: missing subagent and serial capabilities blocks instead of substituting" time="0.000876" classname="test" file="C:\dev\insight\Epistemic-Foundry\packages\role-router\src\adapters\adapter-compilation.test.mjs"/>
	<testcase name="adapter_compilation_test: blocked and safe-mode hosts cannot compile executable work" time="0.001113" classname="test" file="C:\dev\insight\Epistemic-Foundry\packages\role-router\src\adapters\adapter-compilation.test.mjs"/>
	<testcase name="adapter_compilation_test: a read-only host cannot receive a write-capable RoleSpec" time="0.001398" classname="test" file="C:\dev\insight\Epistemic-Foundry\packages\role-router\src\adapters\adapter-compilation.test.mjs"/>
	<testcase name="adapter_compilation_test: policy-approved RoleSpec fallback tier is explicit and recorded" time="0.000793" classname="test" file="C:\dev\insight\Epistemic-Foundry\packages\role-router\src\adapters\adapter-compilation.test.mjs"/>
	<testcase name="adapter_compilation_test: unauthorized or unapproved model fallback fails closed" time="0.001397" classname="test" file="C:\dev\insight\Epistemic-Foundry\packages\role-router\src\adapters\adapter-compilation.test.mjs"/>
	<testcase name="adapter_compilation_test: floating model and runtime references are rejected" time="0.001490" classname="test" file="C:\dev\insight\Epistemic-Foundry\packages\role-router\src\adapters\adapter-compilation.test.mjs"/>
	<testcase name="adapter_compilation_test: capability report hash and host identity are verified" time="0.000958" classname="test" file="C:\dev\insight\Epistemic-Foundry\packages\role-router\src\adapters\adapter-compilation.test.mjs"/>
	<testcase name="adapter_compilation_test: rehashed non-canonical capability reports fail closed" time="0.002458" classname="test" file="C:\dev\insight\Epistemic-Foundry\packages\role-router\src\adapters\adapter-compilation.test.mjs"/>
	<testcase name="adapter_compilation_test: a tampered RoleSpec never reaches host compilation" time="0.000634" classname="test" file="C:\dev\insight\Epistemic-Foundry\packages\role-router\src\adapters\adapter-compilation.test.mjs"/>
	<testcase name="adapter_compilation_test: serialized descriptor mutation is detected" time="0.000790" classname="test" file="C:\dev\insight\Epistemic-Foundry\packages\role-router\src\adapters\adapter-compilation.test.mjs"/>
	<testcase name="adapter_compilation_test: attacker rehash cannot authorize an altered internal binding" time="0.001031" classname="test" file="C:\dev\insight\Epistemic-Foundry\packages\role-router\src\adapters\adapter-compilation.test.mjs"/>
	<testcase name="adapter_compilation_test: Codex Desktop is explicit and still preserves RoleSpec authority" time="0.000935" classname="test" file="C:\dev\insight\Epistemic-Foundry\packages\role-router\src\adapters\adapter-compilation.test.mjs"/>
	<testcase name="adapter_compilation_test: unknown host and unknown Codex built-in role both fail closed" time="0.000622" classname="test" file="C:\dev\insight\Epistemic-Foundry\packages\role-router\src\adapters\adapter-compilation.test.mjs"/>
	<testcase name="prompt_injection_boundary_test: host capability evidence is data, not prompt authority" time="0.011188" classname="test" file="C:\dev\insight\Epistemic-Foundry\packages\role-router\src\adapters\prompt-injection-boundary.test.mjs"/>
	<testcase name="prompt_injection_boundary_test: caller-supplied prompt and authority fields are rejected" time="0.001421" classname="test" file="C:\dev\insight\Epistemic-Foundry\packages\role-router\src\adapters\prompt-injection-boundary.test.mjs"/>
	<testcase name="prompt_injection_boundary_test: model routing cannot smuggle role semantics" time="0.002803" classname="test" file="C:\dev\insight\Epistemic-Foundry\packages\role-router\src\adapters\prompt-injection-boundary.test.mjs"/>
	<testcase name="prompt_injection_boundary_test: only the verified RoleSpec can supply mission and ACL text" time="0.001005" classname="test" file="C:\dev\insight\Epistemic-Foundry\packages\role-router\src\adapters\prompt-injection-boundary.test.mjs"/>
	<testcase name="prompt_injection_boundary_test: mutation without a new RoleSpec hash is rejected" time="0.000619" classname="test" file="C:\dev\insight\Epistemic-Foundry\packages\role-router\src\adapters\prompt-injection-boundary.test.mjs"/>
	<testcase name="prompt_injection_boundary_test: copied capability state cannot bypass its report hash" time="0.000667" classname="test" file="C:\dev\insight\Epistemic-Foundry\packages\role-router\src\adapters\prompt-injection-boundary.test.mjs"/>
	<testcase name="prompt_injection_boundary_test: accessor-backed compile fields never execute" time="0.000272" classname="test" file="C:\dev\insight\Epistemic-Foundry\packages\role-router\src\adapters\prompt-injection-boundary.test.mjs"/>
	<testcase name="prompt_injection_boundary_test: Proxy compile requests are rejected without trap execution" time="0.000253" classname="test" file="C:\dev\insight\Epistemic-Foundry\packages\role-router\src\adapters\prompt-injection-boundary.test.mjs"/>
	<testcase name="prompt_injection_boundary_test: host-specific target never changes canonical prompt" time="0.001373" classname="test" file="C:\dev\insight\Epistemic-Foundry\packages\role-router\src\adapters\prompt-injection-boundary.test.mjs"/>
	<testcase name="prompt_injection_boundary_test: descriptor prompt replacement fails integrity validation" time="0.001294" classname="test" file="C:\dev\insight\Epistemic-Foundry\packages\role-router\src\adapters\prompt-injection-boundary.test.mjs"/>
	<testcase name="prompt_injection_boundary_test: prompt replacement plus attacker rehash still fails semantic verification" time="0.001314" classname="test" file="C:\dev\insight\Epistemic-Foundry\packages\role-router\src\adapters\prompt-injection-boundary.test.mjs"/>
	<testcase name="prompt_injection_boundary_test: custom prototypes cannot carry hidden authority" time="0.000397" classname="test" file="C:\dev\insight\Epistemic-Foundry\packages\role-router\src\adapters\prompt-injection-boundary.test.mjs"/>
	<testcase name="acl_test: explicit tool, path, network, and evidence grants allow access" time="0.003694" classname="test" file="C:\dev\insight\Epistemic-Foundry\packages\role-router\src\contracts\acl.test.mjs"/>
	<testcase name="acl_test: every known but undeclared access is denied by default" time="0.000969" classname="test" file="C:\dev\insight\Epistemic-Foundry\packages\role-router\src\contracts\acl.test.mjs"/>
	<testcase name="acl_test: evidence ACLs preserve asymmetric defender and prosecutor views" time="0.001336" classname="test" file="C:\dev\insight\Epistemic-Foundry\packages\role-router\src\contracts\acl.test.mjs"/>
	<testcase name="acl_test: all_permitted is an explicit privileged grant but never a request class" time="0.001112" classname="test" file="C:\dev\insight\Epistemic-Foundry\packages\role-router\src\contracts\acl.test.mjs"/>
	<testcase name="acl_test: tool grants do not imply network, evidence, read, or write authority" time="0.001194" classname="test" file="C:\dev\insight\Epistemic-Foundry\packages\role-router\src\contracts\acl.test.mjs"/>
	<testcase name="acl_test: read and write scopes remain independent" time="0.001142" classname="test" file="C:\dev\insight\Epistemic-Foundry\packages\role-router\src\contracts\acl.test.mjs"/>
	<testcase name="acl_test: dotted and colon-delimited capability aliases fail closed" time="0.000518" classname="test" file="C:\dev\insight\Epistemic-Foundry\packages\role-router\src\contracts\acl.test.mjs"/>
	<testcase name="acl_test: unknown tool, evidence, and ACL vocabularies are never treated as denial aliases" time="0.000393" classname="test" file="C:\dev\insight\Epistemic-Foundry\packages\role-router\src\contracts\acl.test.mjs"/>
	<testcase name="acl_test: network ACLs bind exact canonical HTTPS origins" time="0.000985" classname="test" file="C:\dev\insight\Epistemic-Foundry\packages\role-router\src\contracts\acl.test.mjs"/>
	<testcase name="acl_test: access requests reject traversal and accessor or proxy wrappers without execution" time="0.001344" classname="test" file="C:\dev\insight\Epistemic-Foundry\packages\role-router\src\contracts\acl.test.mjs"/>
	<testcase name="acl_test: a tampered RoleSpec cannot authorize any access" time="0.000472" classname="test" file="C:\dev\insight\Epistemic-Foundry\packages\role-router\src\contracts\acl.test.mjs"/>
	<testcase name="role_schema_test: creates a deterministic content-addressed immutable RoleSpec" time="0.003554" classname="test" file="C:\dev\insight\Epistemic-Foundry\packages\role-router\src\contracts\role-schema.test.mjs"/>
	<testcase name="role_schema_test: set-semantic fields canonicalize while fallback precedence is preserved" time="0.000897" classname="test" file="C:\dev\insight\Epistemic-Foundry\packages\role-router\src\contracts\role-schema.test.mjs"/>
	<testcase name="role_schema_test: persisted integrity requires canonical ordering, hash, and derived ID" time="0.001441" classname="test" file="C:\dev\insight\Epistemic-Foundry\packages\role-router\src\contracts\role-schema.test.mjs"/>
	<testcase name="role_schema_test: mission, forbidden behavior, schemas, budget, and expected count are mandatory" time="0.000641" classname="test" file="C:\dev\insight\Epistemic-Foundry\packages\role-router\src\contracts\role-schema.test.mjs"/>
	<testcase name="role_schema_test: closed vocabularies and relationship constraints fail closed" time="0.000281" classname="test" file="C:\dev\insight\Epistemic-Foundry\packages\role-router\src\contracts\role-schema.test.mjs"/>
	<testcase name="role_schema_test: scopes reject traversal, absolute paths, separators, and malformed broadening" time="0.000750" classname="test" file="C:\dev\insight\Epistemic-Foundry\packages\role-router\src\contracts\role-schema.test.mjs"/>
	<testcase name="role_schema_test: duplicates are rejected rather than silently deduplicated" time="0.000309" classname="test" file="C:\dev\insight\Epistemic-Foundry\packages\role-router\src\contracts\role-schema.test.mjs"/>
	<testcase name="role_schema_test: hostile wrappers, accessors, sparse arrays, and custom prototypes are inert" time="0.000250" classname="test" file="C:\dev\insight\Epistemic-Foundry\packages\role-router\src\contracts\role-schema.test.mjs"/>
	<testcase name="role_schema_test: RoleDispatchPlan projection is exact, immutable, and provider-neutral" time="0.000438" classname="test" file="C:\dev\insight\Epistemic-Foundry\packages\role-router\src\contracts\role-schema.test.mjs"/>
	<testcase name="role_schema_test: canonical JSON rejects cycles and non-canonical numeric values" time="0.000181" classname="test" file="C:\dev\insight\Epistemic-Foundry\packages\role-router\src\contracts\role-schema.test.mjs"/>
	<testcase name="remote bytes remain quarantined and non-executable before approval" time="0.003874" classname="test" file="C:\dev\insight\Epistemic-Foundry\packages\skill-vault\src\malicious-skill-fixture.test.mjs"/>
	<testcase name="install hooks, dynamic evaluation, and self-approval claims block approval" time="0.001135" classname="test" file="C:\dev\insight\Epistemic-Foundry\packages\skill-vault\src\malicious-skill-fixture.test.mjs"/>
	<testcase name="path traversal, absolute paths, and portable name collisions fail closed" time="0.000352" classname="test" file="C:\dev\insight\Epistemic-Foundry\packages\skill-vault\src\malicious-skill-fixture.test.mjs"/>
	<testcase name="symlinks are inventoried without following them and remain critical" time="0.000324" classname="test" file="C:\dev\insight\Epistemic-Foundry\packages\skill-vault\src\malicious-skill-fixture.test.mjs"/>
	<testcase name="a failed signature is independently critical and cannot be approved" time="0.000256" classname="test" file="C:\dev\insight\Epistemic-Foundry\packages\skill-vault\src\malicious-skill-fixture.test.mjs"/>
	<testcase name="script-shaped files are inventoried and require process permission even without an executable bit" time="0.000571" classname="test" file="C:\dev\insight\Epistemic-Foundry\packages\skill-vault\src\malicious-skill-fixture.test.mjs"/>
	<testcase name="remote signature metadata is only a claim; review must attest a status explicitly" time="0.000235" classname="test" file="C:\dev\insight\Epistemic-Foundry\packages\skill-vault\src\malicious-skill-fixture.test.mjs"/>
	<testcase name="copied and foreign candidates or scans cannot gain local approval" time="0.000236" classname="test" file="C:\dev\insight\Epistemic-Foundry\packages\skill-vault\src\malicious-skill-fixture.test.mjs"/>
	<testcase name="a review must bind the exact source, revision, content hash, and inferred permissions" time="0.000297" classname="test" file="C:\dev\insight\Epistemic-Foundry\packages\skill-vault\src\malicious-skill-fixture.test.mjs"/>
	<testcase name="name collisions remain visible and cannot receive passing conformance" time="0.002144" classname="test" file="C:\dev\insight\Epistemic-Foundry\packages\skill-vault\src\malicious-skill-fixture.test.mjs"/>
	<testcase name="Proxy and accessor-bearing hostile records are rejected without invoking getters" time="0.000195" classname="test" file="C:\dev\insight\Epistemic-Foundry\packages\skill-vault\src\malicious-skill-fixture.test.mjs"/>
	<testcase name="SkillLockfile pins exact source, revision, hash, license, permissions, and approvers" time="0.005600" classname="test" file="C:\dev\insight\Epistemic-Foundry\packages\skill-vault\src\skill-lockfile.test.mjs"/>
	<testcase name="lock hashing is deterministic across review, permission, and approver input order" time="0.001354" classname="test" file="C:\dev\insight\Epistemic-Foundry\packages\skill-vault\src\skill-lockfile.test.mjs"/>
	<testcase name="serialized lockfiles can be integrity-checked but do not acquire runtime authority" time="0.000768" classname="test" file="C:\dev\insight\Epistemic-Foundry\packages\skill-vault\src\skill-lockfile.test.mjs"/>
	<testcase name="rejected decisions remain locked as rejected and cannot be installed" time="0.000387" classname="test" file="C:\dev\insight\Epistemic-Foundry\packages\skill-vault\src\skill-lockfile.test.mjs"/>
	<testcase name="disabled installation requires the exact approved content hash" time="0.000367" classname="test" file="C:\dev\insight\Epistemic-Foundry\packages\skill-vault\src\skill-lockfile.test.mjs"/>
	<testcase name="passing conformance cannot report permissions outside the lockfile" time="0.000402" classname="test" file="C:\dev\insight\Epistemic-Foundry\packages\skill-vault\src\skill-lockfile.test.mjs"/>
	<testcase name="activation cannot request a locked permission absent from conformance observations" time="0.000458" classname="test" file="C:\dev\insight\Epistemic-Foundry\packages\skill-vault\src\skill-lockfile.test.mjs"/>
	<testcase name="activation requires exact policy, passing conformance, and a non-expanding scope" time="0.000412" classname="test" file="C:\dev\insight\Epistemic-Foundry\packages\skill-vault\src\skill-lockfile.test.mjs"/>
	<testcase name="activation artifacts cannot be mixed across independent vault boundaries" time="0.000374" classname="test" file="C:\dev\insight\Epistemic-Foundry\packages\skill-vault\src\skill-lockfile.test.mjs"/>
	<testcase name="non-canonical or accessor-bearing lock snapshots fail closed" time="0.000430" classname="test" file="C:\dev\insight\Epistemic-Foundry\packages\skill-vault\src\skill-lockfile.test.mjs"/>
	<testcase name="edge_resolution_test: code and contract references resolve through typed identity namespaces" time="0.010602" classname="test" file="C:\dev\insight\Epistemic-Foundry\packages\workspace-map\src\inventory\edge-resolution.test.mjs"/>
	<testcase name="edge_resolution_test: research, provenance, skill, and hook direction is retained" time="0.005248" classname="test" file="C:\dev\insight\Epistemic-Foundry\packages\workspace-map\src\inventory\edge-resolution.test.mjs"/>
	<testcase name="edge_resolution_test: missing research locators remain explicit unresolved edges" time="0.003447" classname="test" file="C:\dev\insight\Epistemic-Foundry\packages\workspace-map\src\inventory\edge-resolution.test.mjs"/>
	<testcase name="edge_resolution_test: set permutation preserves edge hashes, IDs, and partition order" time="0.015967" classname="test" file="C:\dev\insight\Epistemic-Foundry\packages\workspace-map\src\inventory\edge-resolution.test.mjs"/>
	<testcase name="edge_resolution_test: extraction is pure, deeply immutable, and bound to inventory identity" time="0.014443" classname="test" file="C:\dev\insight\Epistemic-Foundry\packages\workspace-map\src\inventory\edge-resolution.test.mjs"/>
	<testcase name="edge_resolution_test: edge content, count, hash, ID, and partition tampering is detected" time="0.030134" classname="test" file="C:\dev\insight\Epistemic-Foundry\packages\workspace-map\src\inventory\edge-resolution.test.mjs"/>
	<testcase name="edge_resolution_test: absent sources, owner mismatch, and self edges fail closed" time="0.006862" classname="test" file="C:\dev\insight\Epistemic-Foundry\packages\workspace-map\src\inventory\edge-resolution.test.mjs"/>
	<testcase name="edge_resolution_test: invalid source or target semantics fail closed" time="0.007207" classname="test" file="C:\dev\insight\Epistemic-Foundry\packages\workspace-map\src\inventory\edge-resolution.test.mjs"/>
	<testcase name="edge_resolution_test: dependency edges cannot omit typed target identity or use unknown vocabulary" time="0.006169" classname="test" file="C:\dev\insight\Epistemic-Foundry\packages\workspace-map\src\inventory\edge-resolution.test.mjs"/>
	<testcase name="edge_resolution_test: duplicate references and hostile wrappers fail without accessor execution" time="0.006264" classname="test" file="C:\dev\insight\Epistemic-Foundry\packages\workspace-map\src\inventory\edge-resolution.test.mjs"/>
	<testcase name="edge_resolution_test: edge vocabulary is closed and contains every canonical layer relation" time="0.000140" classname="test" file="C:\dev\insight\Epistemic-Foundry\packages\workspace-map\src\inventory\edge-resolution.test.mjs"/>
	<testcase name="map_inventory_test: code, research, and artifact layers are indexed with explicit source classes" time="0.004082" classname="test" file="C:\dev\insight\Epistemic-Foundry\packages\workspace-map\src\inventory\map-inventory.test.mjs"/>
	<testcase name="map_inventory_test: source, dist, generated, vendor, and test identities remain distinct" time="0.001521" classname="test" file="C:\dev\insight\Epistemic-Foundry\packages\workspace-map\src\inventory\map-inventory.test.mjs"/>
	<testcase name="map_inventory_test: input permutation produces byte-identical deterministic inventory" time="0.005125" classname="test" file="C:\dev\insight\Epistemic-Foundry\packages\workspace-map\src\inventory\map-inventory.test.mjs"/>
	<testcase name="map_inventory_test: the mapper is pure and returns deeply immutable data" time="0.001091" classname="test" file="C:\dev\insight\Epistemic-Foundry\packages\workspace-map\src\inventory\map-inventory.test.mjs"/>
	<testcase name="map_inventory_test: canonical validation detects entity, count, hash, and ID tampering" time="0.006395" classname="test" file="C:\dev\insight\Epistemic-Foundry\packages\workspace-map\src\inventory\map-inventory.test.mjs"/>
	<testcase name="map_inventory_test: duplicate entity IDs, paths, and aliases fail closed" time="0.000514" classname="test" file="C:\dev\insight\Epistemic-Foundry\packages\workspace-map\src\inventory\map-inventory.test.mjs"/>
	<testcase name="map_inventory_test: portable paths reject traversal, absolute, drive, and separator variants" time="0.000285" classname="test" file="C:\dev\insight\Epistemic-Foundry\packages\workspace-map\src\inventory\map-inventory.test.mjs"/>
	<testcase name="map_inventory_test: unknown vocabularies and source-class mismatches fail closed" time="0.000222" classname="test" file="C:\dev\insight\Epistemic-Foundry\packages\workspace-map\src\inventory\map-inventory.test.mjs"/>
	<testcase name="map_inventory_test: location, locator, hash, and unreadable-path contracts are explicit" time="0.000648" classname="test" file="C:\dev\insight\Epistemic-Foundry\packages\workspace-map\src\inventory\map-inventory.test.mjs"/>
	<testcase name="map_inventory_test: hostile getters, Proxies, sparse arrays, and extra fields are rejected without access" time="0.000385" classname="test" file="C:\dev\insight\Epistemic-Foundry\packages\workspace-map\src\inventory\map-inventory.test.mjs"/>
	<testcase name="map_inventory_test: canonical vocabularies are closed, unique, and mapped" time="0.000149" classname="test" file="C:\dev\insight\Epistemic-Foundry\packages\workspace-map\src\inventory\map-inventory.test.mjs"/>
	<testcase name="centrality_reference_test: weighted PageRank constants are explicit" time="0.000514" classname="test" file="C:\dev\insight\Epistemic-Foundry\packages\workspace-map\src\ranking\baseline\centrality-reference.test.mjs"/>
	<testcase name="centrality_reference_test: two-node analytical reference is reproduced" time="0.007579" classname="test" file="C:\dev\insight\Epistemic-Foundry\packages\workspace-map\src\ranking\baseline\centrality-reference.test.mjs"/>
	<testcase name="centrality_reference_test: directed chain has a real non-uniform order" time="0.003534" classname="test" file="C:\dev\insight\Epistemic-Foundry\packages\workspace-map\src\ranking\baseline\centrality-reference.test.mjs"/>
	<testcase name="centrality_reference_test: algorithm inputs and parameters are recorded" time="0.002821" classname="test" file="C:\dev\insight\Epistemic-Foundry\packages\workspace-map\src\ranking\baseline\centrality-reference.test.mjs"/>
	<testcase name="centrality_reference_test: unresolved edges are recorded but never influence scores" time="0.005841" classname="test" file="C:\dev\insight\Epistemic-Foundry\packages\workspace-map\src\ranking\baseline\centrality-reference.test.mjs"/>
	<testcase name="centrality_reference_test: weak components and isolates are retained" time="0.002437" classname="test" file="C:\dev\insight\Epistemic-Foundry\packages\workspace-map\src\ranking\baseline\centrality-reference.test.mjs"/>
	<testcase name="centrality_reference_test: result order is node-id canonical and ranking order is separate" time="0.002562" classname="test" file="C:\dev\insight\Epistemic-Foundry\packages\workspace-map\src\ranking\baseline\centrality-reference.test.mjs"/>
	<testcase name="centrality_reference_test: input permutation leaves hash and ID unchanged" time="0.004420" classname="test" file="C:\dev\insight\Epistemic-Foundry\packages\workspace-map\src\ranking\baseline\centrality-reference.test.mjs"/>
	<testcase name="centrality_reference_test: validation rebuild and hash helpers agree" time="0.003853" classname="test" file="C:\dev\insight\Epistemic-Foundry\packages\workspace-map\src\ranking\baseline\centrality-reference.test.mjs"/>
	<testcase name="centrality_reference_test: score tampering fails closed" time="0.003471" classname="test" file="C:\dev\insight\Epistemic-Foundry\packages\workspace-map\src\ranking\baseline\centrality-reference.test.mjs"/>
	<testcase name="centrality_reference_test: ranking hash tampering fails closed" time="0.002890" classname="test" file="C:\dev\insight\Epistemic-Foundry\packages\workspace-map\src\ranking\baseline\centrality-reference.test.mjs"/>
	<testcase name="centrality_reference_test: unsupported input fields and accessors fail closed" time="0.000525" classname="test" file="C:\dev\insight\Epistemic-Foundry\packages\workspace-map\src\ranking\baseline\centrality-reference.test.mjs"/>
	<testcase name="centrality_reference_test: validation rejects nested algorithm accessors without invoking them" time="0.002007" classname="test" file="C:\dev\insight\Epistemic-Foundry\packages\workspace-map\src\ranking\baseline\centrality-reference.test.mjs"/>
	<testcase name="uniform_rank_regression: asymmetric star is never uniformly ranked" time="0.010216" classname="test" file="C:\dev\insight\Epistemic-Foundry\packages\workspace-map\src\ranking\baseline\uniform-rank-regression.test.mjs"/>
	<testcase name="uniform_rank_regression: asymmetric path receives distinct scores" time="0.004609" classname="test" file="C:\dev\insight\Epistemic-Foundry\packages\workspace-map\src\ranking\baseline\uniform-rank-regression.test.mjs"/>
	<testcase name="uniform_rank_regression: directed regular cycle may have a legitimate tie" time="0.003479" classname="test" file="C:\dev\insight\Epistemic-Foundry\packages\workspace-map\src\ranking\baseline\uniform-rank-regression.test.mjs"/>
	<testcase name="uniform_rank_regression: all-isolate graph retains normalized uniform scores" time="0.002349" classname="test" file="C:\dev\insight\Epistemic-Foundry\packages\workspace-map\src\ranking\baseline\uniform-rank-regression.test.mjs"/>
	<testcase name="uniform_rank_regression: empty graph is explicit and converged" time="0.001045" classname="test" file="C:\dev\insight\Epistemic-Foundry\packages\workspace-map\src\ranking\baseline\uniform-rank-regression.test.mjs"/>
	<testcase name="uniform_rank_regression: single node has score one" time="0.001142" classname="test" file="C:\dev\insight\Epistemic-Foundry\packages\workspace-map\src\ranking\baseline\uniform-rank-regression.test.mjs"/>
	<testcase name="uniform_rank_regression: invalid alpha is rejected" time="0.002480" classname="test" file="C:\dev\insight\Epistemic-Foundry\packages\workspace-map\src\ranking\baseline\uniform-rank-regression.test.mjs"/>
	<testcase name="uniform_rank_regression: invalid tolerance is rejected" time="0.000983" classname="test" file="C:\dev\insight\Epistemic-Foundry\packages\workspace-map\src\ranking\baseline\uniform-rank-regression.test.mjs"/>
	<testcase name="uniform_rank_regression: bounded non-convergence fails closed" time="0.001705" classname="test" file="C:\dev\insight\Epistemic-Foundry\packages\workspace-map\src\ranking\baseline\uniform-rank-regression.test.mjs"/>
	<testcase name="uniform_rank_regression: parallel typed edges are recorded as unit weights" time="0.002871" classname="test" file="C:\dev\insight\Epistemic-Foundry\packages\workspace-map\src\ranking\baseline\uniform-rank-regression.test.mjs"/>
	<testcase name="uniform_rank_regression: algorithm does not emit query or risk fields" time="0.001700" classname="test" file="C:\dev\insight\Epistemic-Foundry\packages\workspace-map\src\ranking\baseline\uniform-rank-regression.test.mjs"/>
	<testcase name="uniform_rank_regression: caller inputs are not mutated" time="0.002311" classname="test" file="C:\dev\insight\Epistemic-Foundry\packages\workspace-map\src\ranking\baseline\uniform-rank-regression.test.mjs"/>
	<testcase name="blast_radius_test: algorithm, version, and closed direction table are explicit" time="0.001007" classname="test" file="C:\dev\insight\Epistemic-Foundry\packages\workspace-map\src\ranking\query\blast-radius.test.mjs"/>
	<testcase name="blast_radius_test: dependency target changes propagate to dependants" time="0.016937" classname="test" file="C:\dev\insight\Epistemic-Foundry\packages\workspace-map\src\ranking\query\blast-radius.test.mjs"/>
	<testcase name="blast_radius_test: evidence changes propagate forward to claims" time="0.009077" classname="test" file="C:\dev\insight\Epistemic-Foundry\packages\workspace-map\src\ranking\query\blast-radius.test.mjs"/>
	<testcase name="blast_radius_test: provenance and supersession target changes propagate to dependants" time="0.012015" classname="test" file="C:\dev\insight\Epistemic-Foundry\packages\workspace-map\src\ranking\query\blast-radius.test.mjs"/>
	<testcase name="blast_radius_test: contract ownership is bidirectional" time="0.015885" classname="test" file="C:\dev\insight\Epistemic-Foundry\packages\workspace-map\src\ranking\query\blast-radius.test.mjs"/>
	<testcase name="blast_radius_test: every hidden shared-resource kind materializes effective edges" time="0.061612" classname="test" file="C:\dev\insight\Epistemic-Foundry\packages\workspace-map\src\ranking\query\blast-radius.test.mjs"/>
	<testcase name="blast_radius_test: shared resource participants form deterministic pairwise edges" time="0.007584" classname="test" file="C:\dev\insight\Epistemic-Foundry\packages\workspace-map\src\ranking\query\blast-radius.test.mjs"/>
	<testcase name="blast_radius_test: unresolved edges are recorded and excluded from propagation" time="0.008792" classname="test" file="C:\dev\insight\Epistemic-Foundry\packages\workspace-map\src\ranking\query\blast-radius.test.mjs"/>
	<testcase name="blast_radius_test: intrinsic risk uses authority, write scope, sensitivity, and mutability" time="0.006885" classname="test" file="C:\dev\insight\Epistemic-Foundry\packages\workspace-map\src\ranking\query\blast-radius.test.mjs"/>
	<testcase name="blast_radius_test: risk and blast radius remain separate dimensions" time="0.007159" classname="test" file="C:\dev\insight\Epistemic-Foundry\packages\workspace-map\src\ranking\query\blast-radius.test.mjs"/>
	<testcase name="blast_radius_test: multi-source traversal handles cycles without duplicates" time="0.009423" classname="test" file="C:\dev\insight\Epistemic-Foundry\packages\workspace-map\src\ranking\query\blast-radius.test.mjs"/>
	<testcase name="blast_radius_test: empty changed set is an explicit no-change assessment" time="0.006735" classname="test" file="C:\dev\insight\Epistemic-Foundry\packages\workspace-map\src\ranking\query\blast-radius.test.mjs"/>
	<testcase name="blast_radius_test: equal-length paths use a deterministic canonical witness" time="0.015009" classname="test" file="C:\dev\insight\Epistemic-Foundry\packages\workspace-map\src\ranking\query\blast-radius.test.mjs"/>
	<testcase name="blast_radius_test: input permutation preserves assessment hash and ID" time="0.014247" classname="test" file="C:\dev\insight\Epistemic-Foundry\packages\workspace-map\src\ranking\query\blast-radius.test.mjs"/>
	<testcase name="blast_radius_test: validation, hash helper, and immutability hold" time="0.019954" classname="test" file="C:\dev\insight\Epistemic-Foundry\packages\workspace-map\src\ranking\query\blast-radius.test.mjs"/>
	<testcase name="blast_radius_test: impact, risk, and hash tampering fail closed" time="0.030233" classname="test" file="C:\dev\insight\Epistemic-Foundry\packages\workspace-map\src\ranking\query\blast-radius.test.mjs"/>
	<testcase name="blast_radius_test: risk profile coverage and changed-node identity fail closed" time="0.016833" classname="test" file="C:\dev\insight\Epistemic-Foundry\packages\workspace-map\src\ranking\query\blast-radius.test.mjs"/>
	<testcase name="blast_radius_test: unknown risk and shared-resource vocabularies fail closed" time="0.011341" classname="test" file="C:\dev\insight\Epistemic-Foundry\packages\workspace-map\src\ranking\query\blast-radius.test.mjs"/>
	<testcase name="blast_radius_test: duplicate or malformed shared resources fail closed" time="0.011015" classname="test" file="C:\dev\insight\Epistemic-Foundry\packages\workspace-map\src\ranking\query\blast-radius.test.mjs"/>
	<testcase name="blast_radius_test: hostile wrappers, accessors, and sparse arrays fail without access" time="0.009134" classname="test" file="C:\dev\insight\Epistemic-Foundry\packages\workspace-map\src\ranking\query\blast-radius.test.mjs"/>
	<testcase name="blast_radius_test: caller inputs remain unchanged" time="0.007486" classname="test" file="C:\dev\insight\Epistemic-Foundry\packages\workspace-map\src\ranking\query\blast-radius.test.mjs"/>
	<testcase name="personalization_test: algorithm and version are explicit" time="0.000570" classname="test" file="C:\dev\insight\Epistemic-Foundry\packages\workspace-map\src\ranking\query\personalization.test.mjs"/>
	<testcase name="personalization_test: absent query produces explicit null personalization" time="0.008864" classname="test" file="C:\dev\insight\Epistemic-Foundry\packages\workspace-map\src\ranking\query\personalization.test.mjs"/>
	<testcase name="personalization_test: field-weighted token and phrase relevance is real" time="0.004469" classname="test" file="C:\dev\insight\Epistemic-Foundry\packages\workspace-map\src\ranking\query\personalization.test.mjs"/>
	<testcase name="personalization_test: relevance is separate from semantic, centrality, and risk" time="0.003663" classname="test" file="C:\dev\insight\Epistemic-Foundry\packages\workspace-map\src\ranking\query\personalization.test.mjs"/>
	<testcase name="personalization_test: unresolved edges are recorded but do not alter node scores" time="0.005756" classname="test" file="C:\dev\insight\Epistemic-Foundry\packages\workspace-map\src\ranking\query\personalization.test.mjs"/>
	<testcase name="personalization_test: input permutation preserves output hash and ID" time="0.006696" classname="test" file="C:\dev\insight\Epistemic-Foundry\packages\workspace-map\src\ranking\query\personalization.test.mjs"/>
	<testcase name="personalization_test: result order and tie break are deterministic" time="0.004324" classname="test" file="C:\dev\insight\Epistemic-Foundry\packages\workspace-map\src\ranking\query\personalization.test.mjs"/>
	<testcase name="personalization_test: validation, hash helper, and deep immutability hold" time="0.007088" classname="test" file="C:\dev\insight\Epistemic-Foundry\packages\workspace-map\src\ranking\query\personalization.test.mjs"/>
	<testcase name="personalization_test: score and hash tampering fail closed" time="0.007064" classname="test" file="C:\dev\insight\Epistemic-Foundry\packages\workspace-map\src\ranking\query\personalization.test.mjs"/>
	<testcase name="personalization_test: blank, non-indexable, and non-NFC queries fail closed" time="0.005528" classname="test" file="C:\dev\insight\Epistemic-Foundry\packages\workspace-map\src\ranking\query\personalization.test.mjs"/>
	<testcase name="personalization_test: hostile wrappers and accessors fail without execution" time="0.001029" classname="test" file="C:\dev\insight\Epistemic-Foundry\packages\workspace-map\src\ranking\query\personalization.test.mjs"/>
	<testcase name="personalization_test: caller inputs are unchanged" time="0.002783" classname="test" file="C:\dev\insight\Epistemic-Foundry\packages\workspace-map\src\ranking\query\personalization.test.mjs"/>
	<testcase name="hook_degraded_mode_test: complete observed support is FULL and health PASS" time="0.003670" classname="test" file="C:\dev\insight\Epistemic-Foundry\tests\compatibility\hooks\hook-degraded-mode.test.mjs"/>
	<testcase name="hook_degraded_mode_test: unavailable optional hooks select the declared DEGRADED behavior" time="0.001061" classname="test" file="C:\dev\insight\Epistemic-Foundry\tests\compatibility\hooks\hook-degraded-mode.test.mjs"/>
	<testcase name="hook_degraded_mode_test: a required capability without a fallback is BLOCKED" time="0.001274" classname="test" file="C:\dev\insight\Epistemic-Foundry\tests\compatibility\hooks\hook-degraded-mode.test.mjs"/>
	<testcase name="hook_degraded_mode_test: explicit READ_ONLY and SAFE_MODE mappings use the strongest mode" time="0.001478" classname="test" file="C:\dev\insight\Epistemic-Foundry\tests\compatibility\hooks\hook-degraded-mode.test.mjs"/>
	<testcase name="hook_degraded_mode_test: incomplete event coverage cannot remain FULL" time="0.000455" classname="test" file="C:\dev\insight\Epistemic-Foundry\tests\compatibility\hooks\hook-degraded-mode.test.mjs"/>
	<testcase name="hook_degraded_mode_test: re-trust debt is visible in health and cannot be masked by FULL" time="0.000965" classname="test" file="C:\dev\insight\Epistemic-Foundry\tests\compatibility\hooks\hook-degraded-mode.test.mjs"/>
	<testcase name="hook_degraded_mode_test: undeclared fallback and report tampering fail closed" time="0.000833" classname="test" file="C:\dev\insight\Epistemic-Foundry\tests\compatibility\hooks\hook-degraded-mode.test.mjs"/>
	<testcase name="hook_feature_probe_test: report is schema-shaped, hash-bound, and explicit about unobserved paths" time="0.004481" classname="test" file="C:\dev\insight\Epistemic-Foundry\tests\compatibility\hooks\hook-feature-probe.test.mjs"/>
	<testcase name="hook_feature_probe_test: declaration order cannot change trust or report hashes" time="0.002818" classname="test" file="C:\dev\insight\Epistemic-Foundry\tests\compatibility\hooks\hook-feature-probe.test.mjs"/>
	<testcase name="hook_feature_probe_test: changed active hook bytes require exact re-trust" time="0.002612" classname="test" file="C:\dev\insight\Epistemic-Foundry\tests\compatibility\hooks\hook-feature-probe.test.mjs"/>
	<testcase name="hook_feature_probe_test: removed hook hashes also invalidate prior trust" time="0.000663" classname="test" file="C:\dev\insight\Epistemic-Foundry\tests\compatibility\hooks\hook-feature-probe.test.mjs"/>
	<testcase name="hook_feature_probe_test: removing every formerly trusted hook remains explicit" time="0.000615" classname="test" file="C:\dev\insight\Epistemic-Foundry\tests\compatibility\hooks\hook-feature-probe.test.mjs"/>
	<testcase name="hook_feature_probe_test: a hook observation error cannot be weakened by trust state" time="0.002117" classname="test" file="C:\dev\insight\Epistemic-Foundry\tests\compatibility\hooks\hook-feature-probe.test.mjs"/>
	<testcase name="hook_feature_probe_test: disabled changed hooks retain re-trust debt" time="0.001966" classname="test" file="C:\dev\insight\Epistemic-Foundry\tests\compatibility\hooks\hook-feature-probe.test.mjs"/>
	<testcase name="hook_feature_probe_test: duplicate active hook hashes fail closed" time="0.001602" classname="test" file="C:\dev\insight\Epistemic-Foundry\tests\compatibility\hooks\hook-feature-probe.test.mjs"/>
	<testcase name="hook_feature_probe_test: missing observations fail closed to UNKNOWN rather than optimistic support" time="0.001312" classname="test" file="C:\dev\insight\Epistemic-Foundry\tests\compatibility\hooks\hook-feature-probe.test.mjs"/>
	<testcase name="hook_feature_probe_test: empty event and tool scopes never prove FULL coverage" time="0.001154" classname="test" file="C:\dev\insight\Epistemic-Foundry\tests\compatibility\hooks\hook-feature-probe.test.mjs"/>
	<testcase name="hook_feature_probe_test: unsupported claims, forged trust, and hostile inputs fail closed" time="0.002886" classname="test" file="C:\dev\insight\Epistemic-Foundry\tests\compatibility\hooks\hook-feature-probe.test.mjs"/>
	<testcase name="cross_workspace_leak_test: same-workspace recall excludes exact-match private workspace records" time="0.008398" classname="test" file="C:\dev\insight\Epistemic-Foundry\tests\evals\recall\cross-workspace-leak.test.mjs"/>
	<testcase name="cross_workspace_leak_test: default-denied cross-workspace query fails before index access" time="0.001459" classname="test" file="C:\dev\insight\Epistemic-Foundry\tests\evals\recall\cross-workspace-leak.test.mjs"/>
	<testcase name="cross_workspace_leak_test: explicit USER opt-in retrieves only the intended target workspace" time="0.002857" classname="test" file="C:\dev\insight\Epistemic-Foundry\tests\evals\recall\cross-workspace-leak.test.mjs"/>
	<testcase name="cross_workspace_leak_test: policy permission without explicit opt-in is denied" time="0.000718" classname="test" file="C:\dev\insight\Epistemic-Foundry\tests\evals\recall\cross-workspace-leak.test.mjs"/>
	<testcase name="cross_workspace_leak_test: explicit opt-in without consent is denied" time="0.000453" classname="test" file="C:\dev\insight\Epistemic-Foundry\tests\evals\recall\cross-workspace-leak.test.mjs"/>
	<testcase name="cross_workspace_leak_test: revoked consent cannot authorize recall" time="0.000710" classname="test" file="C:\dev\insight\Epistemic-Foundry\tests\evals\recall\cross-workspace-leak.test.mjs"/>
	<testcase name="cross_workspace_leak_test: cross-workspace WORKSPACE store remains denied" time="0.000497" classname="test" file="C:\dev\insight\Epistemic-Foundry\tests\evals\recall\cross-workspace-leak.test.mjs"/>
	<testcase name="cross_workspace_leak_test: WORKSPACE query cannot return same-workspace USER private context" time="0.001944" classname="test" file="C:\dev\insight\Epistemic-Foundry\tests\evals\recall\cross-workspace-leak.test.mjs"/>
	<testcase name="cross_workspace_leak_test: USER query cannot return same-workspace WORKSPACE records" time="0.001544" classname="test" file="C:\dev\insight\Epistemic-Foundry\tests\evals\recall\cross-workspace-leak.test.mjs"/>
	<testcase name="cross_workspace_leak_test: expired private memory is excluded from an otherwise permitted USER store" time="0.001940" classname="test" file="C:\dev\insight\Epistemic-Foundry\tests\evals\recall\cross-workspace-leak.test.mjs"/>
	<testcase name="cross_workspace_leak_test: prompt injection text in another workspace has no authority" time="0.001675" classname="test" file="C:\dev\insight\Epistemic-Foundry\tests\evals\recall\cross-workspace-leak.test.mjs"/>
	<testcase name="cross_workspace_leak_test: retrieval output contains provenance only, never raw forbidden source text" time="0.001507" classname="test" file="C:\dev\insight\Epistemic-Foundry\tests\evals\recall\cross-workspace-leak.test.mjs"/>
	<testcase name="cross_workspace_leak_test: target-workspace binding excludes the caller workspace on allowed USER recall" time="0.001463" classname="test" file="C:\dev\insight\Epistemic-Foundry\tests\evals\recall\cross-workspace-leak.test.mjs"/>
	<testcase name="cross_workspace_leak_test: unknown or malformed policy input fails closed" time="0.000381" classname="test" file="C:\dev\insight\Epistemic-Foundry\tests\evals\recall\cross-workspace-leak.test.mjs"/>
	<testcase name="cross_workspace_leak_test: searched and excluded classes remain a complete privacy partition" time="0.001206" classname="test" file="C:\dev\insight\Epistemic-Foundry\tests\evals\recall\cross-workspace-leak.test.mjs"/>
	<testcase name="recall_precision_test: the exact needed fact outranks a partial distractor" time="0.009107" classname="test" file="C:\dev\insight\Epistemic-Foundry\tests\evals\recall\recall-precision.test.mjs"/>
	<testcase name="recall_precision_test: all required facts fit the bounded top-k without unrelated context" time="0.003299" classname="test" file="C:\dev\insight\Epistemic-Foundry\tests\evals\recall\recall-precision.test.mjs"/>
	<testcase name="recall_precision_test: duplicate source memories yield one representative" time="0.001951" classname="test" file="C:\dev\insight\Epistemic-Foundry\tests\evals\recall\recall-precision.test.mjs"/>
	<testcase name="recall_precision_test: explicit redaction preserves the needed identity without private bytes" time="0.001985" classname="test" file="C:\dev\insight\Epistemic-Foundry\tests\evals\recall\recall-precision.test.mjs"/>
	<testcase name="recall_precision_test: expired high-score memory is excluded before ranking" time="0.001724" classname="test" file="C:\dev\insight\Epistemic-Foundry\tests\evals\recall\recall-precision.test.mjs"/>
	<testcase name="recall_precision_test: a completed zero-result search remains SEARCHED_NONE" time="0.001474" classname="test" file="C:\dev\insight\Epistemic-Foundry\tests\evals\recall\recall-precision.test.mjs"/>
	<testcase name="recall_precision_test: Unicode NFKC equivalents recover the same fact" time="0.001905" classname="test" file="C:\dev\insight\Epistemic-Foundry\tests\evals\recall\recall-precision.test.mjs"/>
	<testcase name="recall_precision_test: input permutation leaves selection and receipt identities stable" time="0.004471" classname="test" file="C:\dev\insight\Epistemic-Foundry\tests\evals\recall\recall-precision.test.mjs"/>
	<testcase name="recall_precision_test: receipt is bound to the selected post-L03 subset" time="0.002203" classname="test" file="C:\dev\insight\Epistemic-Foundry\tests\evals\recall\recall-precision.test.mjs"/>
	<testcase name="recall_precision_test: selected output carries provenance but no raw search text" time="0.001854" classname="test" file="C:\dev\insight\Epistemic-Foundry\tests\evals\recall\recall-precision.test.mjs"/>
	<testcase name="compaction_resume_test: sealed fresh capsule restores phase, blockers and authority" time="0.003219" classname="test" file="C:\dev\insight\Epistemic-Foundry\tests\golden\compaction\compaction-resume.test.mjs"/>
	<testcase name="compaction_resume_test: a prose-only summary cannot replace canonical artifacts" time="0.000352" classname="test" file="C:\dev\insight\Epistemic-Foundry\tests\golden\compaction\compaction-resume.test.mjs"/>
	<testcase name="compaction_resume_test: missing or invalid sealed receipt prevents resume" time="0.000748" classname="test" file="C:\dev\insight\Epistemic-Foundry\tests\golden\compaction\compaction-resume.test.mjs"/>
	<testcase name="compaction_resume_test: summary and capsule tampering fail before recovery" time="0.002240" classname="test" file="C:\dev\insight\Epistemic-Foundry\tests\golden\compaction\compaction-resume.test.mjs"/>
	<testcase name="compaction_resume_test: missing, changed and newly visible artifacts fail closed" time="0.001801" classname="test" file="C:\dev\insight\Epistemic-Foundry\tests\golden\compaction\compaction-resume.test.mjs"/>
	<testcase name="context_poisoning_test: conflicting prose cannot alter phase, blockers or authority" time="0.002804" classname="test" file="C:\dev\insight\Epistemic-Foundry\tests\golden\compaction\context-poisoning.test.mjs"/>
	<testcase name="context_poisoning_test: attacker-rehashed capsule still fails external receipt binding" time="0.000972" classname="test" file="C:\dev\insight\Epistemic-Foundry\tests\golden\compaction\context-poisoning.test.mjs"/>
	<testcase name="context_poisoning_test: excluded content never becomes recovery authority" time="0.001617" classname="test" file="C:\dev\insight\Epistemic-Foundry\tests\golden\compaction\context-poisoning.test.mjs"/>
	<testcase name="context_poisoning_test: phase, RunSpec and policy drift cannot be narrated away" time="0.001534" classname="test" file="C:\dev\insight\Epistemic-Foundry\tests\golden\compaction\context-poisoning.test.mjs"/>
	<testcase name="context_poisoning_test: accessor and unknown-field recovery inputs fail closed" time="0.000719" classname="test" file="C:\dev\insight\Epistemic-Foundry\tests\golden\compaction\context-poisoning.test.mjs"/>
	<testsuite name="forge_golden_flows: E1 minimum and E3/E5 full paths admit, reduce, replay, and complete" time="5.207156" disabled="0" errors="0" tests="3" failures="0" skipped="0" hostname="Moon">
		<testcase name="E1_LOOKUP_MINIMUM" time="1.088799" classname="test" file="C:\dev\insight\Epistemic-Foundry\tests\golden\forge\f04_forge_golden_flows.test.mjs"/>
		<testcase name="E3_MECHANISM_FULL" time="1.915650" classname="test" file="C:\dev\insight\Epistemic-Foundry\tests\golden\forge\f04_forge_golden_flows.test.mjs"/>
		<testcase name="E5_AMBIGUOUS_INTERVIEW_FULL" time="2.201844" classname="test" file="C:\dev\insight\Epistemic-Foundry\tests\golden\forge\f04_forge_golden_flows.test.mjs"/>
	</testsuite>
	<testcase name="forge_golden_flows: UNDERDETERMINED is a receipt-bound truthful terminal outcome" time="2.357453" classname="test" file="C:\dev\insight\Epistemic-Foundry\tests\golden\forge\f04_forge_golden_flows.test.mjs"/>
	<testcase name="forge_golden_flows: admission cannot bypass F02 classification identity context" time="1.611903" classname="test" file="C:\dev\insight\Epistemic-Foundry\tests\golden\forge\f04_forge_golden_flows.test.mjs"/>
	<testcase name="phase_artifact_reconciliation: every expected F04 transition and phase set resolves exactly once" time="5.307569" classname="test" file="C:\dev\insight\Epistemic-Foundry\tests\golden\forge\f04_phase_artifact_reconciliation.test.mjs"/>
	<testcase name="phase_artifact_reconciliation: a missing persisted transition fails closed" time="0.729654" classname="test" file="C:\dev\insight\Epistemic-Foundry\tests\golden\forge\f04_phase_artifact_reconciliation.test.mjs"/>
	<testcase name="independent_review_test: a distinct actor and independence group can approve full maker scope" time="0.030565" classname="test" file="C:\dev\insight\Epistemic-Foundry\tests\golden\multiagent\independent-review.test.mjs"/>
	<testcase name="independent_review_test: an absent review cannot be inferred from successful execution" time="0.014062" classname="test" file="C:\dev\insight\Epistemic-Foundry\tests\golden\multiagent\independent-review.test.mjs"/>
	<testcase name="independent_review_test: an author cannot self-approve" time="0.013137" classname="test" file="C:\dev\insight\Epistemic-Foundry\tests\golden\multiagent\independent-review.test.mjs"/>
	<testcase name="independent_review_test: reviewer cannot share a maker independence group" time="0.012448" classname="test" file="C:\dev\insight\Epistemic-Foundry\tests\golden\multiagent\independent-review.test.mjs"/>
	<testcase name="independent_review_test: only a PASS verdict satisfies the gate" time="0.010520" classname="test" file="C:\dev\insight\Epistemic-Foundry\tests\golden\multiagent\independent-review.test.mjs"/>
	<testcase name="independent_review_test: review scope must contain every and only maker receipt" time="0.019063" classname="test" file="C:\dev\insight\Epistemic-Foundry\tests\golden\multiagent\independent-review.test.mjs"/>
	<testcase name="independent_review_test: review binds the exact dispatch and replayed scheduler state" time="0.012832" classname="test" file="C:\dev\insight\Epistemic-Foundry\tests\golden\multiagent\independent-review.test.mjs"/>
	<testcase name="independent_review_test: every maker output and output hash is in review scope" time="0.011721" classname="test" file="C:\dev\insight\Epistemic-Foundry\tests\golden\multiagent\independent-review.test.mjs"/>
	<testcase name="independent_review_test: reviewer must be scheduled after every maker role" time="0.010296" classname="test" file="C:\dev\insight\Epistemic-Foundry\tests\golden\multiagent\independent-review.test.mjs"/>
	<testcase name="independent_review_test: review hash and derived ID reject mutation" time="0.017827" classname="test" file="C:\dev\insight\Epistemic-Foundry\tests\golden\multiagent\independent-review.test.mjs"/>
	<testcase name="independent_review_test: reviewer actor and receipt must bind the N03 terminal attempt" time="0.018488" classname="test" file="C:\dev\insight\Epistemic-Foundry\tests\golden\multiagent\independent-review.test.mjs"/>
	<testcase name="independent_review_test: reviewer ResultEnvelope must emit the sealed review artifact" time="0.009276" classname="test" file="C:\dev\insight\Epistemic-Foundry\tests\golden\multiagent\independent-review.test.mjs"/>
	<testcase name="missing_node_detection_test: exact N02/N03 fan-in is deterministic, immutable, and receipt-bound" time="0.039121" classname="test" file="C:\dev\insight\Epistemic-Foundry\tests\golden\multiagent\missing-node-detection.test.mjs"/>
	<testcase name="missing_node_detection_test: dispatch expected count and role identity count must agree" time="0.007117" classname="test" file="C:\dev\insight\Epistemic-Foundry\tests\golden\multiagent\missing-node-detection.test.mjs"/>
	<testcase name="missing_node_detection_test: partial fan-in policies cannot pass the N04 gate" time="0.005885" classname="test" file="C:\dev\insight\Epistemic-Foundry\tests\golden\multiagent\missing-node-detection.test.mjs"/>
	<testcase name="missing_node_detection_test: a missing or duplicate spawn descriptor is visible" time="0.012937" classname="test" file="C:\dev\insight\Epistemic-Foundry\tests\golden\multiagent\missing-node-detection.test.mjs"/>
	<testcase name="missing_node_detection_test: descriptor tampering is rejected by the N02 integrity boundary" time="0.005392" classname="test" file="C:\dev\insight\Epistemic-Foundry\tests\golden\multiagent\missing-node-detection.test.mjs"/>
	<testcase name="missing_node_detection_test: scheduler missing and unexpected node identities fail closed" time="0.016740" classname="test" file="C:\dev\insight\Epistemic-Foundry\tests\golden\multiagent\missing-node-detection.test.mjs"/>
	<testcase name="missing_node_detection_test: snapshot must be exact N03 command replay for the bound plan and run" time="0.014318" classname="test" file="C:\dev\insight\Epistemic-Foundry\tests\golden\multiagent\missing-node-detection.test.mjs"/>
	<testcase name="missing_node_detection_test: a rehashed fabricated earlier attempt cannot enter fan-in" time="0.009997" classname="test" file="C:\dev\insight\Epistemic-Foundry\tests\golden\multiagent\missing-node-detection.test.mjs"/>
	<testcase name="missing_node_detection_test: truncated scheduler command history cannot support completion" time="0.010545" classname="test" file="C:\dev\insight\Epistemic-Foundry\tests\golden\multiagent\missing-node-detection.test.mjs"/>
	<testcase name="missing_node_detection_test: non-terminal scheduler attempts cannot be narrated as success" time="0.008007" classname="test" file="C:\dev\insight\Epistemic-Foundry\tests\golden\multiagent\missing-node-detection.test.mjs"/>
	<testcase name="missing_node_detection_test: terminal receipt mismatch remains visible" time="0.011448" classname="test" file="C:\dev\insight\Epistemic-Foundry\tests\golden\multiagent\missing-node-detection.test.mjs"/>
	<testcase name="missing_node_detection_test: ResultEnvelope completeness must reconcile one-of-one" time="0.009643" classname="test" file="C:\dev\insight\Epistemic-Foundry\tests\golden\multiagent\missing-node-detection.test.mjs"/>
	<testcase name="missing_node_detection_test: prose-only success without a business artifact is rejected" time="0.009777" classname="test" file="C:\dev\insight\Epistemic-Foundry\tests\golden\multiagent\missing-node-detection.test.mjs"/>
	<testcase name="missing_node_detection_test: missing, duplicate, and unexpected result identities fail closed" time="0.028117" classname="test" file="C:\dev\insight\Epistemic-Foundry\tests\golden\multiagent\missing-node-detection.test.mjs"/>
	<testcase name="fresh_install_test and clean_uninstall_test: isolated local marketplace lifecycle" time="1.858938" classname="test" file="C:\dev\insight\Epistemic-Foundry\tests\install\local-marketplace\g04-lifecycle.test.mjs"/>
	<testcase name="J02 graph reaches exactly 1 parent, 28 children, and 17 references" time="0.002138" classname="test" file="C:\dev\insight\Epistemic-Foundry\tests\node\j02-reference-reachability.test.mjs"/>
	<testcase name="all 35 fixed selection cases match sealed IDs, order, reasons, and totals" time="0.010690" classname="test" file="C:\dev\insight\Epistemic-Foundry\tests\node\j02-reference-reachability.test.mjs"/>
	<testsuite name="all 16 adversarial reachability cases fail closed with their exact code" time="0.633832" disabled="0" errors="0" tests="16" failures="0" skipped="0" hostname="Moon">
		<testcase name="MISSING_SKILL_TARGET" time="0.000765" classname="test" file="C:\dev\insight\Epistemic-Foundry\tests\node\j02-reference-reachability.test.mjs"/>
		<testcase name="MISSING_REFERENCE_TARGET" time="0.000424" classname="test" file="C:\dev\insight\Epistemic-Foundry\tests\node\j02-reference-reachability.test.mjs"/>
		<testcase name="ORPHAN_REFERENCE" time="0.000566" classname="test" file="C:\dev\insight\Epistemic-Foundry\tests\node\j02-reference-reachability.test.mjs"/>
		<testcase name="SELF_CYCLE" time="0.000492" classname="test" file="C:\dev\insight\Epistemic-Foundry\tests\node\j02-reference-reachability.test.mjs"/>
		<testcase name="MULTI_NODE_CYCLE" time="0.000396" classname="test" file="C:\dev\insight\Epistemic-Foundry\tests\node\j02-reference-reachability.test.mjs"/>
		<testcase name="DEPTH_OVERFLOW" time="0.000403" classname="test" file="C:\dev\insight\Epistemic-Foundry\tests\node\j02-reference-reachability.test.mjs"/>
		<testcase name="DUPLICATE_SKILL_ID" time="0.000320" classname="test" file="C:\dev\insight\Epistemic-Foundry\tests\node\j02-reference-reachability.test.mjs"/>
		<testcase name="DUPLICATE_REFERENCE_ID" time="0.001595" classname="test" file="C:\dev\insight\Epistemic-Foundry\tests\node\j02-reference-reachability.test.mjs"/>
		<testcase name="DUPLICATE_PATH" time="0.001471" classname="test" file="C:\dev\insight\Epistemic-Foundry\tests\node\j02-reference-reachability.test.mjs"/>
		<testcase name="CONTENT_HASH_MISMATCH" time="0.319493" classname="test" file="C:\dev\insight\Epistemic-Foundry\tests\node\j02-reference-reachability.test.mjs"/>
		<testcase name="DOT_DOT_TRAVERSAL" time="0.001553" classname="test" file="C:\dev\insight\Epistemic-Foundry\tests\node\j02-reference-reachability.test.mjs"/>
		<testcase name="ABSOLUTE_POSIX_PATH" time="0.001023" classname="test" file="C:\dev\insight\Epistemic-Foundry\tests\node\j02-reference-reachability.test.mjs"/>
		<testcase name="WINDOWS_DRIVE_OR_UNC_PATH" time="0.002601" classname="test" file="C:\dev\insight\Epistemic-Foundry\tests\node\j02-reference-reachability.test.mjs"/>
		<testcase name="SYMLINK_ESCAPE" time="0.299782" classname="test" file="C:\dev\insight\Epistemic-Foundry\tests\node\j02-reference-reachability.test.mjs"/>
		<testcase name="DISABLED_EXPLICIT_REFERENCE" time="0.000703" classname="test" file="C:\dev\insight\Epistemic-Foundry\tests\node\j02-reference-reachability.test.mjs"/>
		<testcase name="UNKNOWN_LLM_PROPOSAL" time="0.000322" classname="test" file="C:\dev\insight\Epistemic-Foundry\tests\node\j02-reference-reachability.test.mjs"/>
	</testsuite>
	<testcase name="loader verifies all sealed production files and authority pointers" time="0.123011" classname="test" file="C:\dev\insight\Epistemic-Foundry\tests\node\j02-skill-context-loader.test.mjs"/>
	<testcase name="metadata projection uses exact limits and explicit-parent-only degradation" time="0.000841" classname="test" file="C:\dev\insight\Epistemic-Foundry\tests\node\j02-skill-context-loader.test.mjs"/>
	<testcase name="known LLM proposal remains non-authoritative and cannot add a reference" time="0.002215" classname="test" file="C:\dev\insight\Epistemic-Foundry\tests\node\j02-skill-context-loader.test.mjs"/>
	<testcase name="typed trigger comparison is semantic rather than object-key-order dependent" time="0.000947" classname="test" file="C:\dev\insight\Epistemic-Foundry\tests\node\j02-skill-context-loader.test.mjs"/>
	<testcase name="plain-data input boundary rejects proxies, accessors, sparse arrays, and unknown keys" time="0.000558" classname="test" file="C:\dev\insight\Epistemic-Foundry\tests\node\j02-skill-context-loader.test.mjs"/>
	<testcase name="ResolvedSkillContext is identical across 100 repeated sealed loads" time="2.462357" classname="test" file="C:\dev\insight\Epistemic-Foundry\tests\node\j02-skill-context-loader.test.mjs"/>
	<testcase name="t01_schema_resolution: every inputSchema equals its contract input file" time="0.003749" classname="test" file="C:\dev\insight\Epistemic-Foundry\tests\node\t01-schema-resolution.test.mjs"/>
	<testcase name="t01_schema_resolution: there is one input schema file per catalog tool" time="0.000315" classname="test" file="C:\dev\insight\Epistemic-Foundry\tests\node\t01-schema-resolution.test.mjs"/>
	<testcase name="t01_schema_resolution: every data schema ref resolves to the canonical authority" time="0.002208" classname="test" file="C:\dev\insight\Epistemic-Foundry\tests\node\t01-schema-resolution.test.mjs"/>
	<testcase name="t01_schema_resolution: shared envelope schemas resolve with exact ids" time="0.000448" classname="test" file="C:\dev\insight\Epistemic-Foundry\tests\node\t01-schema-resolution.test.mjs"/>
	<testcase name="t01_tool_catalog: descriptor projection derives from the canonical catalog" time="0.001075" classname="test" file="C:\dev\insight\Epistemic-Foundry\tests\node\t01-tool-catalog.test.mjs"/>
	<testcase name="t01_tool_catalog: exactly nine PURE_READ and four DURABLE_PLAN_ARTIFACT tools" time="0.000256" classname="test" file="C:\dev\insight\Epistemic-Foundry\tests\node\t01-tool-catalog.test.mjs"/>
	<testcase name="t01_tool_catalog: planning tools bind exactly one canonical artifact schema" time="0.000173" classname="test" file="C:\dev\insight\Epistemic-Foundry\tests\node\t01-tool-catalog.test.mjs"/>
	<testcase name="t01_tool_catalog: the plugin MCP declaration is stateless STDIO via the payload dispatcher" time="0.000670" classname="test" file="C:\dev\insight\Epistemic-Foundry\tests\node\t01-tool-catalog.test.mjs"/>
	<testcase name="t01_transport_framing: initialize and tools/list are stateless constants" time="0.001386" classname="test" file="C:\dev\insight\Epistemic-Foundry\tests\node\t01-transport-framing.test.mjs"/>
	<testcase name="t01_transport_framing: tools/call wraps the shared envelope" time="0.000235" classname="test" file="C:\dev\insight\Epistemic-Foundry\tests\node\t01-transport-framing.test.mjs"/>
	<testcase name="t01_transport_framing: protocol failures are typed JSON-RPC errors" time="0.000152" classname="test" file="C:\dev\insight\Epistemic-Foundry\tests\node\t01-transport-framing.test.mjs"/>
	<testcase name="t01_transport_framing: stdio and http produce identical responses" time="0.000290" classname="test" file="C:\dev\insight\Epistemic-Foundry\tests\node\t01-transport-framing.test.mjs"/>
	<testcase name="t01_transport_framing: http transport failures are typed" time="0.000153" classname="test" file="C:\dev\insight\Epistemic-Foundry\tests\node\t01-transport-framing.test.mjs"/>
	<testcase name="t01_transport_framing: malformed stdio lines answer parse errors" time="0.000138" classname="test" file="C:\dev\insight\Epistemic-Foundry\tests\node\t01-transport-framing.test.mjs"/>
	<testcase name="t01_transport_framing: receipt projection enforces side-effect classes" time="0.000456" classname="test" file="C:\dev\insight\Epistemic-Foundry\tests\node\t01-transport-framing.test.mjs"/>
	<testcase name="the composed surface exposes exactly 13 + 9 unique tools" time="0.000842" classname="test" file="C:\dev\insight\Epistemic-Foundry\tests\node\t02-mcp-write-surface.test.mjs"/>
	<testcase name="merge order places the sealed projection first and unchanged" time="0.000834" classname="test" file="C:\dev\insight\Epistemic-Foundry\tests\node\t02-mcp-write-surface.test.mjs"/>
	<testcase name="the mutating half is exactly the nine T02 tools" time="0.000265" classname="test" file="C:\dev\insight\Epistemic-Foundry\tests\node\t02-mcp-write-surface.test.mjs"/>
	<testcase name="catalog set metadata carries counts and order but no tool name" time="0.000327" classname="test" file="C:\dev\insight\Epistemic-Foundry\tests\node\t02-mcp-write-surface.test.mjs"/>
	<testcase name="tools/list returns the composed table" time="0.000813" classname="test" file="C:\dev\insight\Epistemic-Foundry\tests\node\t02-mcp-write-surface.test.mjs"/>
	<testcase name="initialize describes the composed surface" time="0.000178" classname="test" file="C:\dev\insight\Epistemic-Foundry\tests\node\t02-mcp-write-surface.test.mjs"/>
	<testcase name="a committed mutation is framed as a successful call" time="0.000295" classname="test" file="C:\dev\insight\Epistemic-Foundry\tests\node\t02-mcp-write-surface.test.mjs"/>
	<testcase name="an intentional dry run is framed as a successful call" time="0.000205" classname="test" file="C:\dev\insight\Epistemic-Foundry\tests\node\t02-mcp-write-surface.test.mjs"/>
	<testcase name="an unresolved or failed effect is never framed as success" time="0.000281" classname="test" file="C:\dev\insight\Epistemic-Foundry\tests\node\t02-mcp-write-surface.test.mjs"/>
	<testcase name="a non-dry-run NOT_EXECUTED is never framed as success" time="0.000155" classname="test" file="C:\dev\insight\Epistemic-Foundry\tests\node\t02-mcp-write-surface.test.mjs"/>
	<testcase name="a sealed read tool keeps the port's own isError verdict" time="0.000152" classname="test" file="C:\dev\insight\Epistemic-Foundry\tests\node\t02-mcp-write-surface.test.mjs"/>
	<testcase name="an error envelope stays an error through the wrapper" time="0.000264" classname="test" file="C:\dev\insight\Epistemic-Foundry\tests\node\t02-mcp-write-surface.test.mjs"/>
	<testcase name="HTTP POST /mcp round-trips the composed table" time="0.000496" classname="test" file="C:\dev\insight\Epistemic-Foundry\tests\node\t02-mcp-write-surface.test.mjs"/>
	<testcase name="HTTP transport keeps the sealed framing rules" time="0.000181" classname="test" file="C:\dev\insight\Epistemic-Foundry\tests\node\t02-mcp-write-surface.test.mjs"/>
	<testcase name="STDIO serves the composed table line by line" time="0.000602" classname="test" file="C:\dev\insight\Epistemic-Foundry\tests\node\t02-mcp-write-surface.test.mjs"/>
	<testcase name="an unknown method is rejected by the sealed framing" time="0.000106" classname="test" file="C:\dev\insight\Epistemic-Foundry\tests\node\t02-mcp-write-surface.test.mjs"/>
	<testcase name="backup_restore_test: live SQLite WAL backup restores one verified snapshot" time="0.059815" classname="test" file="C:\dev\insight\Epistemic-Foundry\tests\recovery\state\backup-restore.test.mjs"/>
	<testcase name="backup_restore_test: artifact snapshot excludes crash residue and restores exact graph" time="0.096062" classname="test" file="C:\dev\insight\Epistemic-Foundry\tests\recovery\state\backup-restore.test.mjs"/>
	<testcase name="crash_recovery_test: SQLite replays committed WAL after abrupt process death" time="0.114838" classname="test" file="C:\dev\insight\Epistemic-Foundry\tests\recovery\state\crash-recovery.test.mjs"/>
	<testcase name="crash_recovery_test: SQLite rolls back an interrupted transaction without reset" time="0.125202" classname="test" file="C:\dev\insight\Epistemic-Foundry\tests\recovery\state\crash-recovery.test.mjs"/>
	<testcase name="crash_recovery_test: corrupted SQLite remains preserved and enters SAFE_MODE" time="0.022566" classname="test" file="C:\dev\insight\Epistemic-Foundry\tests\recovery\state\crash-recovery.test.mjs"/>
	<testcase name="crash_recovery_test: artifact crash residue stays quarantined from canonical state" time="0.123756" classname="test" file="C:\dev\insight\Epistemic-Foundry\tests\recovery\state\crash-recovery.test.mjs"/>
	<testcase name="semantic_replay_report: distinct run and event identities are semantic, never strict exact" time="0.001977" classname="test" file="C:\dev\insight\Epistemic-Foundry\tests\replay\effects\semantic-replay.test.mjs"/>
	<testcase name="semantic_replay_report: model pin drift remains visible across equivalent outcomes" time="0.225154" classname="test" file="C:\dev\insight\Epistemic-Foundry\tests\replay\effects\semantic-replay.test.mjs"/>
	<testcase name="semantic_replay_report: multiple changed pins are classified without erasure" time="0.000474" classname="test" file="C:\dev\insight\Epistemic-Foundry\tests\replay\effects\semantic-replay.test.mjs"/>
	<testcase name="semantic_replay_report: gate and verdict changes are explicit semantic DRIFT" time="0.236615" classname="test" file="C:\dev\insight\Epistemic-Foundry\tests\replay\effects\semantic-replay.test.mjs"/>
	<testcase name="semantic_replay_report: changed semantic state is DRIFT even when gates and verdicts match" time="0.000592" classname="test" file="C:\dev\insight\Epistemic-Foundry\tests\replay\effects\semantic-replay.test.mjs"/>
	<testcase name="semantic_replay_report: missing required pins make the runs NOT_COMPARABLE" time="0.000405" classname="test" file="C:\dev\insight\Epistemic-Foundry\tests\replay\effects\semantic-replay.test.mjs"/>
	<testcase name="semantic_replay_report: report hash excludes itself and rejects mutation or placeholders" time="0.001004" classname="test" file="C:\dev\insight\Epistemic-Foundry\tests\replay\effects\semantic-replay.test.mjs"/>
	<testcase name="semantic_replay_report: floating or malformed pins are rejected before comparison" time="0.000271" classname="test" file="C:\dev\insight\Epistemic-Foundry\tests\replay\effects\semantic-replay.test.mjs"/>
	<testcase name="semantic_replay_report: strict identity cannot be empty or detached from replay state" time="0.000383" classname="test" file="C:\dev\insight\Epistemic-Foundry\tests\replay\effects\semantic-replay.test.mjs"/>
	<testcase name="semantic_replay_report: canonical hashing rejects accessors and invalid Unicode without execution" time="0.000295" classname="test" file="C:\dev\insight\Epistemic-Foundry\tests\replay\effects\semantic-replay.test.mjs"/>
	<testcase name="strict_replay_test: E02 and E03 durable events rebuild exactly and match live projections" time="1.262014" classname="test" file="C:\dev\insight\Epistemic-Foundry\tests\replay\effects\strict-replay.test.mjs"/>
	<testcase name="strict_replay_test: reopening both durable stores preserves stream and reducer identity" time="1.009311" classname="test" file="C:\dev\insight\Epistemic-Foundry\tests\replay\effects\strict-replay.test.mjs"/>
	<testcase name="strict_replay_test: exact retries append no events and do not change replay state" time="1.706663" classname="test" file="C:\dev\insight\Epistemic-Foundry\tests\replay\effects\strict-replay.test.mjs"/>
	<testcase name="strict_replay_test: exact pins and identical stream identity produce a schema-valid EXACT report" time="1.003793" classname="test" file="C:\dev\insight\Epistemic-Foundry\tests\replay\effects\strict-replay.test.mjs"/>
	<testcase name="strict_replay_test: tampered payload bytes fail closed before equivalence" time="0.693292" classname="test" file="C:\dev\insight\Epistemic-Foundry\tests\replay\effects\strict-replay.test.mjs"/>
	<testcase name="strict_replay_test: missing payload bytes fail closed before equivalence" time="0.671860" classname="test" file="C:\dev\insight\Epistemic-Foundry\tests\replay\effects\strict-replay.test.mjs"/>
	<testcase name="strict_replay_test: duplicate logical payload identities fail closed" time="0.759744" classname="test" file="C:\dev\insight\Epistemic-Foundry\tests\replay\effects\strict-replay.test.mjs"/>
	<testcase name="strict_replay_test: event envelopes cannot rebind a valid payload to another aggregate" time="0.687750" classname="test" file="C:\dev\insight\Epistemic-Foundry\tests\replay\effects\strict-replay.test.mjs"/>
	<testcase name="K04 corpus instruction remains data: corpus-pdf-role-override" time="0.003508" classname="test" file="C:\dev\insight\Epistemic-Foundry\tests\security\corpus\corpus-injection.test.mjs"/>
	<testcase name="K04 corpus instruction remains data: corpus-web-tool-request" time="0.000308" classname="test" file="C:\dev\insight\Epistemic-Foundry\tests\security\corpus\corpus-injection.test.mjs"/>
	<testcase name="K04 corpus instruction remains data: corpus-dataset-forged-authority" time="0.000155" classname="test" file="C:\dev\insight\Epistemic-Foundry\tests\security\corpus\corpus-injection.test.mjs"/>
	<testcase name="K04 clean scans and trusted extraction labels still cannot confer authority" time="0.000146" classname="test" file="C:\dev\insight\Epistemic-Foundry\tests\security\corpus\corpus-injection.test.mjs"/>
	<testcase name="K04 data-only context cannot expose an instruction or execution channel" time="0.000338" classname="test" file="C:\dev\insight\Epistemic-Foundry\tests\security\corpus\corpus-injection.test.mjs"/>
	<testcase name="K04 forged corpus sidecar authority is rejected before sealing" time="0.000116" classname="test" file="C:\dev\insight\Epistemic-Foundry\tests\security\corpus\corpus-injection.test.mjs"/>
	<testcase name="S04-RT001 untrusted text cannot cross from evidence/model data into approval or policy authority" time="0.006146" classname="test" file="C:\dev\insight\Epistemic-Foundry\tests\security\s04-red-team.test.mjs"/>
	<testcase name="S04-RT002 opaque handles and secret-shaped payloads cannot bypass outbound boundaries" time="0.001296" classname="test" file="C:\dev\insight\Epistemic-Foundry\tests\security\s04-red-team.test.mjs"/>
	<testcase name="S04-RT003 path, egress, sandbox-profile, and foreign-policy bypasses fail closed" time="0.003972" classname="test" file="C:\dev\insight\Epistemic-Foundry\tests\security\s04-red-team.test.mjs"/>
	<testcase name="S04-RT004 malicious package hooks, symlinks, signature claims, and obfuscation remain critical" time="0.000861" classname="test" file="C:\dev\insight\Epistemic-Foundry\tests\security\s04-red-team.test.mjs"/>
	<testcase name="S04-RT005 signature claims, copied lockfiles, and permission expansion cannot authorize activation" time="0.002522" classname="test" file="C:\dev\insight\Epistemic-Foundry\tests\security\s04-red-team.test.mjs"/>
	<testcase name="S04-RT006 name shadowing, implicit invocation, and unverifiable uninstall block conformance" time="0.000816" classname="test" file="C:\dev\insight\Epistemic-Foundry\tests\security\s04-red-team.test.mjs"/>
	<testcase name="S04-RT007 authority brands remain non-fungible across security compartments" time="0.000481" classname="test" file="C:\dev\insight\Epistemic-Foundry\tests\security\s04-red-team.test.mjs"/>
	<testcase name="S04-TM001 traceability matrix covers every S04-owned audit lens without inflating deferred controls" time="0.015751" classname="test" file="C:\dev\insight\Epistemic-Foundry\tests\security\s04-threat-model-traceability.test.mjs"/>
	<testcase name="S04-TM002 every plugin threat has a control, a verification path, and an honest residual limit" time="0.008313" classname="test" file="C:\dev\insight\Epistemic-Foundry\tests\security\s04-threat-model-traceability.test.mjs"/>
	<testcase name="S04-TM003 hook bypass and primitive enforcement limitations are explicit and release-safe" time="0.000243" classname="test" file="C:\dev\insight\Epistemic-Foundry\tests\security\s04-threat-model-traceability.test.mjs"/>
	<testcase name="S04-TM004 traceability source bindings fail on undocumented contract drift" time="0.031267" classname="test" file="C:\dev\insight\Epistemic-Foundry\tests\security\s04-threat-model-traceability.test.mjs"/>
	<testcase name="frame_roundtrip_test: canonical export parses and re-exports byte-for-byte" time="0.016129" classname="test" file="C:\dev\insight\Epistemic-Foundry\web\src\features\intake\frame-roundtrip.test.mjs"/>
	<testcase name="frame_roundtrip_test: input object key order does not change export bytes" time="0.002272" classname="test" file="C:\dev\insight\Epistemic-Foundry\web\src\features\intake\frame-roundtrip.test.mjs"/>
	<testcase name="frame_roundtrip_test: meaningful array order is preserved" time="0.001335" classname="test" file="C:\dev\insight\Epistemic-Foundry\web\src\features\intake\frame-roundtrip.test.mjs"/>
	<testcase name="frame_roundtrip_test: one-byte content tampering fails hash verification" time="0.001449" classname="test" file="C:\dev\insight\Epistemic-Foundry\web\src\features\intake\frame-roundtrip.test.mjs"/>
	<testcase name="frame_roundtrip_test: semantically equal non-canonical JSON is rejected" time="0.001760" classname="test" file="C:\dev\insight\Epistemic-Foundry\web\src\features\intake\frame-roundtrip.test.mjs"/>
	<testcase name="frame_roundtrip_test: invalid UTF-8 is rejected before JSON parsing" time="0.000190" classname="test" file="C:\dev\insight\Epistemic-Foundry\web\src\features\intake\frame-roundtrip.test.mjs"/>
	<testcase name="frame_roundtrip_test: an Inbox frame cannot be exported" time="0.001001" classname="test" file="C:\dev\insight\Epistemic-Foundry\web\src\features\intake\frame-roundtrip.test.mjs"/>
	<testcase name="frame_roundtrip_test: a fabricated derived gate cannot be serialized" time="0.000817" classname="test" file="C:\dev\insight\Epistemic-Foundry\web\src\features\intake\frame-roundtrip.test.mjs"/>
	<testcase name="frame_roundtrip_test: unknown export envelope fields fail closed" time="0.000997" classname="test" file="C:\dev\insight\Epistemic-Foundry\web\src\features\intake\frame-roundtrip.test.mjs"/>
	<testcase name="frame_roundtrip_test: export and import leave caller-owned input untouched" time="0.001654" classname="test" file="C:\dev\insight\Epistemic-Foundry\web\src\features\intake\frame-roundtrip.test.mjs"/>
	<testcase name="frame_roundtrip_test: I02 lowercase and leap-second RFC 3339 output round-trips" time="0.001585" classname="test" file="C:\dev\insight\Epistemic-Foundry\web\src\features\intake\frame-roundtrip.test.mjs"/>
	<testcase name="frame_roundtrip_test: browser SHA-256 matches the Node oracle across padding and Unicode cases" time="0.015140" classname="test" file="C:\dev\insight\Epistemic-Foundry\web\src\features\intake\frame-roundtrip.test.mjs"/>
	<testcase name="intake_ui_test: Inbox and blockers are the first visible intake section" time="0.009904" classname="test" file="C:\dev\insight\Epistemic-Foundry\web\src\features\intake\intake-ui.test.mjs"/>
	<testcase name="intake_ui_test: a complete eligible frame exposes a truthful ready export control" time="0.000695" classname="test" file="C:\dev\insight\Epistemic-Foundry\web\src\features\intake\intake-ui.test.mjs"/>
	<testcase name="intake_ui_test: confidence and verdict are not invented anywhere in the projection" time="0.000487" classname="test" file="C:\dev\insight\Epistemic-Foundry\web\src\features\intake\intake-ui.test.mjs"/>
	<testcase name="intake_ui_test: untrusted statement and blocker text are HTML-escaped" time="0.000569" classname="test" file="C:\dev\insight\Epistemic-Foundry\web\src\features\intake\intake-ui.test.mjs"/>
	<testcase name="intake_ui_test: pending ontology approval remains a visible blocker and review item" time="0.000818" classname="test" file="C:\dev\insight\Epistemic-Foundry\web\src\features\intake\intake-ui.test.mjs"/>
	<testcase name="intake_ui_test: unresolved measurement identity blocks export" time="0.000592" classname="test" file="C:\dev\insight\Epistemic-Foundry\web\src\features\intake\intake-ui.test.mjs"/>
	<testcase name="intake_ui_test: a method boundary remains visible without being relabelled a blocker" time="0.000477" classname="test" file="C:\dev\insight\Epistemic-Foundry\web\src\features\intake\intake-ui.test.mjs"/>
	<testcase name="intake_ui_test: required consent fails closed until one active record covers the contract" time="0.000995" classname="test" file="C:\dev\insight\Epistemic-Foundry\web\src\features\intake\intake-ui.test.mjs"/>
	<testcase name="intake_ui_test: expiring consent without an evaluation time cannot be treated as valid" time="0.000776" classname="test" file="C:\dev\insight\Epistemic-Foundry\web\src\features\intake\intake-ui.test.mjs"/>
	<testcase name="intake_ui_test: assembling the UI does not mutate caller-owned authority inputs" time="0.001409" classname="test" file="C:\dev\insight\Epistemic-Foundry\web\src\features\intake\intake-ui.test.mjs"/>
	<testcase name="intake_ui_test: missing upstream blocker evidence is rejected instead of hidden" time="0.000667" classname="test" file="C:\dev\insight\Epistemic-Foundry\web\src\features\intake\intake-ui.test.mjs"/>
	<testcase name="intake_ui_test: a blocker outside the exact I02 vocabulary is rejected" time="0.000406" classname="test" file="C:\dev\insight\Epistemic-Foundry\web\src\features\intake\intake-ui.test.mjs"/>
	<testcase name="intake_ui_test: I02 blocker order remains canonical" time="0.000344" classname="test" file="C:\dev\insight\Epistemic-Foundry\web\src\features\intake\intake-ui.test.mjs"/>
	<testcase name="intake_ui_test: I03 aggregation decisions are checked in both directions" time="0.000369" classname="test" file="C:\dev\insight\Epistemic-Foundry\web\src\features\intake\intake-ui.test.mjs"/>
	<testcase name="intake_ui_test: unrestricted measurement output cannot contradict equivalence" time="0.000497" classname="test" file="C:\dev\insight\Epistemic-Foundry\web\src\features\intake\intake-ui.test.mjs"/>
	<testcase name="intake_ui_test: resolved ontology selection must name the unique complete candidate" time="0.000510" classname="test" file="C:\dev\insight\Epistemic-Foundry\web\src\features\intake\intake-ui.test.mjs"/>
	<testcase name="intake_ui_test: a normalized null scope value cannot lose its I02 sidecar" time="0.000464" classname="test" file="C:\dev\insight\Epistemic-Foundry\web\src\features\intake\intake-ui.test.mjs"/>
	<testcase name="intake_ui_test: malformed ScopeVector values fail closed" time="0.000295" classname="test" file="C:\dev\insight\Epistemic-Foundry\web\src\features\intake\intake-ui.test.mjs"/>
	<testcase name="intake_ui_test: a forged assembled frame cannot hide a derived blocker" time="0.001291" classname="test" file="C:\dev\insight\Epistemic-Foundry\web\src\features\intake\intake-ui.test.mjs"/>
	<testcase name="intake_ui_test: unknown input fields fail closed" time="0.000314" classname="test" file="C:\dev\insight\Epistemic-Foundry\web\src\features\intake\intake-ui.test.mjs"/>
	<testcase name="map_ui_test: coverage and exclusions are the first visible section" time="0.054588" classname="test" file="C:\dev\insight\Epistemic-Foundry\web\src\features\map\map-ui.test.mjs"/>
	<testcase name="map_ui_test: unresolved edges remain visible and excluded in every dimension" time="0.035486" classname="test" file="C:\dev\insight\Epistemic-Foundry\web\src\features\map\map-ui.test.mjs"/>
	<testcase name="map_ui_test: four ranking dimensions remain separate per node" time="0.035329" classname="test" file="C:\dev\insight\Epistemic-Foundry\web\src\features\map\map-ui.test.mjs"/>
	<testcase name="map_ui_test: no aggregate importance, confidence, verdict, or semantic rank is invented" time="0.036141" classname="test" file="C:\dev\insight\Epistemic-Foundry\web\src\features\map\map-ui.test.mjs"/>
	<testcase name="map_ui_test: query and semantic status retain explicit null semantics" time="0.030627" classname="test" file="C:\dev\insight\Epistemic-Foundry\web\src\features\map\map-ui.test.mjs"/>
	<testcase name="map_ui_test: algorithm name, version, artifact hash, and labels are visible" time="0.030338" classname="test" file="C:\dev\insight\Epistemic-Foundry\web\src\features\map\map-ui.test.mjs"/>
	<testcase name="map_ui_test: intrinsic risk is not inferred from blast radius" time="0.029820" classname="test" file="C:\dev\insight\Epistemic-Foundry\web\src\features\map\map-ui.test.mjs"/>
	<testcase name="map_ui_test: untrusted label, query, and unresolved hint are HTML escaped" time="0.030206" classname="test" file="C:\dev\insight\Epistemic-Foundry\web\src\features\map\map-ui.test.mjs"/>
	<testcase name="map_ui_test: rendered coverage precedes algorithm and entity sections" time="0.031063" classname="test" file="C:\dev\insight\Epistemic-Foundry\web\src\features\map\map-ui.test.mjs"/>
	<testcase name="map_ui_test: view building is deterministic, deeply frozen, and input preserving" time="0.059475" classname="test" file="C:\dev\insight\Epistemic-Foundry\web\src\features\map\map-ui.test.mjs"/>
	<testcase name="map_ui_test: tampered upstream artifacts fail closed" time="0.016630" classname="test" file="C:\dev\insight\Epistemic-Foundry\web\src\features\map\map-ui.test.mjs"/>
	<testcase name="map_ui_test: top-level proxies, accessors, and unknown fields fail without execution" time="0.007790" classname="test" file="C:\dev\insight\Epistemic-Foundry\web\src\features\map\map-ui.test.mjs"/>
	<testcase name="ranking_claim_audit: exact closed claim set passes" time="0.043807" classname="test" file="C:\dev\insight\Epistemic-Foundry\web\src\features\map\ranking-claim-audit.test.mjs"/>
	<testcase name="ranking_claim_audit: generic RANKED or importance claims have no authority" time="0.026201" classname="test" file="C:\dev\insight\Epistemic-Foundry\web\src\features\map\ranking-claim-audit.test.mjs"/>
	<testcase name="ranking_claim_audit: algorithm label cannot be changed to importance" time="0.024936" classname="test" file="C:\dev\insight\Epistemic-Foundry\web\src\features\map\ranking-claim-audit.test.mjs"/>
	<testcase name="ranking_claim_audit: algorithm name and version must match the sealed artifact" time="0.057913" classname="test" file="C:\dev\insight\Epistemic-Foundry\web\src\features\map\ranking-claim-audit.test.mjs"/>
	<testcase name="ranking_claim_audit: artifact hash tampering is rejected" time="0.026766" classname="test" file="C:\dev\insight\Epistemic-Foundry\web\src\features\map\ranking-claim-audit.test.mjs"/>
	<testcase name="ranking_claim_audit: ranking order tampering is rejected" time="0.025766" classname="test" file="C:\dev\insight\Epistemic-Foundry\web\src\features\map\ranking-claim-audit.test.mjs"/>
	<testcase name="ranking_claim_audit: unresolved-edge exclusions cannot be hidden" time="0.023515" classname="test" file="C:\dev\insight\Epistemic-Foundry\web\src\features\map\ranking-claim-audit.test.mjs"/>
	<testcase name="ranking_claim_audit: risk and blast-radius score semantics cannot be conflated" time="0.023059" classname="test" file="C:\dev\insight\Epistemic-Foundry\web\src\features\map\ranking-claim-audit.test.mjs"/>
	<testcase name="ranking_claim_audit: absent query cannot be advertised as ranked" time="0.024252" classname="test" file="C:\dev\insight\Epistemic-Foundry\web\src\features\map\ranking-claim-audit.test.mjs"/>
	<testcase name="ranking_claim_audit: missing, duplicate, and reordered claims fail closed" time="0.069590" classname="test" file="C:\dev\insight\Epistemic-Foundry\web\src\features\map\ranking-claim-audit.test.mjs"/>
	<testcase name="ranking_claim_audit: unknown fields are rejected rather than ignored" time="0.021963" classname="test" file="C:\dev\insight\Epistemic-Foundry\web\src\features\map\ranking-claim-audit.test.mjs"/>
	<testcase name="ranking_claim_audit: proxy, accessor, and sparse claim arrays fail without execution" time="0.071257" classname="test" file="C:\dev\insight\Epistemic-Foundry\web\src\features\map\ranking-claim-audit.test.mjs"/>
	<testcase name="ranking_claim_audit: upstream artifact tampering cannot be laundered by matching prose" time="0.024715" classname="test" file="C:\dev\insight\Epistemic-Foundry\web\src\features\map\ranking-claim-audit.test.mjs"/>
	<testcase name="ranking_claim_audit: claim derivation is deterministic across input permutation" time="0.063741" classname="test" file="C:\dev\insight\Epistemic-Foundry\web\src\features\map\ranking-claim-audit.test.mjs"/>
	<!-- tests 982 -->
	<!-- suites 0 -->
	<!-- pass 982 -->
	<!-- fail 0 -->
	<!-- cancelled 0 -->
	<!-- skipped 0 -->
	<!-- todo 0 -->
	<!-- duration_ms 77984.0201 -->
</testsuites>
